alert_id,alert_type,severity,risk_score,mmsi,timestamp,lat,lon,vessel_name,vessel_type,title,explanation,recommended_action,evidence,month
BKB-0001,AIS_GAP,HIGH,95,1018019516,2022-12-30T07:57:47+00:00,-9.25695833333,143.824706667,,Unknown,AIS gap of 130.7 h,"The vessel disappeared from the AIS source feed for longer than the configured threshold. This may indicate intentional disabling, poor coverage, equipment failure, or small-vessel below-threshold operation.","Review track before/after gap; cross-check RF, SAR, patrol and VMS sources. Note whether the gap area coincides with known IUU activity.",Previous point 2022-12-24T21:14:58+00:00 → current point 2022-12-30T07:57:47+00:00 (130.7 h silence).,2022-12
BKB-0002,AIS_GAP,HIGH,95,102406898,2022-12-08T10:54:53+00:00,-9.17663333333,143.634333333,,Unknown,AIS gap of 19.1 h,"The vessel disappeared from the AIS source feed for longer than the configured threshold. This may indicate intentional disabling, poor coverage, equipment failure, or small-vessel below-threshold operation.","Review track before/after gap; cross-check RF, SAR, patrol and VMS sources. Note whether the gap area coincides with known IUU activity.",Previous point 2022-12-07T15:49:56+00:00 → current point 2022-12-08T10:54:53+00:00 (19.1 h silence).,2022-12
BKB-0003,AIS_GAP,HIGH,95,102406898,2022-12-16T05:09:53+00:00,-9.1886,143.5675,,Unknown,AIS gap of 186.2 h,"The vessel disappeared from the AIS source feed for longer than the configured threshold. This may indicate intentional disabling, poor coverage, equipment failure, or small-vessel below-threshold operation.","Review track before/after gap; cross-check RF, SAR, patrol and VMS sources. Note whether the gap area coincides with known IUU activity.",Previous point 2022-12-08T10:54:53+00:00 → current point 2022-12-16T05:09:53+00:00 (186.2 h silence).,2022-12
BKB-0004,AIS_GAP,HIGH,95,1026813196,2022-12-23T03:14:42+00:00,-10.7911683333,141.238381667,,Unknown,AIS gap of 439.3 h,"The vessel disappeared from the AIS source feed for longer than the configured threshold. This may indicate intentional disabling, poor coverage, equipment failure, or small-vessel below-threshold operation.","Review track before/after gap; cross-check RF, SAR, patrol and VMS sources. Note whether the gap area coincides with known IUU activity.",Previous point 2022-12-04T19:55:23+00:00 → current point 2022-12-23T03:14:42+00:00 (439.3 h silence).,2022-12
BKB-0005,AIS_GAP,HIGH,95,10387205043,2022-12-29T14:49:53+00:00,-11.2582933333,142.967348333,,Military,AIS gap of 242.6 h,"The vessel disappeared from the AIS source feed for longer than the configured threshold. This may indicate intentional disabling, poor coverage, equipment failure, or small-vessel below-threshold operation.","Review track before/after gap; cross-check RF, SAR, patrol and VMS sources. Note whether the gap area coincides with known IUU activity.",Previous point 2022-12-19T12:14:48+00:00 → current point 2022-12-29T14:49:53+00:00 (242.6 h silence).,2022-12
BKB-0006,AIS_GAP,HIGH,95,1042896,2022-12-16T15:29:53+00:00,-11.4678833333,141.4754,,Cargo,AIS gap of 136.3 h,"The vessel disappeared from the AIS source feed for longer than the configured threshold. This may indicate intentional disabling, poor coverage, equipment failure, or small-vessel below-threshold operation.","Review track before/after gap; cross-check RF, SAR, patrol and VMS sources. Note whether the gap area coincides with known IUU activity.",Previous point 2022-12-10T23:09:51+00:00 → current point 2022-12-16T15:29:53+00:00 (136.3 h silence).,2022-12
BKB-0007,AIS_GAP,HIGH,80,10437598419,2022-12-01T10:05:30+00:00,-10.5336716667,143.115728333,,Unknown,AIS gap of 8.3 h,"The vessel disappeared from the AIS source feed for longer than the configured threshold. This may indicate intentional disabling, poor coverage, equipment failure, or small-vessel below-threshold operation.","Review track before/after gap; cross-check RF, SAR, patrol and VMS sources. Note whether the gap area coincides with known IUU activity.",Previous point 2022-12-01T01:47:59+00:00 → current point 2022-12-01T10:05:30+00:00 (8.3 h silence).,2022-12
BKB-0008,AIS_GAP,MEDIUM,66,10437598419,2022-12-03T05:45:20+00:00,-10.5904,142.246085,,Unknown,AIS gap of 6.6 h,"The vessel disappeared from the AIS source feed for longer than the configured threshold. This may indicate intentional disabling, poor coverage, equipment failure, or small-vessel below-threshold operation.","Review track before/after gap; cross-check RF, SAR, patrol and VMS sources. Note whether the gap area coincides with known IUU activity.",Previous point 2022-12-02T23:09:32+00:00 → current point 2022-12-03T05:45:20+00:00 (6.6 h silence).,2022-12
BKB-0009,AIS_GAP,HIGH,95,1077088286,2022-12-31T08:22:46+00:00,-10.66327,141.137663333,,Cargo,AIS gap of 395.2 h,"The vessel disappeared from the AIS source feed for longer than the configured threshold. This may indicate intentional disabling, poor coverage, equipment failure, or small-vessel below-threshold operation.","Review track before/after gap; cross-check RF, SAR, patrol and VMS sources. Note whether the gap area coincides with known IUU activity.",Previous point 2022-12-14T21:11:28+00:00 → current point 2022-12-31T08:22:46+00:00 (395.2 h silence).,2022-12
BKB-0010,AIS_GAP,HIGH,95,10970227654,2022-12-03T20:54:45+00:00,-9.60646166667,143.773471667,,Pleasure,AIS gap of 41.8 h,"The vessel disappeared from the AIS source feed for longer than the configured threshold. This may indicate intentional disabling, poor coverage, equipment failure, or small-vessel below-threshold operation.","Review track before/after gap; cross-check RF, SAR, patrol and VMS sources. Note whether the gap area coincides with known IUU activity.",Previous point 2022-12-02T03:04:36+00:00 → current point 2022-12-03T20:54:45+00:00 (41.8 h silence).,2022-12
BKB-0011,AIS_GAP,HIGH,95,10970227654,2022-12-05T22:39:52+00:00,-9.37506333333,143.79069,,Pleasure,AIS gap of 46.6 h,"The vessel disappeared from the AIS source feed for longer than the configured threshold. This may indicate intentional disabling, poor coverage, equipment failure, or small-vessel below-threshold operation.","Review track before/after gap; cross-check RF, SAR, patrol and VMS sources. Note whether the gap area coincides with known IUU activity.",Previous point 2022-12-04T00:05:42+00:00 → current point 2022-12-05T22:39:52+00:00 (46.6 h silence).,2022-12
BKB-0012,AIS_GAP,HIGH,86,10970227654,2022-12-06T13:45:40+00:00,-9.93128666667,143.71409,,Pleasure,AIS gap of 9.9 h,"The vessel disappeared from the AIS source feed for longer than the configured threshold. This may indicate intentional disabling, poor coverage, equipment failure, or small-vessel below-threshold operation.","Review track before/after gap; cross-check RF, SAR, patrol and VMS sources. Note whether the gap area coincides with known IUU activity.",Previous point 2022-12-06T03:51:52+00:00 → current point 2022-12-06T13:45:40+00:00 (9.9 h silence).,2022-12
BKB-0013,AIS_GAP,MEDIUM,68,10970227654,2022-12-07T00:29:02+00:00,-10.0351933333,143.534043333,,Pleasure,AIS gap of 7.7 h,"The vessel disappeared from the AIS source feed for longer than the configured threshold. This may indicate intentional disabling, poor coverage, equipment failure, or small-vessel below-threshold operation.","Review track before/after gap; cross-check RF, SAR, patrol and VMS sources. Note whether the gap area coincides with known IUU activity.",Previous point 2022-12-06T16:45:43+00:00 → current point 2022-12-07T00:29:02+00:00 (7.7 h silence).,2022-12
BKB-0014,AIS_GAP,MEDIUM,74,10970227654,2022-12-07T08:54:55+00:00,-10.1754933333,143.172206667,,Pleasure,AIS gap of 8.4 h,"The vessel disappeared from the AIS source feed for longer than the configured threshold. This may indicate intentional disabling, poor coverage, equipment failure, or small-vessel below-threshold operation.","Review track before/after gap; cross-check RF, SAR, patrol and VMS sources. Note whether the gap area coincides with known IUU activity.",Previous point 2022-12-07T00:29:02+00:00 → current point 2022-12-07T08:54:55+00:00 (8.4 h silence).,2022-12
BKB-0015,AIS_GAP,MEDIUM,66,10970227654,2022-12-08T18:55:40+00:00,-10.580005,142.233926667,,Pleasure,AIS gap of 7.4 h,"The vessel disappeared from the AIS source feed for longer than the configured threshold. This may indicate intentional disabling, poor coverage, equipment failure, or small-vessel below-threshold operation.","Review track before/after gap; cross-check RF, SAR, patrol and VMS sources. Note whether the gap area coincides with known IUU activity.",Previous point 2022-12-08T11:28:41+00:00 → current point 2022-12-08T18:55:40+00:00 (7.4 h silence).,2022-12
BKB-0016,AIS_GAP,MEDIUM,60,10970227654,2022-12-09T06:53:07+00:00,-10.5866833333,142.221741667,,Pleasure,AIS gap of 6.7 h,"The vessel disappeared from the AIS source feed for longer than the configured threshold. This may indicate intentional disabling, poor coverage, equipment failure, or small-vessel below-threshold operation.","Review track before/after gap; cross-check RF, SAR, patrol and VMS sources. Note whether the gap area coincides with known IUU activity.",Previous point 2022-12-09T00:13:40+00:00 → current point 2022-12-09T06:53:07+00:00 (6.7 h silence).,2022-12
BKB-0017,AIS_GAP,HIGH,95,10970227654,2022-12-11T20:44:36+00:00,-10.569975,142.253878333,,Pleasure,AIS gap of 61.9 h,"The vessel disappeared from the AIS source feed for longer than the configured threshold. This may indicate intentional disabling, poor coverage, equipment failure, or small-vessel below-threshold operation.","Review track before/after gap; cross-check RF, SAR, patrol and VMS sources. Note whether the gap area coincides with known IUU activity.",Previous point 2022-12-09T06:53:07+00:00 → current point 2022-12-11T20:44:36+00:00 (61.9 h silence).,2022-12
BKB-0018,AIS_GAP,HIGH,95,1125050817,2022-12-01T20:34:59+00:00,-10.5659966667,142.073153333,,Unknown,AIS gap of 18.3 h,"The vessel disappeared from the AIS source feed for longer than the configured threshold. This may indicate intentional disabling, poor coverage, equipment failure, or small-vessel below-threshold operation.","Review track before/after gap; cross-check RF, SAR, patrol and VMS sources. Note whether the gap area coincides with known IUU activity.",Previous point 2022-12-01T02:19:56+00:00 → current point 2022-12-01T20:34:59+00:00 (18.3 h silence).,2022-12
BKB-0019,AIS_GAP,MEDIUM,62,1125050817,2022-12-02T02:42:01+00:00,-10.5861783333,142.221398333,,Unknown,AIS gap of 6.1 h,"The vessel disappeared from the AIS source feed for longer than the configured threshold. This may indicate intentional disabling, poor coverage, equipment failure, or small-vessel below-threshold operation.","Review track before/after gap; cross-check RF, SAR, patrol and VMS sources. Note whether the gap area coincides with known IUU activity.",Previous point 2022-12-01T20:34:59+00:00 → current point 2022-12-02T02:42:01+00:00 (6.1 h silence).,2022-12
BKB-0020,AIS_GAP,HIGH,95,1125050817,2022-12-04T01:14:01+00:00,-10.5861683333,142.221431667,,Unknown,AIS gap of 44.4 h,"The vessel disappeared from the AIS source feed for longer than the configured threshold. This may indicate intentional disabling, poor coverage, equipment failure, or small-vessel below-threshold operation.","Review track before/after gap; cross-check RF, SAR, patrol and VMS sources. Note whether the gap area coincides with known IUU activity.",Previous point 2022-12-02T04:49:46+00:00 → current point 2022-12-04T01:14:01+00:00 (44.4 h silence).,2022-12
BKB-0021,AIS_GAP,MEDIUM,66,1125050817,2022-12-04T19:39:42+00:00,-10.5861316667,142.221445,,Unknown,AIS gap of 6.5 h,"The vessel disappeared from the AIS source feed for longer than the configured threshold. This may indicate intentional disabling, poor coverage, equipment failure, or small-vessel below-threshold operation.","Review track before/after gap; cross-check RF, SAR, patrol and VMS sources. Note whether the gap area coincides with known IUU activity.",Previous point 2022-12-04T13:09:39+00:00 → current point 2022-12-04T19:39:42+00:00 (6.5 h silence).,2022-12
BKB-0022,AIS_GAP,HIGH,95,1125050817,2022-12-05T13:09:34+00:00,-10.5861366667,142.221441667,,Unknown,AIS gap of 14.3 h,"The vessel disappeared from the AIS source feed for longer than the configured threshold. This may indicate intentional disabling, poor coverage, equipment failure, or small-vessel below-threshold operation.","Review track before/after gap; cross-check RF, SAR, patrol and VMS sources. Note whether the gap area coincides with known IUU activity.",Previous point 2022-12-04T22:49:38+00:00 → current point 2022-12-05T13:09:34+00:00 (14.3 h silence).,2022-12
BKB-0023,AIS_GAP,HIGH,95,1125050817,2022-12-06T03:08:37+00:00,-10.586195,142.221411667,,Unknown,AIS gap of 10.9 h,"The vessel disappeared from the AIS source feed for longer than the configured threshold. This may indicate intentional disabling, poor coverage, equipment failure, or small-vessel below-threshold operation.","Review track before/after gap; cross-check RF, SAR, patrol and VMS sources. Note whether the gap area coincides with known IUU activity.",Previous point 2022-12-05T16:14:58+00:00 → current point 2022-12-06T03:08:37+00:00 (10.9 h silence).,2022-12
BKB-0024,AIS_GAP,HIGH,94,1125050817,2022-12-06T15:14:35+00:00,-10.5861416667,142.221448333,,Unknown,AIS gap of 10.1 h,"The vessel disappeared from the AIS source feed for longer than the configured threshold. This may indicate intentional disabling, poor coverage, equipment failure, or small-vessel below-threshold operation.","Review track before/after gap; cross-check RF, SAR, patrol and VMS sources. Note whether the gap area coincides with known IUU activity.",Previous point 2022-12-06T05:09:33+00:00 → current point 2022-12-06T15:14:35+00:00 (10.1 h silence).,2022-12
BKB-0025,AIS_GAP,HIGH,95,1125050817,2022-12-07T15:33:57+00:00,-10.58613,142.221455,,Unknown,AIS gap of 13.7 h,"The vessel disappeared from the AIS source feed for longer than the configured threshold. This may indicate intentional disabling, poor coverage, equipment failure, or small-vessel below-threshold operation.","Review track before/after gap; cross-check RF, SAR, patrol and VMS sources. Note whether the gap area coincides with known IUU activity.",Previous point 2022-12-07T01:49:36+00:00 → current point 2022-12-07T15:33:57+00:00 (13.7 h silence).,2022-12
BKB-0026,AIS_GAP,HIGH,95,1125050817,2022-12-08T06:32:45+00:00,-10.5861683333,142.22145,,Unknown,AIS gap of 11.9 h,"The vessel disappeared from the AIS source feed for longer than the configured threshold. This may indicate intentional disabling, poor coverage, equipment failure, or small-vessel below-threshold operation.","Review track before/after gap; cross-check RF, SAR, patrol and VMS sources. Note whether the gap area coincides with known IUU activity.",Previous point 2022-12-07T18:39:53+00:00 → current point 2022-12-08T06:32:45+00:00 (11.9 h silence).,2022-12
BKB-0027,AIS_GAP,HIGH,90,1125050817,2022-12-08T19:14:20+00:00,-10.5861316667,142.221483333,,Unknown,AIS gap of 9.6 h,"The vessel disappeared from the AIS source feed for longer than the configured threshold. This may indicate intentional disabling, poor coverage, equipment failure, or small-vessel below-threshold operation.","Review track before/after gap; cross-check RF, SAR, patrol and VMS sources. Note whether the gap area coincides with known IUU activity.",Previous point 2022-12-08T09:39:33+00:00 → current point 2022-12-08T19:14:20+00:00 (9.6 h silence).,2022-12
BKB-0028,AIS_GAP,HIGH,95,1125050817,2022-12-10T00:07:49+00:00,-10.58664,142.219666667,,Unknown,AIS gap of 17.4 h,"The vessel disappeared from the AIS source feed for longer than the configured threshold. This may indicate intentional disabling, poor coverage, equipment failure, or small-vessel below-threshold operation.","Review track before/after gap; cross-check RF, SAR, patrol and VMS sources. Note whether the gap area coincides with known IUU activity.",Previous point 2022-12-09T06:44:46+00:00 → current point 2022-12-10T00:07:49+00:00 (17.4 h silence).,2022-12
BKB-0029,AIS_GAP,HIGH,95,1125050817,2022-12-10T13:09:55+00:00,-10.5925966667,142.21518,,Unknown,AIS gap of 11.0 h,"The vessel disappeared from the AIS source feed for longer than the configured threshold. This may indicate intentional disabling, poor coverage, equipment failure, or small-vessel below-threshold operation.","Review track before/after gap; cross-check RF, SAR, patrol and VMS sources. Note whether the gap area coincides with known IUU activity.",Previous point 2022-12-10T02:09:45+00:00 → current point 2022-12-10T13:09:55+00:00 (11.0 h silence).,2022-12
BKB-0030,AIS_GAP,MEDIUM,78,1125050817,2022-12-11T17:19:58+00:00,-10.590695,142.208073333,,Unknown,AIS gap of 8.1 h,"The vessel disappeared from the AIS source feed for longer than the configured threshold. This may indicate intentional disabling, poor coverage, equipment failure, or small-vessel below-threshold operation.","Review track before/after gap; cross-check RF, SAR, patrol and VMS sources. Note whether the gap area coincides with known IUU activity.",Previous point 2022-12-11T09:14:35+00:00 → current point 2022-12-11T17:19:58+00:00 (8.1 h silence).,2022-12
BKB-0031,AIS_GAP,HIGH,86,1125050817,2022-12-12T04:29:13+00:00,-10.589445,142.21864,,Unknown,AIS gap of 9.1 h,"The vessel disappeared from the AIS source feed for longer than the configured threshold. This may indicate intentional disabling, poor coverage, equipment failure, or small-vessel below-threshold operation.","Review track before/after gap; cross-check RF, SAR, patrol and VMS sources. Note whether the gap area coincides with known IUU activity.",Previous point 2022-12-11T19:24:56+00:00 → current point 2022-12-12T04:29:13+00:00 (9.1 h silence).,2022-12
BKB-0032,AIS_GAP,HIGH,95,1125050817,2022-12-12T15:42:59+00:00,-10.5912466667,142.20778,,Unknown,AIS gap of 10.2 h,"The vessel disappeared from the AIS source feed for longer than the configured threshold. This may indicate intentional disabling, poor coverage, equipment failure, or small-vessel below-threshold operation.","Review track before/after gap; cross-check RF, SAR, patrol and VMS sources. Note whether the gap area coincides with known IUU activity.",Previous point 2022-12-12T05:29:43+00:00 → current point 2022-12-12T15:42:59+00:00 (10.2 h silence).,2022-12
BKB-0033,AIS_GAP,HIGH,95,1125050817,2022-12-13T07:34:51+00:00,-10.5863,142.221185,,Unknown,AIS gap of 13.8 h,"The vessel disappeared from the AIS source feed for longer than the configured threshold. This may indicate intentional disabling, poor coverage, equipment failure, or small-vessel below-threshold operation.","Review track before/after gap; cross-check RF, SAR, patrol and VMS sources. Note whether the gap area coincides with known IUU activity.",Previous point 2022-12-12T17:49:29+00:00 → current point 2022-12-13T07:34:51+00:00 (13.8 h silence).,2022-12
BKB-0034,AIS_GAP,HIGH,95,1125050817,2022-12-13T19:08:59+00:00,-10.5917433333,142.21488,,Unknown,AIS gap of 10.5 h,"The vessel disappeared from the AIS source feed for longer than the configured threshold. This may indicate intentional disabling, poor coverage, equipment failure, or small-vessel below-threshold operation.","Review track before/after gap; cross-check RF, SAR, patrol and VMS sources. Note whether the gap area coincides with known IUU activity.",Previous point 2022-12-13T08:38:49+00:00 → current point 2022-12-13T19:08:59+00:00 (10.5 h silence).,2022-12
BKB-0035,AIS_GAP,HIGH,95,1125050817,2022-12-15T09:41:01+00:00,-10.591615,142.213233333,,Unknown,AIS gap of 37.5 h,"The vessel disappeared from the AIS source feed for longer than the configured threshold. This may indicate intentional disabling, poor coverage, equipment failure, or small-vessel below-threshold operation.","Review track before/after gap; cross-check RF, SAR, patrol and VMS sources. Note whether the gap area coincides with known IUU activity.",Previous point 2022-12-13T20:09:59+00:00 → current point 2022-12-15T09:41:01+00:00 (37.5 h silence).,2022-12
BKB-0036,AIS_GAP,HIGH,95,1125050817,2022-12-16T18:04:52+00:00,-10.59217,142.217298333,,Unknown,AIS gap of 25.8 h,"The vessel disappeared from the AIS source feed for longer than the configured threshold. This may indicate intentional disabling, poor coverage, equipment failure, or small-vessel below-threshold operation.","Review track before/after gap; cross-check RF, SAR, patrol and VMS sources. Note whether the gap area coincides with known IUU activity.",Previous point 2022-12-15T16:19:36+00:00 → current point 2022-12-16T18:04:52+00:00 (25.8 h silence).,2022-12
BKB-0037,AIS_GAP,HIGH,95,1125050817,2022-12-18T22:09:41+00:00,-10.5880716667,142.245363333,,Unknown,AIS gap of 47.3 h,"The vessel disappeared from the AIS source feed for longer than the configured threshold. This may indicate intentional disabling, poor coverage, equipment failure, or small-vessel below-threshold operation.","Review track before/after gap; cross-check RF, SAR, patrol and VMS sources. Note whether the gap area coincides with known IUU activity.",Previous point 2022-12-16T22:49:14+00:00 → current point 2022-12-18T22:09:41+00:00 (47.3 h silence).,2022-12
BKB-0038,AIS_GAP,HIGH,95,1125050817,2022-12-26T01:59:01+00:00,-10.58976,142.208271667,,Unknown,AIS gap of 171.8 h,"The vessel disappeared from the AIS source feed for longer than the configured threshold. This may indicate intentional disabling, poor coverage, equipment failure, or small-vessel below-threshold operation.","Review track before/after gap; cross-check RF, SAR, patrol and VMS sources. Note whether the gap area coincides with known IUU activity.",Previous point 2022-12-18T22:09:41+00:00 → current point 2022-12-26T01:59:01+00:00 (171.8 h silence).,2022-12
BKB-0039,AIS_GAP,HIGH,95,1125050817,2022-12-26T20:24:10+00:00,-10.5861416667,142.22146,,Unknown,AIS gap of 15.3 h,"The vessel disappeared from the AIS source feed for longer than the configured threshold. This may indicate intentional disabling, poor coverage, equipment failure, or small-vessel below-threshold operation.","Review track before/after gap; cross-check RF, SAR, patrol and VMS sources. Note whether the gap area coincides with known IUU activity.",Previous point 2022-12-26T05:04:31+00:00 → current point 2022-12-26T20:24:10+00:00 (15.3 h silence).,2022-12
BKB-0040,AIS_GAP,HIGH,95,1125050817,2022-12-27T12:04:43+00:00,-10.5874383333,142.221345,,Unknown,AIS gap of 12.6 h,"The vessel disappeared from the AIS source feed for longer than the configured threshold. This may indicate intentional disabling, poor coverage, equipment failure, or small-vessel below-threshold operation.","Review track before/after gap; cross-check RF, SAR, patrol and VMS sources. Note whether the gap area coincides with known IUU activity.",Previous point 2022-12-26T23:29:50+00:00 → current point 2022-12-27T12:04:43+00:00 (12.6 h silence).,2022-12
BKB-0041,AIS_GAP,HIGH,95,1125050817,2022-12-28T01:58:55+00:00,-10.5903183333,142.207741667,,Unknown,AIS gap of 12.9 h,"The vessel disappeared from the AIS source feed for longer than the configured threshold. This may indicate intentional disabling, poor coverage, equipment failure, or small-vessel below-threshold operation.","Review track before/after gap; cross-check RF, SAR, patrol and VMS sources. Note whether the gap area coincides with known IUU activity.",Previous point 2022-12-27T13:04:44+00:00 → current point 2022-12-28T01:58:55+00:00 (12.9 h silence).,2022-12
BKB-0042,AIS_GAP,HIGH,95,1125050817,2022-12-31T01:27:24+00:00,-10.5875933333,142.220255,,Unknown,AIS gap of 67.4 h,"The vessel disappeared from the AIS source feed for longer than the configured threshold. This may indicate intentional disabling, poor coverage, equipment failure, or small-vessel below-threshold operation.","Review track before/after gap; cross-check RF, SAR, patrol and VMS sources. Note whether the gap area coincides with known IUU activity.",Previous point 2022-12-28T06:04:56+00:00 → current point 2022-12-31T01:27:24+00:00 (67.4 h silence).,2022-12
BKB-0043,AIS_GAP,HIGH,95,11825182513,2022-12-30T20:04:49+00:00,-11.3402316667,142.996375,,Unknown,AIS gap of 262.0 h,"The vessel disappeared from the AIS source feed for longer than the configured threshold. This may indicate intentional disabling, poor coverage, equipment failure, or small-vessel below-threshold operation.","Review track before/after gap; cross-check RF, SAR, patrol and VMS sources. Note whether the gap area coincides with known IUU activity.",Previous point 2022-12-19T22:04:58+00:00 → current point 2022-12-30T20:04:49+00:00 (262.0 h silence).,2022-12
BKB-0044,AIS_GAP,HIGH,95,1234301187,2022-12-18T14:49:54+00:00,-11.3292683333,142.992953333,,Unknown,AIS gap of 272.3 h,"The vessel disappeared from the AIS source feed for longer than the configured threshold. This may indicate intentional disabling, poor coverage, equipment failure, or small-vessel below-threshold operation.","Review track before/after gap; cross-check RF, SAR, patrol and VMS sources. Note whether the gap area coincides with known IUU activity.",Previous point 2022-12-07T06:29:52+00:00 → current point 2022-12-18T14:49:54+00:00 (272.3 h silence).,2022-12
BKB-0045,AIS_GAP,HIGH,95,1234301187,2022-12-20T19:28:44+00:00,-11.3442733333,141.45078,,Unknown,AIS gap of 41.2 h,"The vessel disappeared from the AIS source feed for longer than the configured threshold. This may indicate intentional disabling, poor coverage, equipment failure, or small-vessel below-threshold operation.","Review track before/after gap; cross-check RF, SAR, patrol and VMS sources. Note whether the gap area coincides with known IUU activity.",Previous point 2022-12-19T02:17:05+00:00 → current point 2022-12-20T19:28:44+00:00 (41.2 h silence).,2022-12
BKB-0046,AIS_GAP,HIGH,95,1250455205,2022-12-21T09:59:52+00:00,-11.450405,142.983666667,,Cargo,AIS gap of 243.6 h,"The vessel disappeared from the AIS source feed for longer than the configured threshold. This may indicate intentional disabling, poor coverage, equipment failure, or small-vessel below-threshold operation.","Review track before/after gap; cross-check RF, SAR, patrol and VMS sources. Note whether the gap area coincides with known IUU activity.",Previous point 2022-12-11T06:24:50+00:00 → current point 2022-12-21T09:59:52+00:00 (243.6 h silence).,2022-12
BKB-0047,AIS_GAP,HIGH,95,129901281,2022-12-26T20:14:50+00:00,-11.4621333333,142.9827,,Unknown,AIS gap of 245.8 h,"The vessel disappeared from the AIS source feed for longer than the configured threshold. This may indicate intentional disabling, poor coverage, equipment failure, or small-vessel below-threshold operation.","Review track before/after gap; cross-check RF, SAR, patrol and VMS sources. Note whether the gap area coincides with known IUU activity.",Previous point 2022-12-16T14:24:56+00:00 → current point 2022-12-26T20:14:50+00:00 (245.8 h silence).,2022-12
BKB-0048,AIS_GAP,HIGH,95,13079483495,2022-12-01T22:09:28+00:00,-10.5837983333,142.244656667,,Unknown,AIS gap of 19.7 h,"The vessel disappeared from the AIS source feed for longer than the configured threshold. This may indicate intentional disabling, poor coverage, equipment failure, or small-vessel below-threshold operation.","Review track before/after gap; cross-check RF, SAR, patrol and VMS sources. Note whether the gap area coincides with known IUU activity.",Previous point 2022-12-01T02:24:57+00:00 → current point 2022-12-01T22:09:28+00:00 (19.7 h silence).,2022-12
BKB-0049,AIS_GAP,HIGH,95,13079483495,2022-12-07T04:52:58+00:00,-10.5922983333,142.248216667,,Unknown,AIS gap of 125.4 h,"The vessel disappeared from the AIS source feed for longer than the configured threshold. This may indicate intentional disabling, poor coverage, equipment failure, or small-vessel below-threshold operation.","Review track before/after gap; cross-check RF, SAR, patrol and VMS sources. Note whether the gap area coincides with known IUU activity.",Previous point 2022-12-01T23:28:51+00:00 → current point 2022-12-07T04:52:58+00:00 (125.4 h silence).,2022-12
BKB-0050,AIS_GAP,HIGH,95,13079483495,2022-12-08T00:44:48+00:00,-10.58608,142.221721667,,Unknown,AIS gap of 17.8 h,"The vessel disappeared from the AIS source feed for longer than the configured threshold. This may indicate intentional disabling, poor coverage, equipment failure, or small-vessel below-threshold operation.","Review track before/after gap; cross-check RF, SAR, patrol and VMS sources. Note whether the gap area coincides with known IUU activity.",Previous point 2022-12-07T06:54:59+00:00 → current point 2022-12-08T00:44:48+00:00 (17.8 h silence).,2022-12
BKB-0051,AIS_GAP,HIGH,95,13079483495,2022-12-08T21:49:57+00:00,-10.5860733333,142.22173,,Unknown,AIS gap of 17.9 h,"The vessel disappeared from the AIS source feed for longer than the configured threshold. This may indicate intentional disabling, poor coverage, equipment failure, or small-vessel below-threshold operation.","Review track before/after gap; cross-check RF, SAR, patrol and VMS sources. Note whether the gap area coincides with known IUU activity.",Previous point 2022-12-08T03:53:01+00:00 → current point 2022-12-08T21:49:57+00:00 (17.9 h silence).,2022-12
BKB-0052,AIS_GAP,HIGH,85,13079483495,2022-12-09T06:47:36+00:00,-10.5860966667,142.22173,,Unknown,AIS gap of 9.0 h,"The vessel disappeared from the AIS source feed for longer than the configured threshold. This may indicate intentional disabling, poor coverage, equipment failure, or small-vessel below-threshold operation.","Review track before/after gap; cross-check RF, SAR, patrol and VMS sources. Note whether the gap area coincides with known IUU activity.",Previous point 2022-12-08T21:49:57+00:00 → current point 2022-12-09T06:47:36+00:00 (9.0 h silence).,2022-12
BKB-0053,AIS_GAP,HIGH,95,13079483495,2022-12-09T22:36:58+00:00,-10.586135,142.221696667,,Unknown,AIS gap of 15.8 h,"The vessel disappeared from the AIS source feed for longer than the configured threshold. This may indicate intentional disabling, poor coverage, equipment failure, or small-vessel below-threshold operation.","Review track before/after gap; cross-check RF, SAR, patrol and VMS sources. Note whether the gap area coincides with known IUU activity.",Previous point 2022-12-09T06:47:36+00:00 → current point 2022-12-09T22:36:58+00:00 (15.8 h silence).,2022-12
BKB-0054,AIS_GAP,HIGH,95,13079483495,2022-12-11T23:03:23+00:00,-10.5866666667,142.221666667,,Unknown,AIS gap of 39.4 h,"The vessel disappeared from the AIS source feed for longer than the configured threshold. This may indicate intentional disabling, poor coverage, equipment failure, or small-vessel below-threshold operation.","Review track before/after gap; cross-check RF, SAR, patrol and VMS sources. Note whether the gap area coincides with known IUU activity.",Previous point 2022-12-10T07:39:56+00:00 → current point 2022-12-11T23:03:23+00:00 (39.4 h silence).,2022-12
BKB-0055,AIS_GAP,HIGH,95,13079483495,2022-12-13T05:24:37+00:00,-10.5862616667,142.221886667,,Unknown,AIS gap of 25.2 h,"The vessel disappeared from the AIS source feed for longer than the configured threshold. This may indicate intentional disabling, poor coverage, equipment failure, or small-vessel below-threshold operation.","Review track before/after gap; cross-check RF, SAR, patrol and VMS sources. Note whether the gap area coincides with known IUU activity.",Previous point 2022-12-12T04:13:37+00:00 → current point 2022-12-13T05:24:37+00:00 (25.2 h silence).,2022-12
BKB-0056,AIS_GAP,HIGH,95,13079483495,2022-12-13T21:34:48+00:00,-10.5860666667,142.221713333,,Unknown,AIS gap of 16.2 h,"The vessel disappeared from the AIS source feed for longer than the configured threshold. This may indicate intentional disabling, poor coverage, equipment failure, or small-vessel below-threshold operation.","Review track before/after gap; cross-check RF, SAR, patrol and VMS sources. Note whether the gap area coincides with known IUU activity.",Previous point 2022-12-13T05:24:37+00:00 → current point 2022-12-13T21:34:48+00:00 (16.2 h silence).,2022-12
BKB-0057,AIS_GAP,HIGH,95,13079483495,2022-12-15T01:23:51+00:00,-10.5861533333,142.221728333,,Unknown,AIS gap of 27.8 h,"The vessel disappeared from the AIS source feed for longer than the configured threshold. This may indicate intentional disabling, poor coverage, equipment failure, or small-vessel below-threshold operation.","Review track before/after gap; cross-check RF, SAR, patrol and VMS sources. Note whether the gap area coincides with known IUU activity.",Previous point 2022-12-13T21:34:48+00:00 → current point 2022-12-15T01:23:51+00:00 (27.8 h silence).,2022-12
BKB-0058,AIS_GAP,HIGH,95,13079483495,2022-12-16T08:19:54+00:00,-10.5598216667,142.276678333,,Unknown,AIS gap of 30.9 h,"The vessel disappeared from the AIS source feed for longer than the configured threshold. This may indicate intentional disabling, poor coverage, equipment failure, or small-vessel below-threshold operation.","Review track before/after gap; cross-check RF, SAR, patrol and VMS sources. Note whether the gap area coincides with known IUU activity.",Previous point 2022-12-15T01:23:51+00:00 → current point 2022-12-16T08:19:54+00:00 (30.9 h silence).,2022-12
BKB-0059,AIS_GAP,HIGH,95,13079483495,2022-12-17T01:49:57+00:00,-10.5893883333,142.232588333,,Unknown,AIS gap of 15.3 h,"The vessel disappeared from the AIS source feed for longer than the configured threshold. This may indicate intentional disabling, poor coverage, equipment failure, or small-vessel below-threshold operation.","Review track before/after gap; cross-check RF, SAR, patrol and VMS sources. Note whether the gap area coincides with known IUU activity.",Previous point 2022-12-16T10:34:55+00:00 → current point 2022-12-17T01:49:57+00:00 (15.3 h silence).,2022-12
BKB-0060,AIS_GAP,HIGH,95,13079483495,2022-12-18T21:29:54+00:00,-10.5860716667,142.221711667,,Unknown,AIS gap of 41.8 h,"The vessel disappeared from the AIS source feed for longer than the configured threshold. This may indicate intentional disabling, poor coverage, equipment failure, or small-vessel below-threshold operation.","Review track before/after gap; cross-check RF, SAR, patrol and VMS sources. Note whether the gap area coincides with known IUU activity.",Previous point 2022-12-17T03:39:58+00:00 → current point 2022-12-18T21:29:54+00:00 (41.8 h silence).,2022-12
BKB-0061,AIS_GAP,HIGH,91,13079483495,2022-12-19T07:14:53+00:00,-10.59002,142.246183333,,Unknown,AIS gap of 9.7 h,"The vessel disappeared from the AIS source feed for longer than the configured threshold. This may indicate intentional disabling, poor coverage, equipment failure, or small-vessel below-threshold operation.","Review track before/after gap; cross-check RF, SAR, patrol and VMS sources. Note whether the gap area coincides with known IUU activity.",Previous point 2022-12-18T21:29:54+00:00 → current point 2022-12-19T07:14:53+00:00 (9.7 h silence).,2022-12
BKB-0062,AIS_GAP,HIGH,95,13079483495,2022-12-19T22:04:39+00:00,-10.58609,142.221723333,,Unknown,AIS gap of 14.8 h,"The vessel disappeared from the AIS source feed for longer than the configured threshold. This may indicate intentional disabling, poor coverage, equipment failure, or small-vessel below-threshold operation.","Review track before/after gap; cross-check RF, SAR, patrol and VMS sources. Note whether the gap area coincides with known IUU activity.",Previous point 2022-12-19T07:14:53+00:00 → current point 2022-12-19T22:04:39+00:00 (14.8 h silence).,2022-12
BKB-0063,AIS_GAP,HIGH,95,13079483495,2022-12-20T23:29:59+00:00,-10.586075,142.221728333,,Unknown,AIS gap of 24.4 h,"The vessel disappeared from the AIS source feed for longer than the configured threshold. This may indicate intentional disabling, poor coverage, equipment failure, or small-vessel below-threshold operation.","Review track before/after gap; cross-check RF, SAR, patrol and VMS sources. Note whether the gap area coincides with known IUU activity.",Previous point 2022-12-19T23:04:51+00:00 → current point 2022-12-20T23:29:59+00:00 (24.4 h silence).,2022-12
BKB-0064,AIS_GAP,HIGH,95,13079483495,2022-12-27T01:09:53+00:00,-10.5864383333,142.246618333,,Unknown,AIS gap of 145.7 h,"The vessel disappeared from the AIS source feed for longer than the configured threshold. This may indicate intentional disabling, poor coverage, equipment failure, or small-vessel below-threshold operation.","Review track before/after gap; cross-check RF, SAR, patrol and VMS sources. Note whether the gap area coincides with known IUU activity.",Previous point 2022-12-20T23:29:59+00:00 → current point 2022-12-27T01:09:53+00:00 (145.7 h silence).,2022-12
BKB-0065,AIS_GAP,HIGH,95,13079483495,2022-12-27T20:39:59+00:00,-10.5860966667,142.22169,,Unknown,AIS gap of 19.5 h,"The vessel disappeared from the AIS source feed for longer than the configured threshold. This may indicate intentional disabling, poor coverage, equipment failure, or small-vessel below-threshold operation.","Review track before/after gap; cross-check RF, SAR, patrol and VMS sources. Note whether the gap area coincides with known IUU activity.",Previous point 2022-12-27T01:09:53+00:00 → current point 2022-12-27T20:39:59+00:00 (19.5 h silence).,2022-12
BKB-0066,AIS_GAP,MEDIUM,78,13079483495,2022-12-28T05:44:58+00:00,-10.4613833333,142.397228333,,Unknown,AIS gap of 8.0 h,"The vessel disappeared from the AIS source feed for longer than the configured threshold. This may indicate intentional disabling, poor coverage, equipment failure, or small-vessel below-threshold operation.","Review track before/after gap; cross-check RF, SAR, patrol and VMS sources. Note whether the gap area coincides with known IUU activity.",Previous point 2022-12-27T21:44:57+00:00 → current point 2022-12-28T05:44:58+00:00 (8.0 h silence).,2022-12
BKB-0067,AIS_GAP,HIGH,95,13079483495,2022-12-29T00:12:10+00:00,-10.5860983333,142.221728333,,Unknown,AIS gap of 18.5 h,"The vessel disappeared from the AIS source feed for longer than the configured threshold. This may indicate intentional disabling, poor coverage, equipment failure, or small-vessel below-threshold operation.","Review track before/after gap; cross-check RF, SAR, patrol and VMS sources. Note whether the gap area coincides with known IUU activity.",Previous point 2022-12-28T05:44:58+00:00 → current point 2022-12-29T00:12:10+00:00 (18.5 h silence).,2022-12
BKB-0068,AIS_GAP,HIGH,95,13079483495,2022-12-29T20:29:57+00:00,-10.5860683333,142.221691667,,Unknown,AIS gap of 19.3 h,"The vessel disappeared from the AIS source feed for longer than the configured threshold. This may indicate intentional disabling, poor coverage, equipment failure, or small-vessel below-threshold operation.","Review track before/after gap; cross-check RF, SAR, patrol and VMS sources. Note whether the gap area coincides with known IUU activity.",Previous point 2022-12-29T01:14:52+00:00 → current point 2022-12-29T20:29:57+00:00 (19.3 h silence).,2022-12
BKB-0069,AIS_GAP,MEDIUM,78,13079483495,2022-12-30T04:34:58+00:00,-10.2799,142.642046667,,Unknown,AIS gap of 8.1 h,"The vessel disappeared from the AIS source feed for longer than the configured threshold. This may indicate intentional disabling, poor coverage, equipment failure, or small-vessel below-threshold operation.","Review track before/after gap; cross-check RF, SAR, patrol and VMS sources. Note whether the gap area coincides with known IUU activity.",Previous point 2022-12-29T20:29:57+00:00 → current point 2022-12-30T04:34:58+00:00 (8.1 h silence).,2022-12
BKB-0070,AIS_GAP,HIGH,95,13117845792,2022-12-22T21:04:56+00:00,-10.79114,141.037588333,,Tanker,AIS gap of 522.8 h,"The vessel disappeared from the AIS source feed for longer than the configured threshold. This may indicate intentional disabling, poor coverage, equipment failure, or small-vessel below-threshold operation.","Review track before/after gap; cross-check RF, SAR, patrol and VMS sources. Note whether the gap area coincides with known IUU activity.",Previous point 2022-12-01T02:17:31+00:00 → current point 2022-12-22T21:04:56+00:00 (522.8 h silence).,2022-12
BKB-0071,AIS_GAP,HIGH,95,13329279107,2022-12-20T22:25:00+00:00,-10.204447,142.825462,,Unknown,AIS gap of 10.8 h,"The vessel disappeared from the AIS source feed for longer than the configured threshold. This may indicate intentional disabling, poor coverage, equipment failure, or small-vessel below-threshold operation.","Review track before/after gap; cross-check RF, SAR, patrol and VMS sources. Note whether the gap area coincides with known IUU activity.",Previous point 2022-12-20T11:35:42+00:00 → current point 2022-12-20T22:25:00+00:00 (10.8 h silence).,2022-12
BKB-0072,AIS_GAP,HIGH,95,13329279107,2022-12-26T03:51:23+00:00,-9.614517,143.297967,,Unknown,AIS gap of 122.8 h,"The vessel disappeared from the AIS source feed for longer than the configured threshold. This may indicate intentional disabling, poor coverage, equipment failure, or small-vessel below-threshold operation.","Review track before/after gap; cross-check RF, SAR, patrol and VMS sources. Note whether the gap area coincides with known IUU activity.",Previous point 2022-12-21T01:02:41+00:00 → current point 2022-12-26T03:51:23+00:00 (122.8 h silence).,2022-12
BKB-0073,AIS_GAP,HIGH,95,13524109938,2022-12-06T23:19:50+00:00,-11.3420516667,142.998515,,Unknown,AIS gap of 100.1 h,"The vessel disappeared from the AIS source feed for longer than the configured threshold. This may indicate intentional disabling, poor coverage, equipment failure, or small-vessel below-threshold operation.","Review track before/after gap; cross-check RF, SAR, patrol and VMS sources. Note whether the gap area coincides with known IUU activity.",Previous point 2022-12-02T19:14:52+00:00 → current point 2022-12-06T23:19:50+00:00 (100.1 h silence).,2022-12
BKB-0074,AIS_GAP,HIGH,95,1357382534,2022-12-02T22:59:49+00:00,-10.5842516667,142.227313333,,Unknown,AIS gap of 24.7 h,"The vessel disappeared from the AIS source feed for longer than the configured threshold. This may indicate intentional disabling, poor coverage, equipment failure, or small-vessel below-threshold operation.","Review track before/after gap; cross-check RF, SAR, patrol and VMS sources. Note whether the gap area coincides with known IUU activity.",Previous point 2022-12-01T22:19:58+00:00 → current point 2022-12-02T22:59:49+00:00 (24.7 h silence).,2022-12
BKB-0075,AIS_GAP,HIGH,95,14144752154,2022-12-13T22:19:52+00:00,-11.4136183333,142.989605,,Cargo,AIS gap of 97.1 h,"The vessel disappeared from the AIS source feed for longer than the configured threshold. This may indicate intentional disabling, poor coverage, equipment failure, or small-vessel below-threshold operation.","Review track before/after gap; cross-check RF, SAR, patrol and VMS sources. Note whether the gap area coincides with known IUU activity.",Previous point 2022-12-09T21:14:57+00:00 → current point 2022-12-13T22:19:52+00:00 (97.1 h silence).,2022-12
BKB-0076,AIS_GAP,HIGH,95,15119600066,2022-12-29T02:59:52+00:00,-11.4696666667,142.981483333,,Unknown,AIS gap of 307.5 h,"The vessel disappeared from the AIS source feed for longer than the configured threshold. This may indicate intentional disabling, poor coverage, equipment failure, or small-vessel below-threshold operation.","Review track before/after gap; cross-check RF, SAR, patrol and VMS sources. Note whether the gap area coincides with known IUU activity.",Previous point 2022-12-16T07:29:51+00:00 → current point 2022-12-29T02:59:52+00:00 (307.5 h silence).,2022-12
BKB-0077,AIS_GAP,HIGH,95,1529738735,2022-12-17T17:09:56+00:00,-9.21794,143.986128333,,Cargo,AIS gap of 203.7 h,"The vessel disappeared from the AIS source feed for longer than the configured threshold. This may indicate intentional disabling, poor coverage, equipment failure, or small-vessel below-threshold operation.","Review track before/after gap; cross-check RF, SAR, patrol and VMS sources. Note whether the gap area coincides with known IUU activity.",Previous point 2022-12-09T05:29:52+00:00 → current point 2022-12-17T17:09:56+00:00 (203.7 h silence).,2022-12
BKB-0078,AIS_GAP,HIGH,95,15952,2022-12-11T01:09:56+00:00,-11.3522066667,142.90963,,Cargo,AIS gap of 125.2 h,"The vessel disappeared from the AIS source feed for longer than the configured threshold. This may indicate intentional disabling, poor coverage, equipment failure, or small-vessel below-threshold operation.","Review track before/after gap; cross-check RF, SAR, patrol and VMS sources. Note whether the gap area coincides with known IUU activity.",Previous point 2022-12-05T19:59:58+00:00 → current point 2022-12-11T01:09:56+00:00 (125.2 h silence).,2022-12
BKB-0079,AIS_GAP,MEDIUM,68,15952,2022-12-12T05:28:27+00:00,-10.8429616667,142.36662,,Cargo,AIS gap of 7.6 h,"The vessel disappeared from the AIS source feed for longer than the configured threshold. This may indicate intentional disabling, poor coverage, equipment failure, or small-vessel below-threshold operation.","Review track before/after gap; cross-check RF, SAR, patrol and VMS sources. Note whether the gap area coincides with known IUU activity.",Previous point 2022-12-11T21:49:55+00:00 → current point 2022-12-12T05:28:27+00:00 (7.6 h silence).,2022-12
BKB-0080,AIS_GAP,HIGH,95,15952,2022-12-18T01:29:49+00:00,-11.4985233333,142.943988333,,Cargo,AIS gap of 125.5 h,"The vessel disappeared from the AIS source feed for longer than the configured threshold. This may indicate intentional disabling, poor coverage, equipment failure, or small-vessel below-threshold operation.","Review track before/after gap; cross-check RF, SAR, patrol and VMS sources. Note whether the gap area coincides with known IUU activity.",Previous point 2022-12-12T19:59:52+00:00 → current point 2022-12-18T01:29:49+00:00 (125.5 h silence).,2022-12
BKB-0081,AIS_GAP,MEDIUM,70,15952,2022-12-19T06:14:34+00:00,-10.84633,142.365536667,,Cargo,AIS gap of 7.9 h,"The vessel disappeared from the AIS source feed for longer than the configured threshold. This may indicate intentional disabling, poor coverage, equipment failure, or small-vessel below-threshold operation.","Review track before/after gap; cross-check RF, SAR, patrol and VMS sources. Note whether the gap area coincides with known IUU activity.",Previous point 2022-12-18T22:18:03+00:00 → current point 2022-12-19T06:14:34+00:00 (7.9 h silence).,2022-12
BKB-0082,AIS_GAP,HIGH,95,15952,2022-12-24T23:54:57+00:00,-11.37733,142.91117,,Cargo,AIS gap of 111.8 h,"The vessel disappeared from the AIS source feed for longer than the configured threshold. This may indicate intentional disabling, poor coverage, equipment failure, or small-vessel below-threshold operation.","Review track before/after gap; cross-check RF, SAR, patrol and VMS sources. Note whether the gap area coincides with known IUU activity.",Previous point 2022-12-20T08:09:53+00:00 → current point 2022-12-24T23:54:57+00:00 (111.8 h silence).,2022-12
BKB-0083,AIS_GAP,HIGH,95,15952,2022-12-31T20:24:55+00:00,-11.4029983333,142.911798333,,Cargo,AIS gap of 109.0 h,"The vessel disappeared from the AIS source feed for longer than the configured threshold. This may indicate intentional disabling, poor coverage, equipment failure, or small-vessel below-threshold operation.","Review track before/after gap; cross-check RF, SAR, patrol and VMS sources. Note whether the gap area coincides with known IUU activity.",Previous point 2022-12-27T07:24:57+00:00 → current point 2022-12-31T20:24:55+00:00 (109.0 h silence).,2022-12
BKB-0084,AIS_GAP,HIGH,95,16755781480,2022-12-23T16:54:54+00:00,-11.4904783333,142.979988333,,Unknown,AIS gap of 139.2 h,"The vessel disappeared from the AIS source feed for longer than the configured threshold. This may indicate intentional disabling, poor coverage, equipment failure, or small-vessel below-threshold operation.","Review track before/after gap; cross-check RF, SAR, patrol and VMS sources. Note whether the gap area coincides with known IUU activity.",Previous point 2022-12-17T21:44:50+00:00 → current point 2022-12-23T16:54:54+00:00 (139.2 h silence).,2022-12
BKB-0085,AIS_GAP,HIGH,95,1682197022,2022-12-31T08:29:58+00:00,-9.19665833333,143.520233333,,Unknown,AIS gap of 201.2 h,"The vessel disappeared from the AIS source feed for longer than the configured threshold. This may indicate intentional disabling, poor coverage, equipment failure, or small-vessel below-threshold operation.","Review track before/after gap; cross-check RF, SAR, patrol and VMS sources. Note whether the gap area coincides with known IUU activity.",Previous point 2022-12-22T23:19:58+00:00 → current point 2022-12-31T08:29:58+00:00 (201.2 h silence).,2022-12
BKB-0086,AIS_GAP,HIGH,95,17975949069,2022-12-01T23:29:35+00:00,-10.1948066667,142.338036667,,Fishing,AIS gap of 16.7 h,"The vessel disappeared from the AIS source feed for longer than the configured threshold. This may indicate intentional disabling, poor coverage, equipment failure, or small-vessel below-threshold operation.","Review track before/after gap; cross-check RF, SAR, patrol and VMS sources. Note whether the gap area coincides with known IUU activity.",Previous point 2022-12-01T06:47:07+00:00 → current point 2022-12-01T23:29:35+00:00 (16.7 h silence).,2022-12
BKB-0087,AIS_GAP,HIGH,95,17975949069,2022-12-03T08:27:07+00:00,-10.5947966667,142.240821667,,Fishing,AIS gap of 20.1 h,"The vessel disappeared from the AIS source feed for longer than the configured threshold. This may indicate intentional disabling, poor coverage, equipment failure, or small-vessel below-threshold operation.","Review track before/after gap; cross-check RF, SAR, patrol and VMS sources. Note whether the gap area coincides with known IUU activity.",Previous point 2022-12-02T12:21:05+00:00 → current point 2022-12-03T08:27:07+00:00 (20.1 h silence).,2022-12
BKB-0088,AIS_GAP,HIGH,95,17975949069,2022-12-03T23:12:08+00:00,-10.595075,142.24062,,Fishing,AIS gap of 14.8 h,"The vessel disappeared from the AIS source feed for longer than the configured threshold. This may indicate intentional disabling, poor coverage, equipment failure, or small-vessel below-threshold operation.","Review track before/after gap; cross-check RF, SAR, patrol and VMS sources. Note whether the gap area coincides with known IUU activity.",Previous point 2022-12-03T08:27:07+00:00 → current point 2022-12-03T23:12:08+00:00 (14.8 h silence).,2022-12
BKB-0089,AIS_GAP,HIGH,95,17975949069,2022-12-25T19:39:43+00:00,-10.581915,142.241661667,,Fishing,AIS gap of 10.5 h,"The vessel disappeared from the AIS source feed for longer than the configured threshold. This may indicate intentional disabling, poor coverage, equipment failure, or small-vessel below-threshold operation.","Review track before/after gap; cross-check RF, SAR, patrol and VMS sources. Note whether the gap area coincides with known IUU activity.",Previous point 2022-12-25T09:06:59+00:00 → current point 2022-12-25T19:39:43+00:00 (10.5 h silence).,2022-12
BKB-0090,AIS_GAP,HIGH,95,17975949069,2022-12-29T09:32:07+00:00,-10.5839433333,142.2297,,Fishing,AIS gap of 72.5 h,"The vessel disappeared from the AIS source feed for longer than the configured threshold. This may indicate intentional disabling, poor coverage, equipment failure, or small-vessel below-threshold operation.","Review track before/after gap; cross-check RF, SAR, patrol and VMS sources. Note whether the gap area coincides with known IUU activity.",Previous point 2022-12-26T09:04:42+00:00 → current point 2022-12-29T09:32:07+00:00 (72.5 h silence).,2022-12
BKB-0091,AIS_GAP,HIGH,95,17975949069,2022-12-31T10:27:08+00:00,-10.5842583333,142.229506667,,Fishing,AIS gap of 48.9 h,"The vessel disappeared from the AIS source feed for longer than the configured threshold. This may indicate intentional disabling, poor coverage, equipment failure, or small-vessel below-threshold operation.","Review track before/after gap; cross-check RF, SAR, patrol and VMS sources. Note whether the gap area coincides with known IUU activity.",Previous point 2022-12-29T09:32:07+00:00 → current point 2022-12-31T10:27:08+00:00 (48.9 h silence).,2022-12
BKB-0092,AIS_GAP,HIGH,95,182058228,2022-12-27T11:44:06+00:00,-11.4051,141.00775,,Unknown,AIS gap of 492.4 h,"The vessel disappeared from the AIS source feed for longer than the configured threshold. This may indicate intentional disabling, poor coverage, equipment failure, or small-vessel below-threshold operation.","Review track before/after gap; cross-check RF, SAR, patrol and VMS sources. Note whether the gap area coincides with known IUU activity.",Previous point 2022-12-06T23:19:52+00:00 → current point 2022-12-27T11:44:06+00:00 (492.4 h silence).,2022-12
BKB-0093,AIS_GAP,HIGH,95,18271610591,2022-12-12T14:04:53+00:00,-11.4009066667,142.993301667,,Unknown,AIS gap of 248.1 h,"The vessel disappeared from the AIS source feed for longer than the configured threshold. This may indicate intentional disabling, poor coverage, equipment failure, or small-vessel below-threshold operation.","Review track before/after gap; cross-check RF, SAR, patrol and VMS sources. Note whether the gap area coincides with known IUU activity.",Previous point 2022-12-02T06:01:52+00:00 → current point 2022-12-12T14:04:53+00:00 (248.1 h silence).,2022-12
BKB-0094,AIS_GAP,HIGH,95,18881823249,2022-12-17T11:21:46+00:00,-9.89998666667,141.082046667,,Unknown,AIS gap of 25.7 h,"The vessel disappeared from the AIS source feed for longer than the configured threshold. This may indicate intentional disabling, poor coverage, equipment failure, or small-vessel below-threshold operation.","Review track before/after gap; cross-check RF, SAR, patrol and VMS sources. Note whether the gap area coincides with known IUU activity.",Previous point 2022-12-16T09:37:59+00:00 → current point 2022-12-17T11:21:46+00:00 (25.7 h silence).,2022-12
BKB-0095,AIS_GAP,HIGH,95,18881823249,2022-12-17T23:35:05+00:00,-9.78400666667,141.046701667,,Unknown,AIS gap of 12.2 h,"The vessel disappeared from the AIS source feed for longer than the configured threshold. This may indicate intentional disabling, poor coverage, equipment failure, or small-vessel below-threshold operation.","Review track before/after gap; cross-check RF, SAR, patrol and VMS sources. Note whether the gap area coincides with known IUU activity.",Previous point 2022-12-17T11:21:46+00:00 → current point 2022-12-17T23:35:05+00:00 (12.2 h silence).,2022-12
BKB-0096,AIS_GAP,HIGH,95,18881823249,2022-12-18T09:52:41+00:00,-9.93883166667,141.049853333,,Unknown,AIS gap of 10.3 h,"The vessel disappeared from the AIS source feed for longer than the configured threshold. This may indicate intentional disabling, poor coverage, equipment failure, or small-vessel below-threshold operation.","Review track before/after gap; cross-check RF, SAR, patrol and VMS sources. Note whether the gap area coincides with known IUU activity.",Previous point 2022-12-17T23:35:05+00:00 → current point 2022-12-18T09:52:41+00:00 (10.3 h silence).,2022-12
BKB-0097,AIS_GAP,HIGH,95,18954315804,2022-12-27T11:34:46+00:00,-11.411065,142.989565,,Cargo,AIS gap of 437.0 h,"The vessel disappeared from the AIS source feed for longer than the configured threshold. This may indicate intentional disabling, poor coverage, equipment failure, or small-vessel below-threshold operation.","Review track before/after gap; cross-check RF, SAR, patrol and VMS sources. Note whether the gap area coincides with known IUU activity.",Previous point 2022-12-09T06:34:55+00:00 → current point 2022-12-27T11:34:46+00:00 (437.0 h silence).,2022-12
BKB-0098,AIS_GAP,HIGH,95,18957593309,2022-12-26T09:15:58+00:00,-9.697795,141.087651667,,Unknown,AIS gap of 127.2 h,"The vessel disappeared from the AIS source feed for longer than the configured threshold. This may indicate intentional disabling, poor coverage, equipment failure, or small-vessel below-threshold operation.","Review track before/after gap; cross-check RF, SAR, patrol and VMS sources. Note whether the gap area coincides with known IUU activity.",Previous point 2022-12-21T02:03:06+00:00 → current point 2022-12-26T09:15:58+00:00 (127.2 h silence).,2022-12
BKB-0099,AIS_GAP,HIGH,95,18984277232,2022-12-22T05:56:38+00:00,-9.68529833333,141.094363333,,Unknown,AIS gap of 102.4 h,"The vessel disappeared from the AIS source feed for longer than the configured threshold. This may indicate intentional disabling, poor coverage, equipment failure, or small-vessel below-threshold operation.","Review track before/after gap; cross-check RF, SAR, patrol and VMS sources. Note whether the gap area coincides with known IUU activity.",Previous point 2022-12-17T23:30:28+00:00 → current point 2022-12-22T05:56:38+00:00 (102.4 h silence).,2022-12
BKB-0100,AIS_GAP,HIGH,95,18984277232,2022-12-23T06:09:58+00:00,-9.69395333333,141.122026667,,Unknown,AIS gap of 24.2 h,"The vessel disappeared from the AIS source feed for longer than the configured threshold. This may indicate intentional disabling, poor coverage, equipment failure, or small-vessel below-threshold operation.","Review track before/after gap; cross-check RF, SAR, patrol and VMS sources. Note whether the gap area coincides with known IUU activity.",Previous point 2022-12-22T05:56:38+00:00 → current point 2022-12-23T06:09:58+00:00 (24.2 h silence).,2022-12
BKB-0101,AIS_GAP,HIGH,95,19246867620,2022-12-07T21:44:53+00:00,-10.5698083333,142.220801667,,Other,AIS gap of 89.1 h,"The vessel disappeared from the AIS source feed for longer than the configured threshold. This may indicate intentional disabling, poor coverage, equipment failure, or small-vessel below-threshold operation.","Review track before/after gap; cross-check RF, SAR, patrol and VMS sources. Note whether the gap area coincides with known IUU activity.",Previous point 2022-12-04T04:38:53+00:00 → current point 2022-12-07T21:44:53+00:00 (89.1 h silence).,2022-12
BKB-0102,AIS_GAP,HIGH,95,19246867620,2022-12-13T00:38:10+00:00,-10.56548,142.10111,,Other,AIS gap of 118.8 h,"The vessel disappeared from the AIS source feed for longer than the configured threshold. This may indicate intentional disabling, poor coverage, equipment failure, or small-vessel below-threshold operation.","Review track before/after gap; cross-check RF, SAR, patrol and VMS sources. Note whether the gap area coincides with known IUU activity.",Previous point 2022-12-08T01:48:30+00:00 → current point 2022-12-13T00:38:10+00:00 (118.8 h silence).,2022-12
BKB-0103,AIS_GAP,HIGH,95,19246867620,2022-12-19T23:14:54+00:00,-10.5686733333,142.220083333,,Other,AIS gap of 162.5 h,"The vessel disappeared from the AIS source feed for longer than the configured threshold. This may indicate intentional disabling, poor coverage, equipment failure, or small-vessel below-threshold operation.","Review track before/after gap; cross-check RF, SAR, patrol and VMS sources. Note whether the gap area coincides with known IUU activity.",Previous point 2022-12-13T04:44:47+00:00 → current point 2022-12-19T23:14:54+00:00 (162.5 h silence).,2022-12
BKB-0104,AIS_GAP,HIGH,95,19246867620,2022-12-20T22:59:41+00:00,-10.5620633333,142.245781667,,Other,AIS gap of 19.4 h,"The vessel disappeared from the AIS source feed for longer than the configured threshold. This may indicate intentional disabling, poor coverage, equipment failure, or small-vessel below-threshold operation.","Review track before/after gap; cross-check RF, SAR, patrol and VMS sources. Note whether the gap area coincides with known IUU activity.",Previous point 2022-12-20T03:34:40+00:00 → current point 2022-12-20T22:59:41+00:00 (19.4 h silence).,2022-12
BKB-0105,AIS_GAP,HIGH,95,19246867620,2022-12-21T23:23:43+00:00,-10.5691183333,142.220431667,,Other,AIS gap of 20.9 h,"The vessel disappeared from the AIS source feed for longer than the configured threshold. This may indicate intentional disabling, poor coverage, equipment failure, or small-vessel below-threshold operation.","Review track before/after gap; cross-check RF, SAR, patrol and VMS sources. Note whether the gap area coincides with known IUU activity.",Previous point 2022-12-21T02:27:02+00:00 → current point 2022-12-21T23:23:43+00:00 (20.9 h silence).,2022-12
BKB-0106,AIS_GAP,HIGH,95,19246867620,2022-12-23T03:24:51+00:00,-10.5693133333,142.218018333,,Other,AIS gap of 22.7 h,"The vessel disappeared from the AIS source feed for longer than the configured threshold. This may indicate intentional disabling, poor coverage, equipment failure, or small-vessel below-threshold operation.","Review track before/after gap; cross-check RF, SAR, patrol and VMS sources. Note whether the gap area coincides with known IUU activity.",Previous point 2022-12-22T04:44:56+00:00 → current point 2022-12-23T03:24:51+00:00 (22.7 h silence).,2022-12
BKB-0107,AIS_GAP,HIGH,95,19246867620,2022-12-23T23:59:54+00:00,-10.55055,142.287236667,,Other,AIS gap of 16.4 h,"The vessel disappeared from the AIS source feed for longer than the configured threshold. This may indicate intentional disabling, poor coverage, equipment failure, or small-vessel below-threshold operation.","Review track before/after gap; cross-check RF, SAR, patrol and VMS sources. Note whether the gap area coincides with known IUU activity.",Previous point 2022-12-23T07:34:41+00:00 → current point 2022-12-23T23:59:54+00:00 (16.4 h silence).,2022-12
BKB-0108,AIS_GAP,HIGH,95,19246867620,2022-12-27T02:04:47+00:00,-10.5696866667,142.220816667,,Other,AIS gap of 70.1 h,"The vessel disappeared from the AIS source feed for longer than the configured threshold. This may indicate intentional disabling, poor coverage, equipment failure, or small-vessel below-threshold operation.","Review track before/after gap; cross-check RF, SAR, patrol and VMS sources. Note whether the gap area coincides with known IUU activity.",Previous point 2022-12-24T03:56:55+00:00 → current point 2022-12-27T02:04:47+00:00 (70.1 h silence).,2022-12
BKB-0109,AIS_GAP,HIGH,95,19246867620,2022-12-30T02:44:40+00:00,-10.56927,142.220781667,,Other,AIS gap of 69.6 h,"The vessel disappeared from the AIS source feed for longer than the configured threshold. This may indicate intentional disabling, poor coverage, equipment failure, or small-vessel below-threshold operation.","Review track before/after gap; cross-check RF, SAR, patrol and VMS sources. Note whether the gap area coincides with known IUU activity.",Previous point 2022-12-27T05:09:52+00:00 → current point 2022-12-30T02:44:40+00:00 (69.6 h silence).,2022-12
BKB-0110,AIS_GAP,MEDIUM,72,19337391530,2022-12-22T16:38:19+00:00,-10.0236683333,141.002061667,,Other,AIS gap of 7.4 h,"The vessel disappeared from the AIS source feed for longer than the configured threshold. This may indicate intentional disabling, poor coverage, equipment failure, or small-vessel below-threshold operation.","Review track before/after gap; cross-check RF, SAR, patrol and VMS sources. Note whether the gap area coincides with known IUU activity.",Previous point 2022-12-22T09:16:19+00:00 → current point 2022-12-22T16:38:19+00:00 (7.4 h silence).,2022-12
BKB-0111,AIS_GAP,HIGH,95,19337391530,2022-12-27T09:23:22+00:00,-10.0309483333,141.141458333,,Other,AIS gap of 107.9 h,"The vessel disappeared from the AIS source feed for longer than the configured threshold. This may indicate intentional disabling, poor coverage, equipment failure, or small-vessel below-threshold operation.","Review track before/after gap; cross-check RF, SAR, patrol and VMS sources. Note whether the gap area coincides with known IUU activity.",Previous point 2022-12-22T21:29:21+00:00 → current point 2022-12-27T09:23:22+00:00 (107.9 h silence).,2022-12
BKB-0112,AIS_GAP,MEDIUM,70,19565995975,2022-12-24T12:43:26+00:00,-9.96795333333,141.141056667,,Unknown,AIS gap of 7.0 h,"The vessel disappeared from the AIS source feed for longer than the configured threshold. This may indicate intentional disabling, poor coverage, equipment failure, or small-vessel below-threshold operation.","Review track before/after gap; cross-check RF, SAR, patrol and VMS sources. Note whether the gap area coincides with known IUU activity.",Previous point 2022-12-24T05:42:02+00:00 → current point 2022-12-24T12:43:26+00:00 (7.0 h silence).,2022-12
BKB-0113,AIS_GAP,HIGH,80,19565995975,2022-12-24T20:59:03+00:00,-9.881625,141.229636667,,Unknown,AIS gap of 8.3 h,"The vessel disappeared from the AIS source feed for longer than the configured threshold. This may indicate intentional disabling, poor coverage, equipment failure, or small-vessel below-threshold operation.","Review track before/after gap; cross-check RF, SAR, patrol and VMS sources. Note whether the gap area coincides with known IUU activity.",Previous point 2022-12-24T12:43:26+00:00 → current point 2022-12-24T20:59:03+00:00 (8.3 h silence).,2022-12
BKB-0114,AIS_GAP,HIGH,95,2002600715,2022-12-11T21:04:49+00:00,-11.3593366667,142.997455,,Unknown,AIS gap of 195.3 h,"The vessel disappeared from the AIS source feed for longer than the configured threshold. This may indicate intentional disabling, poor coverage, equipment failure, or small-vessel below-threshold operation.","Review track before/after gap; cross-check RF, SAR, patrol and VMS sources. Note whether the gap area coincides with known IUU activity.",Previous point 2022-12-03T17:44:56+00:00 → current point 2022-12-11T21:04:49+00:00 (195.3 h silence).,2022-12
BKB-0115,AIS_GAP,HIGH,95,20213306548,2022-12-20T22:42:17+00:00,-9.98706,141.106772,,Unknown,AIS gap of 53.7 h,"The vessel disappeared from the AIS source feed for longer than the configured threshold. This may indicate intentional disabling, poor coverage, equipment failure, or small-vessel below-threshold operation.","Review track before/after gap; cross-check RF, SAR, patrol and VMS sources. Note whether the gap area coincides with known IUU activity.",Previous point 2022-12-18T17:01:57+00:00 → current point 2022-12-20T22:42:17+00:00 (53.7 h silence).,2022-12
BKB-0116,AIS_GAP,HIGH,95,20240038063,2022-12-21T09:06:24+00:00,-9.92011333333,141.168958333,,Unknown,AIS gap of 12.0 h,"The vessel disappeared from the AIS source feed for longer than the configured threshold. This may indicate intentional disabling, poor coverage, equipment failure, or small-vessel below-threshold operation.","Review track before/after gap; cross-check RF, SAR, patrol and VMS sources. Note whether the gap area coincides with known IUU activity.",Previous point 2022-12-20T21:05:22+00:00 → current point 2022-12-21T09:06:24+00:00 (12.0 h silence).,2022-12
BKB-0117,AIS_GAP,HIGH,95,20240038063,2022-12-23T08:53:27+00:00,-10.00581,141.225598333,,Unknown,AIS gap of 46.7 h,"The vessel disappeared from the AIS source feed for longer than the configured threshold. This may indicate intentional disabling, poor coverage, equipment failure, or small-vessel below-threshold operation.","Review track before/after gap; cross-check RF, SAR, patrol and VMS sources. Note whether the gap area coincides with known IUU activity.",Previous point 2022-12-21T10:13:45+00:00 → current point 2022-12-23T08:53:27+00:00 (46.7 h silence).,2022-12
BKB-0118,AIS_GAP,HIGH,95,20240038063,2022-12-23T23:12:12+00:00,-9.940935,141.276691667,,Unknown,AIS gap of 14.3 h,"The vessel disappeared from the AIS source feed for longer than the configured threshold. This may indicate intentional disabling, poor coverage, equipment failure, or small-vessel below-threshold operation.","Review track before/after gap; cross-check RF, SAR, patrol and VMS sources. Note whether the gap area coincides with known IUU activity.",Previous point 2022-12-23T08:53:27+00:00 → current point 2022-12-23T23:12:12+00:00 (14.3 h silence).,2022-12
BKB-0119,AIS_GAP,HIGH,92,20240038063,2022-12-24T09:00:53+00:00,-9.94687333333,141.272905,,Unknown,AIS gap of 9.8 h,"The vessel disappeared from the AIS source feed for longer than the configured threshold. This may indicate intentional disabling, poor coverage, equipment failure, or small-vessel below-threshold operation.","Review track before/after gap; cross-check RF, SAR, patrol and VMS sources. Note whether the gap area coincides with known IUU activity.",Previous point 2022-12-23T23:12:12+00:00 → current point 2022-12-24T09:00:53+00:00 (9.8 h silence).,2022-12
BKB-0120,AIS_GAP,MEDIUM,62,20240038063,2022-12-24T17:13:03+00:00,-10.04515,141.182665,,Unknown,AIS gap of 6.0 h,"The vessel disappeared from the AIS source feed for longer than the configured threshold. This may indicate intentional disabling, poor coverage, equipment failure, or small-vessel below-threshold operation.","Review track before/after gap; cross-check RF, SAR, patrol and VMS sources. Note whether the gap area coincides with known IUU activity.",Previous point 2022-12-24T11:11:46+00:00 → current point 2022-12-24T17:13:03+00:00 (6.0 h silence).,2022-12
BKB-0121,AIS_GAP,HIGH,95,20240038063,2022-12-25T05:02:24+00:00,-10.0203383333,141.273865,,Unknown,AIS gap of 11.8 h,"The vessel disappeared from the AIS source feed for longer than the configured threshold. This may indicate intentional disabling, poor coverage, equipment failure, or small-vessel below-threshold operation.","Review track before/after gap; cross-check RF, SAR, patrol and VMS sources. Note whether the gap area coincides with known IUU activity.",Previous point 2022-12-24T17:13:03+00:00 → current point 2022-12-25T05:02:24+00:00 (11.8 h silence).,2022-12
BKB-0122,AIS_GAP,MEDIUM,67,20240038063,2022-12-25T11:43:42+00:00,-10.0549983333,141.189278333,,Unknown,AIS gap of 6.7 h,"The vessel disappeared from the AIS source feed for longer than the configured threshold. This may indicate intentional disabling, poor coverage, equipment failure, or small-vessel below-threshold operation.","Review track before/after gap; cross-check RF, SAR, patrol and VMS sources. Note whether the gap area coincides with known IUU activity.",Previous point 2022-12-25T05:02:24+00:00 → current point 2022-12-25T11:43:42+00:00 (6.7 h silence).,2022-12
BKB-0123,AIS_GAP,MEDIUM,65,20288950211,2022-12-17T23:36:07+00:00,-9.701395,141.021593333,,Unknown,AIS gap of 6.4 h,"The vessel disappeared from the AIS source feed for longer than the configured threshold. This may indicate intentional disabling, poor coverage, equipment failure, or small-vessel below-threshold operation.","Review track before/after gap; cross-check RF, SAR, patrol and VMS sources. Note whether the gap area coincides with known IUU activity.",Previous point 2022-12-17T17:12:27+00:00 → current point 2022-12-17T23:36:07+00:00 (6.4 h silence).,2022-12
BKB-0124,AIS_GAP,MEDIUM,75,20398355877,2022-12-21T16:15:51+00:00,-9.87305833333,141.107961667,,Unknown,AIS gap of 7.6 h,"The vessel disappeared from the AIS source feed for longer than the configured threshold. This may indicate intentional disabling, poor coverage, equipment failure, or small-vessel below-threshold operation.","Review track before/after gap; cross-check RF, SAR, patrol and VMS sources. Note whether the gap area coincides with known IUU activity.",Previous point 2022-12-21T08:37:23+00:00 → current point 2022-12-21T16:15:51+00:00 (7.6 h silence).,2022-12
BKB-0125,AIS_GAP,MEDIUM,79,20398355877,2022-12-22T00:25:37+00:00,-9.90391333333,141.141738333,,Unknown,AIS gap of 8.2 h,"The vessel disappeared from the AIS source feed for longer than the configured threshold. This may indicate intentional disabling, poor coverage, equipment failure, or small-vessel below-threshold operation.","Review track before/after gap; cross-check RF, SAR, patrol and VMS sources. Note whether the gap area coincides with known IUU activity.",Previous point 2022-12-21T16:15:51+00:00 → current point 2022-12-22T00:25:37+00:00 (8.2 h silence).,2022-12
BKB-0126,AIS_GAP,HIGH,90,20398355877,2022-12-22T18:14:48+00:00,-9.94547,141.062898333,,Unknown,AIS gap of 9.5 h,"The vessel disappeared from the AIS source feed for longer than the configured threshold. This may indicate intentional disabling, poor coverage, equipment failure, or small-vessel below-threshold operation.","Review track before/after gap; cross-check RF, SAR, patrol and VMS sources. Note whether the gap area coincides with known IUU activity.",Previous point 2022-12-22T08:43:41+00:00 → current point 2022-12-22T18:14:48+00:00 (9.5 h silence).,2022-12
BKB-0127,AIS_GAP,MEDIUM,75,20398355877,2022-12-23T05:06:30+00:00,-10.1231566667,141.136865,,Unknown,AIS gap of 7.7 h,"The vessel disappeared from the AIS source feed for longer than the configured threshold. This may indicate intentional disabling, poor coverage, equipment failure, or small-vessel below-threshold operation.","Review track before/after gap; cross-check RF, SAR, patrol and VMS sources. Note whether the gap area coincides with known IUU activity.",Previous point 2022-12-22T21:23:58+00:00 → current point 2022-12-23T05:06:30+00:00 (7.7 h silence).,2022-12
BKB-0128,AIS_GAP,MEDIUM,75,20398355877,2022-12-23T17:57:55+00:00,-10.0939183333,141.046961667,,Unknown,AIS gap of 7.7 h,"The vessel disappeared from the AIS source feed for longer than the configured threshold. This may indicate intentional disabling, poor coverage, equipment failure, or small-vessel below-threshold operation.","Review track before/after gap; cross-check RF, SAR, patrol and VMS sources. Note whether the gap area coincides with known IUU activity.",Previous point 2022-12-23T10:18:04+00:00 → current point 2022-12-23T17:57:55+00:00 (7.7 h silence).,2022-12
BKB-0129,AIS_GAP,HIGH,95,20398355877,2022-12-25T03:57:46+00:00,-9.88799,141.081431667,,Unknown,AIS gap of 32.1 h,"The vessel disappeared from the AIS source feed for longer than the configured threshold. This may indicate intentional disabling, poor coverage, equipment failure, or small-vessel below-threshold operation.","Review track before/after gap; cross-check RF, SAR, patrol and VMS sources. Note whether the gap area coincides with known IUU activity.",Previous point 2022-12-23T19:51:24+00:00 → current point 2022-12-25T03:57:46+00:00 (32.1 h silence).,2022-12
BKB-0130,AIS_GAP,HIGH,80,20518646776,2022-12-04T19:58:08+00:00,-10.6540133333,142.308621667,,Pleasure,AIS gap of 9.2 h,"The vessel disappeared from the AIS source feed for longer than the configured threshold. This may indicate intentional disabling, poor coverage, equipment failure, or small-vessel below-threshold operation.","Review track before/after gap; cross-check RF, SAR, patrol and VMS sources. Note whether the gap area coincides with known IUU activity.",Previous point 2022-12-04T10:44:15+00:00 → current point 2022-12-04T19:58:08+00:00 (9.2 h silence).,2022-12
BKB-0131,AIS_GAP,HIGH,91,20518646776,2022-12-05T20:19:00+00:00,-10.5869316667,142.226911667,,Pleasure,AIS gap of 10.5 h,"The vessel disappeared from the AIS source feed for longer than the configured threshold. This may indicate intentional disabling, poor coverage, equipment failure, or small-vessel below-threshold operation.","Review track before/after gap; cross-check RF, SAR, patrol and VMS sources. Note whether the gap area coincides with known IUU activity.",Previous point 2022-12-05T09:48:46+00:00 → current point 2022-12-05T20:19:00+00:00 (10.5 h silence).,2022-12
BKB-0132,AIS_GAP,MEDIUM,63,20518646776,2022-12-06T03:24:07+00:00,-10.58706,142.225943333,,Pleasure,AIS gap of 7.1 h,"The vessel disappeared from the AIS source feed for longer than the configured threshold. This may indicate intentional disabling, poor coverage, equipment failure, or small-vessel below-threshold operation.","Review track before/after gap; cross-check RF, SAR, patrol and VMS sources. Note whether the gap area coincides with known IUU activity.",Previous point 2022-12-05T20:19:00+00:00 → current point 2022-12-06T03:24:07+00:00 (7.1 h silence).,2022-12
BKB-0133,AIS_GAP,HIGH,95,20518646776,2022-12-07T02:18:09+00:00,-10.5869916667,142.225183333,,Pleasure,AIS gap of 16.8 h,"The vessel disappeared from the AIS source feed for longer than the configured threshold. This may indicate intentional disabling, poor coverage, equipment failure, or small-vessel below-threshold operation.","Review track before/after gap; cross-check RF, SAR, patrol and VMS sources. Note whether the gap area coincides with known IUU activity.",Previous point 2022-12-06T09:32:20+00:00 → current point 2022-12-07T02:18:09+00:00 (16.8 h silence).,2022-12
BKB-0134,AIS_GAP,HIGH,95,20518646776,2022-12-08T06:24:07+00:00,-10.5866433333,142.22697,,Pleasure,AIS gap of 23.9 h,"The vessel disappeared from the AIS source feed for longer than the configured threshold. This may indicate intentional disabling, poor coverage, equipment failure, or small-vessel below-threshold operation.","Review track before/after gap; cross-check RF, SAR, patrol and VMS sources. Note whether the gap area coincides with known IUU activity.",Previous point 2022-12-07T06:32:01+00:00 → current point 2022-12-08T06:24:07+00:00 (23.9 h silence).,2022-12
BKB-0135,AIS_GAP,HIGH,95,20518646776,2022-12-08T21:24:47+00:00,-10.5864983333,142.226848333,,Pleasure,AIS gap of 14.0 h,"The vessel disappeared from the AIS source feed for longer than the configured threshold. This may indicate intentional disabling, poor coverage, equipment failure, or small-vessel below-threshold operation.","Review track before/after gap; cross-check RF, SAR, patrol and VMS sources. Note whether the gap area coincides with known IUU activity.",Previous point 2022-12-08T07:27:04+00:00 → current point 2022-12-08T21:24:47+00:00 (14.0 h silence).,2022-12
BKB-0136,AIS_GAP,HIGH,82,20518646776,2022-12-09T06:51:44+00:00,-10.5869566667,142.226856667,,Pleasure,AIS gap of 9.4 h,"The vessel disappeared from the AIS source feed for longer than the configured threshold. This may indicate intentional disabling, poor coverage, equipment failure, or small-vessel below-threshold operation.","Review track before/after gap; cross-check RF, SAR, patrol and VMS sources. Note whether the gap area coincides with known IUU activity.",Previous point 2022-12-08T21:24:47+00:00 → current point 2022-12-09T06:51:44+00:00 (9.4 h silence).,2022-12
BKB-0137,AIS_GAP,HIGH,95,20518646776,2022-12-09T21:20:50+00:00,-10.5865866667,142.226815,,Pleasure,AIS gap of 14.5 h,"The vessel disappeared from the AIS source feed for longer than the configured threshold. This may indicate intentional disabling, poor coverage, equipment failure, or small-vessel below-threshold operation.","Review track before/after gap; cross-check RF, SAR, patrol and VMS sources. Note whether the gap area coincides with known IUU activity.",Previous point 2022-12-09T06:51:44+00:00 → current point 2022-12-09T21:20:50+00:00 (14.5 h silence).,2022-12
BKB-0138,AIS_GAP,HIGH,95,20735463828,2022-12-17T17:12:57+00:00,-9.86327333333,141.030715,,Unknown,AIS gap of 31.5 h,"The vessel disappeared from the AIS source feed for longer than the configured threshold. This may indicate intentional disabling, poor coverage, equipment failure, or small-vessel below-threshold operation.","Review track before/after gap; cross-check RF, SAR, patrol and VMS sources. Note whether the gap area coincides with known IUU activity.",Previous point 2022-12-16T09:41:23+00:00 → current point 2022-12-17T17:12:57+00:00 (31.5 h silence).,2022-12
BKB-0139,AIS_GAP,HIGH,95,20735463828,2022-12-18T05:34:18+00:00,-9.78754333333,141.063945,,Unknown,AIS gap of 12.4 h,"The vessel disappeared from the AIS source feed for longer than the configured threshold. This may indicate intentional disabling, poor coverage, equipment failure, or small-vessel below-threshold operation.","Review track before/after gap; cross-check RF, SAR, patrol and VMS sources. Note whether the gap area coincides with known IUU activity.",Previous point 2022-12-17T17:12:57+00:00 → current point 2022-12-18T05:34:18+00:00 (12.4 h silence).,2022-12
BKB-0140,AIS_GAP,HIGH,95,20735463828,2022-12-18T21:51:58+00:00,-9.74664333333,141.020796667,,Unknown,AIS gap of 12.0 h,"The vessel disappeared from the AIS source feed for longer than the configured threshold. This may indicate intentional disabling, poor coverage, equipment failure, or small-vessel below-threshold operation.","Review track before/after gap; cross-check RF, SAR, patrol and VMS sources. Note whether the gap area coincides with known IUU activity.",Previous point 2022-12-18T09:50:21+00:00 → current point 2022-12-18T21:51:58+00:00 (12.0 h silence).,2022-12
BKB-0141,AIS_GAP,HIGH,95,20735463828,2022-12-21T02:01:37+00:00,-9.655112,141.13515,,Unknown,AIS gap of 50.2 h,"The vessel disappeared from the AIS source feed for longer than the configured threshold. This may indicate intentional disabling, poor coverage, equipment failure, or small-vessel below-threshold operation.","Review track before/after gap; cross-check RF, SAR, patrol and VMS sources. Note whether the gap area coincides with known IUU activity.",Previous point 2022-12-18T23:50:14+00:00 → current point 2022-12-21T02:01:37+00:00 (50.2 h silence).,2022-12
BKB-0142,AIS_GAP,HIGH,95,20735463828,2022-12-25T23:40:09+00:00,-9.69138,141.157441667,,Unknown,AIS gap of 117.6 h,"The vessel disappeared from the AIS source feed for longer than the configured threshold. This may indicate intentional disabling, poor coverage, equipment failure, or small-vessel below-threshold operation.","Review track before/after gap; cross-check RF, SAR, patrol and VMS sources. Note whether the gap area coincides with known IUU activity.",Previous point 2022-12-21T02:01:37+00:00 → current point 2022-12-25T23:40:09+00:00 (117.6 h silence).,2022-12
BKB-0143,AIS_GAP,HIGH,95,20735463828,2022-12-26T09:55:27+00:00,-9.715995,141.04073,,Unknown,AIS gap of 10.3 h,"The vessel disappeared from the AIS source feed for longer than the configured threshold. This may indicate intentional disabling, poor coverage, equipment failure, or small-vessel below-threshold operation.","Review track before/after gap; cross-check RF, SAR, patrol and VMS sources. Note whether the gap area coincides with known IUU activity.",Previous point 2022-12-25T23:40:09+00:00 → current point 2022-12-26T09:55:27+00:00 (10.3 h silence).,2022-12
BKB-0144,AIS_GAP,HIGH,95,20735463828,2022-12-27T09:14:15+00:00,-9.70937833333,141.03628,,Unknown,AIS gap of 23.3 h,"The vessel disappeared from the AIS source feed for longer than the configured threshold. This may indicate intentional disabling, poor coverage, equipment failure, or small-vessel below-threshold operation.","Review track before/after gap; cross-check RF, SAR, patrol and VMS sources. Note whether the gap area coincides with known IUU activity.",Previous point 2022-12-26T09:55:27+00:00 → current point 2022-12-27T09:14:15+00:00 (23.3 h silence).,2022-12
BKB-0145,AIS_GAP,HIGH,89,20927323101,2022-12-01T16:40:35+00:00,-10.58379,142.249013333,,Tug,AIS gap of 10.4 h,"The vessel disappeared from the AIS source feed for longer than the configured threshold. This may indicate intentional disabling, poor coverage, equipment failure, or small-vessel below-threshold operation.","Review track before/after gap; cross-check RF, SAR, patrol and VMS sources. Note whether the gap area coincides with known IUU activity.",Previous point 2022-12-01T06:19:34+00:00 → current point 2022-12-01T16:40:35+00:00 (10.4 h silence).,2022-12
BKB-0146,AIS_GAP,MEDIUM,79,20927323101,2022-12-02T20:45:14+00:00,-10.5844733333,142.230873333,,Tug,AIS gap of 9.1 h,"The vessel disappeared from the AIS source feed for longer than the configured threshold. This may indicate intentional disabling, poor coverage, equipment failure, or small-vessel below-threshold operation.","Review track before/after gap; cross-check RF, SAR, patrol and VMS sources. Note whether the gap area coincides with known IUU activity.",Previous point 2022-12-02T11:39:45+00:00 → current point 2022-12-02T20:45:14+00:00 (9.1 h silence).,2022-12
BKB-0147,AIS_GAP,HIGH,95,20927323101,2022-12-03T19:33:00+00:00,-10.5837133333,142.231873333,,Tug,AIS gap of 15.6 h,"The vessel disappeared from the AIS source feed for longer than the configured threshold. This may indicate intentional disabling, poor coverage, equipment failure, or small-vessel below-threshold operation.","Review track before/after gap; cross-check RF, SAR, patrol and VMS sources. Note whether the gap area coincides with known IUU activity.",Previous point 2022-12-03T03:56:30+00:00 → current point 2022-12-03T19:33:00+00:00 (15.6 h silence).,2022-12
BKB-0148,AIS_GAP,MEDIUM,63,20944424184,2022-12-17T23:31:23+00:00,-9.70152,141.021638333,,Unknown,AIS gap of 6.2 h,"The vessel disappeared from the AIS source feed for longer than the configured threshold. This may indicate intentional disabling, poor coverage, equipment failure, or small-vessel below-threshold operation.","Review track before/after gap; cross-check RF, SAR, patrol and VMS sources. Note whether the gap area coincides with known IUU activity.",Previous point 2022-12-17T17:17:45+00:00 → current point 2022-12-17T23:31:23+00:00 (6.2 h silence).,2022-12
BKB-0149,AIS_GAP,HIGH,95,20944424184,2022-12-27T09:14:24+00:00,-9.687315,141.035365,,Unknown,AIS gap of 225.7 h,"The vessel disappeared from the AIS source feed for longer than the configured threshold. This may indicate intentional disabling, poor coverage, equipment failure, or small-vessel below-threshold operation.","Review track before/after gap; cross-check RF, SAR, patrol and VMS sources. Note whether the gap area coincides with known IUU activity.",Previous point 2022-12-17T23:31:23+00:00 → current point 2022-12-27T09:14:24+00:00 (225.7 h silence).,2022-12
BKB-0150,AIS_GAP,HIGH,95,20944442424,2022-12-22T16:32:57+00:00,-9.68878166667,141.052415,,Unknown,AIS gap of 89.2 h,"The vessel disappeared from the AIS source feed for longer than the configured threshold. This may indicate intentional disabling, poor coverage, equipment failure, or small-vessel below-threshold operation.","Review track before/after gap; cross-check RF, SAR, patrol and VMS sources. Note whether the gap area coincides with known IUU activity.",Previous point 2022-12-18T23:21:28+00:00 → current point 2022-12-22T16:32:57+00:00 (89.2 h silence).,2022-12
BKB-0151,AIS_GAP,HIGH,95,20944442424,2022-12-23T09:24:57+00:00,-9.70602,141.043338333,,Unknown,AIS gap of 16.9 h,"The vessel disappeared from the AIS source feed for longer than the configured threshold. This may indicate intentional disabling, poor coverage, equipment failure, or small-vessel below-threshold operation.","Review track before/after gap; cross-check RF, SAR, patrol and VMS sources. Note whether the gap area coincides with known IUU activity.",Previous point 2022-12-22T16:32:57+00:00 → current point 2022-12-23T09:24:57+00:00 (16.9 h silence).,2022-12
BKB-0152,AIS_GAP,HIGH,95,20944448842,2022-12-21T17:53:22+00:00,-9.64118666667,141.220213333,,Unknown,AIS gap of 66.1 h,"The vessel disappeared from the AIS source feed for longer than the configured threshold. This may indicate intentional disabling, poor coverage, equipment failure, or small-vessel below-threshold operation.","Review track before/after gap; cross-check RF, SAR, patrol and VMS sources. Note whether the gap area coincides with known IUU activity.",Previous point 2022-12-18T23:48:48+00:00 → current point 2022-12-21T17:53:22+00:00 (66.1 h silence).,2022-12
BKB-0153,AIS_GAP,HIGH,95,20944448842,2022-12-22T05:54:45+00:00,-9.65931333333,141.230425,,Unknown,AIS gap of 12.0 h,"The vessel disappeared from the AIS source feed for longer than the configured threshold. This may indicate intentional disabling, poor coverage, equipment failure, or small-vessel below-threshold operation.","Review track before/after gap; cross-check RF, SAR, patrol and VMS sources. Note whether the gap area coincides with known IUU activity.",Previous point 2022-12-21T17:53:22+00:00 → current point 2022-12-22T05:54:45+00:00 (12.0 h silence).,2022-12
BKB-0154,AIS_GAP,HIGH,95,20944448842,2022-12-22T22:11:03+00:00,-9.686765,141.201446667,,Unknown,AIS gap of 13.4 h,"The vessel disappeared from the AIS source feed for longer than the configured threshold. This may indicate intentional disabling, poor coverage, equipment failure, or small-vessel below-threshold operation.","Review track before/after gap; cross-check RF, SAR, patrol and VMS sources. Note whether the gap area coincides with known IUU activity.",Previous point 2022-12-22T08:45:53+00:00 → current point 2022-12-22T22:11:03+00:00 (13.4 h silence).,2022-12
BKB-0155,AIS_GAP,HIGH,95,20944448842,2022-12-23T09:25:56+00:00,-9.70747166667,141.057275,,Unknown,AIS gap of 11.2 h,"The vessel disappeared from the AIS source feed for longer than the configured threshold. This may indicate intentional disabling, poor coverage, equipment failure, or small-vessel below-threshold operation.","Review track before/after gap; cross-check RF, SAR, patrol and VMS sources. Note whether the gap area coincides with known IUU activity.",Previous point 2022-12-22T22:11:03+00:00 → current point 2022-12-23T09:25:56+00:00 (11.2 h silence).,2022-12
BKB-0156,AIS_GAP,HIGH,95,20944448842,2022-12-24T21:29:06+00:00,-9.68539166667,141.185778333,,Unknown,AIS gap of 36.1 h,"The vessel disappeared from the AIS source feed for longer than the configured threshold. This may indicate intentional disabling, poor coverage, equipment failure, or small-vessel below-threshold operation.","Review track before/after gap; cross-check RF, SAR, patrol and VMS sources. Note whether the gap area coincides with known IUU activity.",Previous point 2022-12-23T09:25:56+00:00 → current point 2022-12-24T21:29:06+00:00 (36.1 h silence).,2022-12
BKB-0157,AIS_GAP,HIGH,95,20944448842,2022-12-25T21:03:08+00:00,-9.6733,141.101731667,,Unknown,AIS gap of 23.6 h,"The vessel disappeared from the AIS source feed for longer than the configured threshold. This may indicate intentional disabling, poor coverage, equipment failure, or small-vessel below-threshold operation.","Review track before/after gap; cross-check RF, SAR, patrol and VMS sources. Note whether the gap area coincides with known IUU activity.",Previous point 2022-12-24T21:29:06+00:00 → current point 2022-12-25T21:03:08+00:00 (23.6 h silence).,2022-12
BKB-0158,AIS_GAP,HIGH,91,20944448842,2022-12-26T09:16:05+00:00,-9.68199166667,141.025431667,,Unknown,AIS gap of 9.7 h,"The vessel disappeared from the AIS source feed for longer than the configured threshold. This may indicate intentional disabling, poor coverage, equipment failure, or small-vessel below-threshold operation.","Review track before/after gap; cross-check RF, SAR, patrol and VMS sources. Note whether the gap area coincides with known IUU activity.",Previous point 2022-12-25T23:35:48+00:00 → current point 2022-12-26T09:16:05+00:00 (9.7 h silence).,2022-12
BKB-0159,AIS_GAP,HIGH,95,20944448842,2022-12-27T10:00:59+00:00,-9.692805,141.04233,,Unknown,AIS gap of 24.7 h,"The vessel disappeared from the AIS source feed for longer than the configured threshold. This may indicate intentional disabling, poor coverage, equipment failure, or small-vessel below-threshold operation.","Review track before/after gap; cross-check RF, SAR, patrol and VMS sources. Note whether the gap area coincides with known IUU activity.",Previous point 2022-12-26T09:16:05+00:00 → current point 2022-12-27T10:00:59+00:00 (24.7 h silence).,2022-12
BKB-0160,AIS_GAP,HIGH,95,20947255194,2022-12-17T09:49:32+00:00,-9.83501166667,141.101088333,,Unknown,AIS gap of 24.1 h,"The vessel disappeared from the AIS source feed for longer than the configured threshold. This may indicate intentional disabling, poor coverage, equipment failure, or small-vessel below-threshold operation.","Review track before/after gap; cross-check RF, SAR, patrol and VMS sources. Note whether the gap area coincides with known IUU activity.",Previous point 2022-12-16T09:42:01+00:00 → current point 2022-12-17T09:49:32+00:00 (24.1 h silence).,2022-12
BKB-0161,AIS_GAP,HIGH,95,20947255194,2022-12-21T16:17:47+00:00,-9.655905,141.218505,,Unknown,AIS gap of 102.5 h,"The vessel disappeared from the AIS source feed for longer than the configured threshold. This may indicate intentional disabling, poor coverage, equipment failure, or small-vessel below-threshold operation.","Review track before/after gap; cross-check RF, SAR, patrol and VMS sources. Note whether the gap area coincides with known IUU activity.",Previous point 2022-12-17T09:49:32+00:00 → current point 2022-12-21T16:17:47+00:00 (102.5 h silence).,2022-12
BKB-0162,AIS_GAP,MEDIUM,79,20947255194,2022-12-22T00:25:20+00:00,-9.64825666667,141.241868333,,Unknown,AIS gap of 8.1 h,"The vessel disappeared from the AIS source feed for longer than the configured threshold. This may indicate intentional disabling, poor coverage, equipment failure, or small-vessel below-threshold operation.","Review track before/after gap; cross-check RF, SAR, patrol and VMS sources. Note whether the gap area coincides with known IUU activity.",Previous point 2022-12-21T16:17:47+00:00 → current point 2022-12-22T00:25:20+00:00 (8.1 h silence).,2022-12
BKB-0163,AIS_GAP,HIGH,80,20947255194,2022-12-22T08:47:00+00:00,-9.68608166667,141.04937,,Unknown,AIS gap of 8.4 h,"The vessel disappeared from the AIS source feed for longer than the configured threshold. This may indicate intentional disabling, poor coverage, equipment failure, or small-vessel below-threshold operation.","Review track before/after gap; cross-check RF, SAR, patrol and VMS sources. Note whether the gap area coincides with known IUU activity.",Previous point 2022-12-22T00:25:20+00:00 → current point 2022-12-22T08:47:00+00:00 (8.4 h silence).,2022-12
BKB-0164,AIS_GAP,HIGH,95,20947255194,2022-12-22T22:17:44+00:00,-9.686025,141.201085,,Unknown,AIS gap of 13.5 h,"The vessel disappeared from the AIS source feed for longer than the configured threshold. This may indicate intentional disabling, poor coverage, equipment failure, or small-vessel below-threshold operation.","Review track before/after gap; cross-check RF, SAR, patrol and VMS sources. Note whether the gap area coincides with known IUU activity.",Previous point 2022-12-22T08:47:00+00:00 → current point 2022-12-22T22:17:44+00:00 (13.5 h silence).,2022-12
BKB-0165,AIS_GAP,HIGH,95,20947255194,2022-12-23T08:45:01+00:00,-9.691145,141.050481667,,Unknown,AIS gap of 10.5 h,"The vessel disappeared from the AIS source feed for longer than the configured threshold. This may indicate intentional disabling, poor coverage, equipment failure, or small-vessel below-threshold operation.","Review track before/after gap; cross-check RF, SAR, patrol and VMS sources. Note whether the gap area coincides with known IUU activity.",Previous point 2022-12-22T22:17:44+00:00 → current point 2022-12-23T08:45:01+00:00 (10.5 h silence).,2022-12
BKB-0166,AIS_GAP,HIGH,95,20947255194,2022-12-27T09:59:18+00:00,-9.68961666667,141.071703333,,Unknown,AIS gap of 97.2 h,"The vessel disappeared from the AIS source feed for longer than the configured threshold. This may indicate intentional disabling, poor coverage, equipment failure, or small-vessel below-threshold operation.","Review track before/after gap; cross-check RF, SAR, patrol and VMS sources. Note whether the gap area coincides with known IUU activity.",Previous point 2022-12-23T08:45:01+00:00 → current point 2022-12-27T09:59:18+00:00 (97.2 h silence).,2022-12
BKB-0167,AIS_GAP,MEDIUM,73,2117432955,2022-12-01T18:17:38+00:00,-10.1739616667,142.170113333,,Tug,AIS gap of 8.3 h,"The vessel disappeared from the AIS source feed for longer than the configured threshold. This may indicate intentional disabling, poor coverage, equipment failure, or small-vessel below-threshold operation.","Review track before/after gap; cross-check RF, SAR, patrol and VMS sources. Note whether the gap area coincides with known IUU activity.",Previous point 2022-12-01T09:56:40+00:00 → current point 2022-12-01T18:17:38+00:00 (8.3 h silence).,2022-12
BKB-0168,AIS_GAP,HIGH,95,2117432955,2022-12-02T21:51:15+00:00,-10.1706433333,142.168486667,,Tug,AIS gap of 12.2 h,"The vessel disappeared from the AIS source feed for longer than the configured threshold. This may indicate intentional disabling, poor coverage, equipment failure, or small-vessel below-threshold operation.","Review track before/after gap; cross-check RF, SAR, patrol and VMS sources. Note whether the gap area coincides with known IUU activity.",Previous point 2022-12-02T09:38:14+00:00 → current point 2022-12-02T21:51:15+00:00 (12.2 h silence).,2022-12
BKB-0169,AIS_GAP,HIGH,84,2117432955,2022-12-06T10:04:20+00:00,-9.89530666667,143.957891667,,Tug,AIS gap of 9.7 h,"The vessel disappeared from the AIS source feed for longer than the configured threshold. This may indicate intentional disabling, poor coverage, equipment failure, or small-vessel below-threshold operation.","Review track before/after gap; cross-check RF, SAR, patrol and VMS sources. Note whether the gap area coincides with known IUU activity.",Previous point 2022-12-06T00:23:32+00:00 → current point 2022-12-06T10:04:20+00:00 (9.7 h silence).,2022-12
BKB-0170,AIS_GAP,HIGH,82,2117432955,2022-12-18T06:19:55+00:00,-9.95129333333,142.201186667,,Tug,AIS gap of 9.4 h,"The vessel disappeared from the AIS source feed for longer than the configured threshold. This may indicate intentional disabling, poor coverage, equipment failure, or small-vessel below-threshold operation.","Review track before/after gap; cross-check RF, SAR, patrol and VMS sources. Note whether the gap area coincides with known IUU activity.",Previous point 2022-12-17T20:53:55+00:00 → current point 2022-12-18T06:19:55+00:00 (9.4 h silence).,2022-12
BKB-0171,AIS_GAP,HIGH,95,21246783986,2022-12-13T23:14:49+00:00,-10.7864333333,142.357405,,Unknown,AIS gap of 40.8 h,"The vessel disappeared from the AIS source feed for longer than the configured threshold. This may indicate intentional disabling, poor coverage, equipment failure, or small-vessel below-threshold operation.","Review track before/after gap; cross-check RF, SAR, patrol and VMS sources. Note whether the gap area coincides with known IUU activity.",Previous point 2022-12-12T06:28:30+00:00 → current point 2022-12-13T23:14:49+00:00 (40.8 h silence).,2022-12
BKB-0172,AIS_GAP,HIGH,95,21246783986,2022-12-14T17:04:11+00:00,-10.96863,142.678915,,Unknown,AIS gap of 11.7 h,"The vessel disappeared from the AIS source feed for longer than the configured threshold. This may indicate intentional disabling, poor coverage, equipment failure, or small-vessel below-threshold operation.","Review track before/after gap; cross-check RF, SAR, patrol and VMS sources. Note whether the gap area coincides with known IUU activity.",Previous point 2022-12-14T05:20:52+00:00 → current point 2022-12-14T17:04:11+00:00 (11.7 h silence).,2022-12
BKB-0173,AIS_GAP,HIGH,95,21538145509,2022-12-17T08:35:52+00:00,-9.901495,141.10341,,Unknown,AIS gap of 22.9 h,"The vessel disappeared from the AIS source feed for longer than the configured threshold. This may indicate intentional disabling, poor coverage, equipment failure, or small-vessel below-threshold operation.","Review track before/after gap; cross-check RF, SAR, patrol and VMS sources. Note whether the gap area coincides with known IUU activity.",Previous point 2022-12-16T09:43:31+00:00 → current point 2022-12-17T08:35:52+00:00 (22.9 h silence).,2022-12
BKB-0174,AIS_GAP,HIGH,95,21538145509,2022-12-17T20:41:50+00:00,-9.74158166667,141.016175,,Unknown,AIS gap of 11.0 h,"The vessel disappeared from the AIS source feed for longer than the configured threshold. This may indicate intentional disabling, poor coverage, equipment failure, or small-vessel below-threshold operation.","Review track before/after gap; cross-check RF, SAR, patrol and VMS sources. Note whether the gap area coincides with known IUU activity.",Previous point 2022-12-17T09:41:47+00:00 → current point 2022-12-17T20:41:50+00:00 (11.0 h silence).,2022-12
BKB-0175,AIS_GAP,HIGH,95,21538145509,2022-12-18T21:43:46+00:00,-9.71874,141.040118333,,Unknown,AIS gap of 23.4 h,"The vessel disappeared from the AIS source feed for longer than the configured threshold. This may indicate intentional disabling, poor coverage, equipment failure, or small-vessel below-threshold operation.","Review track before/after gap; cross-check RF, SAR, patrol and VMS sources. Note whether the gap area coincides with known IUU activity.",Previous point 2022-12-17T22:18:53+00:00 → current point 2022-12-18T21:43:46+00:00 (23.4 h silence).,2022-12
BKB-0176,AIS_GAP,HIGH,95,21538145509,2022-12-21T20:36:27+00:00,-9.63818166667,141.204553333,,Unknown,AIS gap of 68.9 h,"The vessel disappeared from the AIS source feed for longer than the configured threshold. This may indicate intentional disabling, poor coverage, equipment failure, or small-vessel below-threshold operation.","Review track before/after gap; cross-check RF, SAR, patrol and VMS sources. Note whether the gap area coincides with known IUU activity.",Previous point 2022-12-18T23:44:30+00:00 → current point 2022-12-21T20:36:27+00:00 (68.9 h silence).,2022-12
BKB-0177,AIS_GAP,HIGH,95,21538145509,2022-12-22T21:13:40+00:00,-9.68835333333,141.206756667,,Unknown,AIS gap of 20.7 h,"The vessel disappeared from the AIS source feed for longer than the configured threshold. This may indicate intentional disabling, poor coverage, equipment failure, or small-vessel below-threshold operation.","Review track before/after gap; cross-check RF, SAR, patrol and VMS sources. Note whether the gap area coincides with known IUU activity.",Previous point 2022-12-22T00:29:16+00:00 → current point 2022-12-22T21:13:40+00:00 (20.7 h silence).,2022-12
BKB-0178,AIS_GAP,HIGH,95,21538145509,2022-12-23T16:49:10+00:00,-9.714455,141.018771667,,Unknown,AIS gap of 16.3 h,"The vessel disappeared from the AIS source feed for longer than the configured threshold. This may indicate intentional disabling, poor coverage, equipment failure, or small-vessel below-threshold operation.","Review track before/after gap; cross-check RF, SAR, patrol and VMS sources. Note whether the gap area coincides with known IUU activity.",Previous point 2022-12-23T00:34:01+00:00 → current point 2022-12-23T16:49:10+00:00 (16.3 h silence).,2022-12
BKB-0179,AIS_GAP,HIGH,95,21538145509,2022-12-24T23:21:26+00:00,-9.66962166667,141.210848333,,Unknown,AIS gap of 28.8 h,"The vessel disappeared from the AIS source feed for longer than the configured threshold. This may indicate intentional disabling, poor coverage, equipment failure, or small-vessel below-threshold operation.","Review track before/after gap; cross-check RF, SAR, patrol and VMS sources. Note whether the gap area coincides with known IUU activity.",Previous point 2022-12-23T18:34:43+00:00 → current point 2022-12-24T23:21:26+00:00 (28.8 h silence).,2022-12
BKB-0180,AIS_GAP,HIGH,95,21538145509,2022-12-25T22:34:20+00:00,-9.67212833333,141.103981667,,Unknown,AIS gap of 17.3 h,"The vessel disappeared from the AIS source feed for longer than the configured threshold. This may indicate intentional disabling, poor coverage, equipment failure, or small-vessel below-threshold operation.","Review track before/after gap; cross-check RF, SAR, patrol and VMS sources. Note whether the gap area coincides with known IUU activity.",Previous point 2022-12-25T05:15:17+00:00 → current point 2022-12-25T22:34:20+00:00 (17.3 h silence).,2022-12
BKB-0181,AIS_GAP,MEDIUM,70,21538145509,2022-12-26T06:41:40+00:00,-9.66746333333,141.051181667,,Unknown,AIS gap of 7.1 h,"The vessel disappeared from the AIS source feed for longer than the configured threshold. This may indicate intentional disabling, poor coverage, equipment failure, or small-vessel below-threshold operation.","Review track before/after gap; cross-check RF, SAR, patrol and VMS sources. Note whether the gap area coincides with known IUU activity.",Previous point 2022-12-25T23:34:40+00:00 → current point 2022-12-26T06:41:40+00:00 (7.1 h silence).,2022-12
BKB-0182,AIS_GAP,HIGH,95,21538145509,2022-12-26T22:44:57+00:00,-9.68828333333,141.023591667,,Unknown,AIS gap of 16.1 h,"The vessel disappeared from the AIS source feed for longer than the configured threshold. This may indicate intentional disabling, poor coverage, equipment failure, or small-vessel below-threshold operation.","Review track before/after gap; cross-check RF, SAR, patrol and VMS sources. Note whether the gap area coincides with known IUU activity.",Previous point 2022-12-26T06:41:40+00:00 → current point 2022-12-26T22:44:57+00:00 (16.1 h silence).,2022-12
BKB-0183,AIS_GAP,HIGH,82,21538145509,2022-12-27T08:22:17+00:00,-9.68260833333,141.067436667,,Unknown,AIS gap of 8.5 h,"The vessel disappeared from the AIS source feed for longer than the configured threshold. This may indicate intentional disabling, poor coverage, equipment failure, or small-vessel below-threshold operation.","Review track before/after gap; cross-check RF, SAR, patrol and VMS sources. Note whether the gap area coincides with known IUU activity.",Previous point 2022-12-26T23:50:17+00:00 → current point 2022-12-27T08:22:17+00:00 (8.5 h silence).,2022-12
BKB-0184,AIS_GAP,HIGH,95,21716545192,2022-12-14T01:44:51+00:00,-10.573515,142.251266667,,Unknown,AIS gap of 148.3 h,"The vessel disappeared from the AIS source feed for longer than the configured threshold. This may indicate intentional disabling, poor coverage, equipment failure, or small-vessel below-threshold operation.","Review track before/after gap; cross-check RF, SAR, patrol and VMS sources. Note whether the gap area coincides with known IUU activity.",Previous point 2022-12-07T21:27:18+00:00 → current point 2022-12-14T01:44:51+00:00 (148.3 h silence).,2022-12
BKB-0185,AIS_GAP,HIGH,95,21889300,2022-12-15T06:04:48+00:00,-11.3515666667,143.000433333,,Cargo,AIS gap of 333.4 h,"The vessel disappeared from the AIS source feed for longer than the configured threshold. This may indicate intentional disabling, poor coverage, equipment failure, or small-vessel below-threshold operation.","Review track before/after gap; cross-check RF, SAR, patrol and VMS sources. Note whether the gap area coincides with known IUU activity.",Previous point 2022-12-01T08:38:59+00:00 → current point 2022-12-15T06:04:48+00:00 (333.4 h silence).,2022-12
BKB-0186,AIS_GAP,HIGH,95,21889300,2022-12-17T17:17:22+00:00,-11.4206,141.524383333,,Cargo,AIS gap of 44.5 h,"The vessel disappeared from the AIS source feed for longer than the configured threshold. This may indicate intentional disabling, poor coverage, equipment failure, or small-vessel below-threshold operation.","Review track before/after gap; cross-check RF, SAR, patrol and VMS sources. Note whether the gap area coincides with known IUU activity.",Previous point 2022-12-15T20:44:58+00:00 → current point 2022-12-17T17:17:22+00:00 (44.5 h silence).,2022-12
BKB-0187,AIS_GAP,HIGH,95,21889300,2022-12-30T14:24:55+00:00,-11.3501166667,142.999866667,,Cargo,AIS gap of 293.2 h,"The vessel disappeared from the AIS source feed for longer than the configured threshold. This may indicate intentional disabling, poor coverage, equipment failure, or small-vessel below-threshold operation.","Review track before/after gap; cross-check RF, SAR, patrol and VMS sources. Note whether the gap area coincides with known IUU activity.",Previous point 2022-12-18T09:14:52+00:00 → current point 2022-12-30T14:24:55+00:00 (293.2 h silence).,2022-12
BKB-0188,AIS_GAP,HIGH,95,22024849282,2022-12-04T23:44:11+00:00,-10.5865383333,142.221503333,,Unknown,AIS gap of 71.9 h,"The vessel disappeared from the AIS source feed for longer than the configured threshold. This may indicate intentional disabling, poor coverage, equipment failure, or small-vessel below-threshold operation.","Review track before/after gap; cross-check RF, SAR, patrol and VMS sources. Note whether the gap area coincides with known IUU activity.",Previous point 2022-12-01T23:48:02+00:00 → current point 2022-12-04T23:44:11+00:00 (71.9 h silence).,2022-12
BKB-0189,AIS_GAP,MEDIUM,74,22024849282,2022-12-06T05:46:06+00:00,-9.63857,142.638101667,,Unknown,AIS gap of 7.5 h,"The vessel disappeared from the AIS source feed for longer than the configured threshold. This may indicate intentional disabling, poor coverage, equipment failure, or small-vessel below-threshold operation.","Review track before/after gap; cross-check RF, SAR, patrol and VMS sources. Note whether the gap area coincides with known IUU activity.",Previous point 2022-12-05T22:14:39+00:00 → current point 2022-12-06T05:46:06+00:00 (7.5 h silence).,2022-12
BKB-0190,AIS_GAP,HIGH,95,22024849282,2022-12-09T00:38:04+00:00,-10.5865466667,142.221516667,,Unknown,AIS gap of 43.6 h,"The vessel disappeared from the AIS source feed for longer than the configured threshold. This may indicate intentional disabling, poor coverage, equipment failure, or small-vessel below-threshold operation.","Review track before/after gap; cross-check RF, SAR, patrol and VMS sources. Note whether the gap area coincides with known IUU activity.",Previous point 2022-12-07T05:03:08+00:00 → current point 2022-12-09T00:38:04+00:00 (43.6 h silence).,2022-12
BKB-0191,AIS_GAP,HIGH,95,22024849282,2022-12-12T00:14:48+00:00,-10.5843683333,142.241403333,,Unknown,AIS gap of 70.5 h,"The vessel disappeared from the AIS source feed for longer than the configured threshold. This may indicate intentional disabling, poor coverage, equipment failure, or small-vessel below-threshold operation.","Review track before/after gap; cross-check RF, SAR, patrol and VMS sources. Note whether the gap area coincides with known IUU activity.",Previous point 2022-12-09T01:42:43+00:00 → current point 2022-12-12T00:14:48+00:00 (70.5 h silence).,2022-12
BKB-0192,AIS_GAP,HIGH,95,22024849282,2022-12-13T02:22:48+00:00,-10.587125,142.220716667,,Unknown,AIS gap of 26.1 h,"The vessel disappeared from the AIS source feed for longer than the configured threshold. This may indicate intentional disabling, poor coverage, equipment failure, or small-vessel below-threshold operation.","Review track before/after gap; cross-check RF, SAR, patrol and VMS sources. Note whether the gap area coincides with known IUU activity.",Previous point 2022-12-12T00:14:48+00:00 → current point 2022-12-13T02:22:48+00:00 (26.1 h silence).,2022-12
BKB-0193,AIS_GAP,HIGH,92,22145192879,2022-12-04T21:47:55+00:00,-9.591385,141.125278333,,Unknown,AIS gap of 9.8 h,"The vessel disappeared from the AIS source feed for longer than the configured threshold. This may indicate intentional disabling, poor coverage, equipment failure, or small-vessel below-threshold operation.","Review track before/after gap; cross-check RF, SAR, patrol and VMS sources. Note whether the gap area coincides with known IUU activity.",Previous point 2022-12-04T11:57:49+00:00 → current point 2022-12-04T21:47:55+00:00 (9.8 h silence).,2022-12
BKB-0194,AIS_GAP,HIGH,80,22145192879,2022-12-05T07:30:38+00:00,-9.60285333333,141.181491667,,Unknown,AIS gap of 8.3 h,"The vessel disappeared from the AIS source feed for longer than the configured threshold. This may indicate intentional disabling, poor coverage, equipment failure, or small-vessel below-threshold operation.","Review track before/after gap; cross-check RF, SAR, patrol and VMS sources. Note whether the gap area coincides with known IUU activity.",Previous point 2022-12-04T23:10:17+00:00 → current point 2022-12-05T07:30:38+00:00 (8.3 h silence).,2022-12
BKB-0195,AIS_GAP,HIGH,95,22145192879,2022-12-05T21:55:29+00:00,-9.618675,141.150291667,,Unknown,AIS gap of 14.4 h,"The vessel disappeared from the AIS source feed for longer than the configured threshold. This may indicate intentional disabling, poor coverage, equipment failure, or small-vessel below-threshold operation.","Review track before/after gap; cross-check RF, SAR, patrol and VMS sources. Note whether the gap area coincides with known IUU activity.",Previous point 2022-12-05T07:30:38+00:00 → current point 2022-12-05T21:55:29+00:00 (14.4 h silence).,2022-12
BKB-0196,AIS_GAP,MEDIUM,73,22145192879,2022-12-06T06:54:00+00:00,-9.607125,141.160478333,,Unknown,AIS gap of 7.4 h,"The vessel disappeared from the AIS source feed for longer than the configured threshold. This may indicate intentional disabling, poor coverage, equipment failure, or small-vessel below-threshold operation.","Review track before/after gap; cross-check RF, SAR, patrol and VMS sources. Note whether the gap area coincides with known IUU activity.",Previous point 2022-12-05T23:28:57+00:00 → current point 2022-12-06T06:54:00+00:00 (7.4 h silence).,2022-12
BKB-0197,AIS_GAP,HIGH,95,22145192879,2022-12-07T00:11:43+00:00,-9.59052333333,141.190771667,,Unknown,AIS gap of 11.4 h,"The vessel disappeared from the AIS source feed for longer than the configured threshold. This may indicate intentional disabling, poor coverage, equipment failure, or small-vessel below-threshold operation.","Review track before/after gap; cross-check RF, SAR, patrol and VMS sources. Note whether the gap area coincides with known IUU activity.",Previous point 2022-12-06T12:45:16+00:00 → current point 2022-12-07T00:11:43+00:00 (11.4 h silence).,2022-12
BKB-0198,AIS_GAP,MEDIUM,73,22145192879,2022-12-07T08:37:55+00:00,-9.59630333333,141.181811667,,Unknown,AIS gap of 7.4 h,"The vessel disappeared from the AIS source feed for longer than the configured threshold. This may indicate intentional disabling, poor coverage, equipment failure, or small-vessel below-threshold operation.","Review track before/after gap; cross-check RF, SAR, patrol and VMS sources. Note whether the gap area coincides with known IUU activity.",Previous point 2022-12-07T01:13:05+00:00 → current point 2022-12-07T08:37:55+00:00 (7.4 h silence).,2022-12
BKB-0199,AIS_GAP,HIGH,95,2217897,2022-12-03T04:12:15+00:00,-9.746465,143.403038333,,Unknown,AIS gap of 19.3 h,"The vessel disappeared from the AIS source feed for longer than the configured threshold. This may indicate intentional disabling, poor coverage, equipment failure, or small-vessel below-threshold operation.","Review track before/after gap; cross-check RF, SAR, patrol and VMS sources. Note whether the gap area coincides with known IUU activity.",Previous point 2022-12-02T08:53:25+00:00 → current point 2022-12-03T04:12:15+00:00 (19.3 h silence).,2022-12
BKB-0200,AIS_GAP,HIGH,95,2217897,2022-12-05T02:59:29+00:00,-9.746625,143.402215,,Unknown,AIS gap of 46.8 h,"The vessel disappeared from the AIS source feed for longer than the configured threshold. This may indicate intentional disabling, poor coverage, equipment failure, or small-vessel below-threshold operation.","Review track before/after gap; cross-check RF, SAR, patrol and VMS sources. Note whether the gap area coincides with known IUU activity.",Previous point 2022-12-03T04:12:15+00:00 → current point 2022-12-05T02:59:29+00:00 (46.8 h silence).,2022-12
BKB-0201,AIS_GAP,HIGH,95,2217897,2022-12-07T04:14:49+00:00,-9.74881666667,143.401675,,Unknown,AIS gap of 49.3 h,"The vessel disappeared from the AIS source feed for longer than the configured threshold. This may indicate intentional disabling, poor coverage, equipment failure, or small-vessel below-threshold operation.","Review track before/after gap; cross-check RF, SAR, patrol and VMS sources. Note whether the gap area coincides with known IUU activity.",Previous point 2022-12-05T02:59:29+00:00 → current point 2022-12-07T04:14:49+00:00 (49.3 h silence).,2022-12
BKB-0202,AIS_GAP,HIGH,95,2217897,2022-12-07T20:57:57+00:00,-9.74960166667,143.402445,,Unknown,AIS gap of 16.7 h,"The vessel disappeared from the AIS source feed for longer than the configured threshold. This may indicate intentional disabling, poor coverage, equipment failure, or small-vessel below-threshold operation.","Review track before/after gap; cross-check RF, SAR, patrol and VMS sources. Note whether the gap area coincides with known IUU activity.",Previous point 2022-12-07T04:14:49+00:00 → current point 2022-12-07T20:57:57+00:00 (16.7 h silence).,2022-12
BKB-0203,AIS_GAP,HIGH,95,22459109467,2022-12-05T22:24:12+00:00,-10.5834333333,142.227641667,,Unknown,AIS gap of 19.0 h,"The vessel disappeared from the AIS source feed for longer than the configured threshold. This may indicate intentional disabling, poor coverage, equipment failure, or small-vessel below-threshold operation.","Review track before/after gap; cross-check RF, SAR, patrol and VMS sources. Note whether the gap area coincides with known IUU activity.",Previous point 2022-12-05T03:21:14+00:00 → current point 2022-12-05T22:24:12+00:00 (19.0 h silence).,2022-12
BKB-0204,AIS_GAP,HIGH,95,22547100312,2022-12-22T05:57:18+00:00,-9.75681166667,141.021498333,,Unknown,AIS gap of 12.1 h,"The vessel disappeared from the AIS source feed for longer than the configured threshold. This may indicate intentional disabling, poor coverage, equipment failure, or small-vessel below-threshold operation.","Review track before/after gap; cross-check RF, SAR, patrol and VMS sources. Note whether the gap area coincides with known IUU activity.",Previous point 2022-12-21T17:53:25+00:00 → current point 2022-12-22T05:57:18+00:00 (12.1 h silence).,2022-12
BKB-0205,AIS_GAP,HIGH,95,22666547563,2022-12-17T09:44:55+00:00,-9.91731333333,141.067165,,Unknown,AIS gap of 21.0 h,"The vessel disappeared from the AIS source feed for longer than the configured threshold. This may indicate intentional disabling, poor coverage, equipment failure, or small-vessel below-threshold operation.","Review track before/after gap; cross-check RF, SAR, patrol and VMS sources. Note whether the gap area coincides with known IUU activity.",Previous point 2022-12-16T12:47:45+00:00 → current point 2022-12-17T09:44:55+00:00 (21.0 h silence).,2022-12
BKB-0206,AIS_GAP,HIGH,95,22666547563,2022-12-22T06:13:16+00:00,-9.68444833333,141.068103333,,Unknown,AIS gap of 116.5 h,"The vessel disappeared from the AIS source feed for longer than the configured threshold. This may indicate intentional disabling, poor coverage, equipment failure, or small-vessel below-threshold operation.","Review track before/after gap; cross-check RF, SAR, patrol and VMS sources. Note whether the gap area coincides with known IUU activity.",Previous point 2022-12-17T09:44:55+00:00 → current point 2022-12-22T06:13:16+00:00 (116.5 h silence).,2022-12
BKB-0207,AIS_GAP,HIGH,95,22666547563,2022-12-24T23:27:25+00:00,-9.709055,141.141708333,,Unknown,AIS gap of 65.2 h,"The vessel disappeared from the AIS source feed for longer than the configured threshold. This may indicate intentional disabling, poor coverage, equipment failure, or small-vessel below-threshold operation.","Review track before/after gap; cross-check RF, SAR, patrol and VMS sources. Note whether the gap area coincides with known IUU activity.",Previous point 2022-12-22T06:13:16+00:00 → current point 2022-12-24T23:27:25+00:00 (65.2 h silence).,2022-12
BKB-0208,AIS_GAP,HIGH,95,22666547563,2022-12-26T21:49:01+00:00,-9.71072666667,141.141173333,,Unknown,AIS gap of 46.4 h,"The vessel disappeared from the AIS source feed for longer than the configured threshold. This may indicate intentional disabling, poor coverage, equipment failure, or small-vessel below-threshold operation.","Review track before/after gap; cross-check RF, SAR, patrol and VMS sources. Note whether the gap area coincides with known IUU activity.",Previous point 2022-12-24T23:27:25+00:00 → current point 2022-12-26T21:49:01+00:00 (46.4 h silence).,2022-12
BKB-0209,AIS_GAP,HIGH,95,22666547563,2022-12-27T09:58:00+00:00,-9.71208333333,141.07278,,Unknown,AIS gap of 12.1 h,"The vessel disappeared from the AIS source feed for longer than the configured threshold. This may indicate intentional disabling, poor coverage, equipment failure, or small-vessel below-threshold operation.","Review track before/after gap; cross-check RF, SAR, patrol and VMS sources. Note whether the gap area coincides with known IUU activity.",Previous point 2022-12-26T21:49:01+00:00 → current point 2022-12-27T09:58:00+00:00 (12.1 h silence).,2022-12
BKB-0210,AIS_GAP,MEDIUM,62,22767249467,2022-12-21T16:17:47+00:00,-9.841435,141.197061667,,Unknown,AIS gap of 6.0 h,"The vessel disappeared from the AIS source feed for longer than the configured threshold. This may indicate intentional disabling, poor coverage, equipment failure, or small-vessel below-threshold operation.","Review track before/after gap; cross-check RF, SAR, patrol and VMS sources. Note whether the gap area coincides with known IUU activity.",Previous point 2022-12-21T10:15:04+00:00 → current point 2022-12-21T16:17:47+00:00 (6.0 h silence).,2022-12
BKB-0211,AIS_GAP,HIGH,95,22767249467,2022-12-22T22:12:44+00:00,-9.87907333333,141.252113333,,Unknown,AIS gap of 29.9 h,"The vessel disappeared from the AIS source feed for longer than the configured threshold. This may indicate intentional disabling, poor coverage, equipment failure, or small-vessel below-threshold operation.","Review track before/after gap; cross-check RF, SAR, patrol and VMS sources. Note whether the gap area coincides with known IUU activity.",Previous point 2022-12-21T16:17:47+00:00 → current point 2022-12-22T22:12:44+00:00 (29.9 h silence).,2022-12
BKB-0212,AIS_GAP,HIGH,95,22770551198,2022-12-28T09:23:07+00:00,-9.82553666667,141.018905,,Unknown,AIS gap of 148.8 h,"The vessel disappeared from the AIS source feed for longer than the configured threshold. This may indicate intentional disabling, poor coverage, equipment failure, or small-vessel below-threshold operation.","Review track before/after gap; cross-check RF, SAR, patrol and VMS sources. Note whether the gap area coincides with known IUU activity.",Previous point 2022-12-22T04:33:19+00:00 → current point 2022-12-28T09:23:07+00:00 (148.8 h silence).,2022-12
BKB-0213,AIS_GAP,HIGH,80,22770562539,2022-12-22T08:44:50+00:00,-9.86950333333,141.208226667,,Unknown,AIS gap of 8.4 h,"The vessel disappeared from the AIS source feed for longer than the configured threshold. This may indicate intentional disabling, poor coverage, equipment failure, or small-vessel below-threshold operation.","Review track before/after gap; cross-check RF, SAR, patrol and VMS sources. Note whether the gap area coincides with known IUU activity.",Previous point 2022-12-22T00:23:20+00:00 → current point 2022-12-22T08:44:50+00:00 (8.4 h silence).,2022-12
BKB-0214,AIS_GAP,HIGH,95,22770562539,2022-12-22T22:11:31+00:00,-9.87778333333,141.253306667,,Unknown,AIS gap of 13.4 h,"The vessel disappeared from the AIS source feed for longer than the configured threshold. This may indicate intentional disabling, poor coverage, equipment failure, or small-vessel below-threshold operation.","Review track before/after gap; cross-check RF, SAR, patrol and VMS sources. Note whether the gap area coincides with known IUU activity.",Previous point 2022-12-22T08:44:50+00:00 → current point 2022-12-22T22:11:31+00:00 (13.4 h silence).,2022-12
BKB-0215,AIS_GAP,MEDIUM,65,22773230895,2022-12-22T00:23:27+00:00,-9.951845,141.08653,,Unknown,AIS gap of 6.5 h,"The vessel disappeared from the AIS source feed for longer than the configured threshold. This may indicate intentional disabling, poor coverage, equipment failure, or small-vessel below-threshold operation.","Review track before/after gap; cross-check RF, SAR, patrol and VMS sources. Note whether the gap area coincides with known IUU activity.",Previous point 2022-12-21T17:53:56+00:00 → current point 2022-12-22T00:23:27+00:00 (6.5 h silence).,2022-12
BKB-0216,AIS_GAP,HIGH,85,22773230895,2022-12-22T09:22:48+00:00,-10.0168116667,141.017665,,Unknown,AIS gap of 9.0 h,"The vessel disappeared from the AIS source feed for longer than the configured threshold. This may indicate intentional disabling, poor coverage, equipment failure, or small-vessel below-threshold operation.","Review track before/after gap; cross-check RF, SAR, patrol and VMS sources. Note whether the gap area coincides with known IUU activity.",Previous point 2022-12-22T00:23:27+00:00 → current point 2022-12-22T09:22:48+00:00 (9.0 h silence).,2022-12
BKB-0217,AIS_GAP,HIGH,95,22773230895,2022-12-22T20:40:37+00:00,-10.0093266667,141.042948333,,Unknown,AIS gap of 11.3 h,"The vessel disappeared from the AIS source feed for longer than the configured threshold. This may indicate intentional disabling, poor coverage, equipment failure, or small-vessel below-threshold operation.","Review track before/after gap; cross-check RF, SAR, patrol and VMS sources. Note whether the gap area coincides with known IUU activity.",Previous point 2022-12-22T09:22:48+00:00 → current point 2022-12-22T20:40:37+00:00 (11.3 h silence).,2022-12
BKB-0218,AIS_GAP,HIGH,95,22773230895,2022-12-28T08:28:15+00:00,-9.858985,141.032326667,,Unknown,AIS gap of 131.8 h,"The vessel disappeared from the AIS source feed for longer than the configured threshold. This may indicate intentional disabling, poor coverage, equipment failure, or small-vessel below-threshold operation.","Review track before/after gap; cross-check RF, SAR, patrol and VMS sources. Note whether the gap area coincides with known IUU activity.",Previous point 2022-12-22T20:40:37+00:00 → current point 2022-12-28T08:28:15+00:00 (131.8 h silence).,2022-12
BKB-0219,AIS_GAP,HIGH,95,22776602239,2022-12-22T10:23:36+00:00,-9.90913166667,141.161026667,,Unknown,AIS gap of 12.3 h,"The vessel disappeared from the AIS source feed for longer than the configured threshold. This may indicate intentional disabling, poor coverage, equipment failure, or small-vessel below-threshold operation.","Review track before/after gap; cross-check RF, SAR, patrol and VMS sources. Note whether the gap area coincides with known IUU activity.",Previous point 2022-12-21T22:07:30+00:00 → current point 2022-12-22T10:23:36+00:00 (12.3 h silence).,2022-12
BKB-0220,AIS_GAP,MEDIUM,63,22776602239,2022-12-22T16:38:08+00:00,-9.87307333333,141.177138333,,Unknown,AIS gap of 6.2 h,"The vessel disappeared from the AIS source feed for longer than the configured threshold. This may indicate intentional disabling, poor coverage, equipment failure, or small-vessel below-threshold operation.","Review track before/after gap; cross-check RF, SAR, patrol and VMS sources. Note whether the gap area coincides with known IUU activity.",Previous point 2022-12-22T10:23:36+00:00 → current point 2022-12-22T16:38:08+00:00 (6.2 h silence).,2022-12
BKB-0221,AIS_GAP,MEDIUM,64,22776602239,2022-12-22T22:55:21+00:00,-9.92531833333,141.210635,,Unknown,AIS gap of 6.3 h,"The vessel disappeared from the AIS source feed for longer than the configured threshold. This may indicate intentional disabling, poor coverage, equipment failure, or small-vessel below-threshold operation.","Review track before/after gap; cross-check RF, SAR, patrol and VMS sources. Note whether the gap area coincides with known IUU activity.",Previous point 2022-12-22T16:38:08+00:00 → current point 2022-12-22T22:55:21+00:00 (6.3 h silence).,2022-12
BKB-0222,AIS_GAP,MEDIUM,69,22776602239,2022-12-23T07:37:42+00:00,-10.1511183333,141.019896667,,Unknown,AIS gap of 7.0 h,"The vessel disappeared from the AIS source feed for longer than the configured threshold. This may indicate intentional disabling, poor coverage, equipment failure, or small-vessel below-threshold operation.","Review track before/after gap; cross-check RF, SAR, patrol and VMS sources. Note whether the gap area coincides with known IUU activity.",Previous point 2022-12-23T00:40:28+00:00 → current point 2022-12-23T07:37:42+00:00 (7.0 h silence).,2022-12
BKB-0223,AIS_GAP,HIGH,95,22776602239,2022-12-23T22:24:54+00:00,-10.16231,141.020838333,,Unknown,AIS gap of 14.8 h,"The vessel disappeared from the AIS source feed for longer than the configured threshold. This may indicate intentional disabling, poor coverage, equipment failure, or small-vessel below-threshold operation.","Review track before/after gap; cross-check RF, SAR, patrol and VMS sources. Note whether the gap area coincides with known IUU activity.",Previous point 2022-12-23T07:37:42+00:00 → current point 2022-12-23T22:24:54+00:00 (14.8 h silence).,2022-12
BKB-0224,AIS_GAP,MEDIUM,65,22778329546,2022-12-21T22:40:07+00:00,-9.95249,141.085545,,Unknown,AIS gap of 6.4 h,"The vessel disappeared from the AIS source feed for longer than the configured threshold. This may indicate intentional disabling, poor coverage, equipment failure, or small-vessel below-threshold operation.","Review track before/after gap; cross-check RF, SAR, patrol and VMS sources. Note whether the gap area coincides with known IUU activity.",Previous point 2022-12-21T16:16:30+00:00 → current point 2022-12-21T22:40:07+00:00 (6.4 h silence).,2022-12
BKB-0225,AIS_GAP,HIGH,94,22778329546,2022-12-22T08:41:55+00:00,-9.859415,141.032673333,,Unknown,AIS gap of 10.0 h,"The vessel disappeared from the AIS source feed for longer than the configured threshold. This may indicate intentional disabling, poor coverage, equipment failure, or small-vessel below-threshold operation.","Review track before/after gap; cross-check RF, SAR, patrol and VMS sources. Note whether the gap area coincides with known IUU activity.",Previous point 2022-12-21T22:40:07+00:00 → current point 2022-12-22T08:41:55+00:00 (10.0 h silence).,2022-12
BKB-0226,AIS_GAP,HIGH,95,22778329546,2022-12-22T20:42:46+00:00,-9.99135833333,141.031165,,Unknown,AIS gap of 12.0 h,"The vessel disappeared from the AIS source feed for longer than the configured threshold. This may indicate intentional disabling, poor coverage, equipment failure, or small-vessel below-threshold operation.","Review track before/after gap; cross-check RF, SAR, patrol and VMS sources. Note whether the gap area coincides with known IUU activity.",Previous point 2022-12-22T08:41:55+00:00 → current point 2022-12-22T20:42:46+00:00 (12.0 h silence).,2022-12
BKB-0227,AIS_GAP,HIGH,95,23183392927,2022-12-21T17:55:09+00:00,-9.62782333333,141.253403333,,Unknown,AIS gap of 92.2 h,"The vessel disappeared from the AIS source feed for longer than the configured threshold. This may indicate intentional disabling, poor coverage, equipment failure, or small-vessel below-threshold operation.","Review track before/after gap; cross-check RF, SAR, patrol and VMS sources. Note whether the gap area coincides with known IUU activity.",Previous point 2022-12-17T21:42:34+00:00 → current point 2022-12-21T17:55:09+00:00 (92.2 h silence).,2022-12
BKB-0228,AIS_GAP,HIGH,95,23183392927,2022-12-26T21:43:28+00:00,-9.68764666667,141.023478333,,Unknown,AIS gap of 123.8 h,"The vessel disappeared from the AIS source feed for longer than the configured threshold. This may indicate intentional disabling, poor coverage, equipment failure, or small-vessel below-threshold operation.","Review track before/after gap; cross-check RF, SAR, patrol and VMS sources. Note whether the gap area coincides with known IUU activity.",Previous point 2022-12-21T17:55:09+00:00 → current point 2022-12-26T21:43:28+00:00 (123.8 h silence).,2022-12
BKB-0229,AIS_GAP,HIGH,95,23183392927,2022-12-27T10:00:36+00:00,-9.68828666667,141.088736667,,Unknown,AIS gap of 12.3 h,"The vessel disappeared from the AIS source feed for longer than the configured threshold. This may indicate intentional disabling, poor coverage, equipment failure, or small-vessel below-threshold operation.","Review track before/after gap; cross-check RF, SAR, patrol and VMS sources. Note whether the gap area coincides with known IUU activity.",Previous point 2022-12-26T21:43:28+00:00 → current point 2022-12-27T10:00:36+00:00 (12.3 h silence).,2022-12
BKB-0230,AIS_GAP,HIGH,95,23284713290,2022-12-19T17:22:24+00:00,-9.89804666667,141.100265,,Unknown,AIS gap of 24.5 h,"The vessel disappeared from the AIS source feed for longer than the configured threshold. This may indicate intentional disabling, poor coverage, equipment failure, or small-vessel below-threshold operation.","Review track before/after gap; cross-check RF, SAR, patrol and VMS sources. Note whether the gap area coincides with known IUU activity.",Previous point 2022-12-18T16:54:47+00:00 → current point 2022-12-19T17:22:24+00:00 (24.5 h silence).,2022-12
BKB-0231,AIS_GAP,HIGH,95,23566473424,2022-12-22T00:18:56+00:00,-9.90396166667,141.141698333,,Unknown,AIS gap of 15.6 h,"The vessel disappeared from the AIS source feed for longer than the configured threshold. This may indicate intentional disabling, poor coverage, equipment failure, or small-vessel below-threshold operation.","Review track before/after gap; cross-check RF, SAR, patrol and VMS sources. Note whether the gap area coincides with known IUU activity.",Previous point 2022-12-21T08:40:28+00:00 → current point 2022-12-22T00:18:56+00:00 (15.6 h silence).,2022-12
BKB-0232,AIS_GAP,HIGH,81,23566473424,2022-12-22T08:47:23+00:00,-9.80865666667,141.087625,,Unknown,AIS gap of 8.5 h,"The vessel disappeared from the AIS source feed for longer than the configured threshold. This may indicate intentional disabling, poor coverage, equipment failure, or small-vessel below-threshold operation.","Review track before/after gap; cross-check RF, SAR, patrol and VMS sources. Note whether the gap area coincides with known IUU activity.",Previous point 2022-12-22T00:18:56+00:00 → current point 2022-12-22T08:47:23+00:00 (8.5 h silence).,2022-12
BKB-0233,AIS_GAP,HIGH,95,23674118395,2022-12-17T08:37:03+00:00,-9.89703333333,141.101235,,Unknown,AIS gap of 19.9 h,"The vessel disappeared from the AIS source feed for longer than the configured threshold. This may indicate intentional disabling, poor coverage, equipment failure, or small-vessel below-threshold operation.","Review track before/after gap; cross-check RF, SAR, patrol and VMS sources. Note whether the gap area coincides with known IUU activity.",Previous point 2022-12-16T12:41:37+00:00 → current point 2022-12-17T08:37:03+00:00 (19.9 h silence).,2022-12
BKB-0234,AIS_GAP,HIGH,95,23674118395,2022-12-17T23:36:35+00:00,-9.70149833333,141.021626667,,Unknown,AIS gap of 12.1 h,"The vessel disappeared from the AIS source feed for longer than the configured threshold. This may indicate intentional disabling, poor coverage, equipment failure, or small-vessel below-threshold operation.","Review track before/after gap; cross-check RF, SAR, patrol and VMS sources. Note whether the gap area coincides with known IUU activity.",Previous point 2022-12-17T11:30:53+00:00 → current point 2022-12-17T23:36:35+00:00 (12.1 h silence).,2022-12
BKB-0235,AIS_GAP,HIGH,95,23674118395,2022-12-25T23:34:41+00:00,-9.67128833333,141.10217,,Unknown,AIS gap of 192.0 h,"The vessel disappeared from the AIS source feed for longer than the configured threshold. This may indicate intentional disabling, poor coverage, equipment failure, or small-vessel below-threshold operation.","Review track before/after gap; cross-check RF, SAR, patrol and VMS sources. Note whether the gap area coincides with known IUU activity.",Previous point 2022-12-17T23:36:35+00:00 → current point 2022-12-25T23:34:41+00:00 (192.0 h silence).,2022-12
BKB-0236,AIS_GAP,HIGH,95,23674118395,2022-12-26T21:46:52+00:00,-9.68763333333,141.02344,,Unknown,AIS gap of 22.2 h,"The vessel disappeared from the AIS source feed for longer than the configured threshold. This may indicate intentional disabling, poor coverage, equipment failure, or small-vessel below-threshold operation.","Review track before/after gap; cross-check RF, SAR, patrol and VMS sources. Note whether the gap area coincides with known IUU activity.",Previous point 2022-12-25T23:34:41+00:00 → current point 2022-12-26T21:46:52+00:00 (22.2 h silence).,2022-12
BKB-0237,AIS_GAP,HIGH,95,24076894739,2022-12-05T21:54:35+00:00,-9.66002833333,141.035571667,,Unknown,AIS gap of 48.3 h,"The vessel disappeared from the AIS source feed for longer than the configured threshold. This may indicate intentional disabling, poor coverage, equipment failure, or small-vessel below-threshold operation.","Review track before/after gap; cross-check RF, SAR, patrol and VMS sources. Note whether the gap area coincides with known IUU activity.",Previous point 2022-12-03T21:37:34+00:00 → current point 2022-12-05T21:54:35+00:00 (48.3 h silence).,2022-12
BKB-0238,AIS_GAP,HIGH,88,24076894739,2022-12-06T07:15:54+00:00,-9.593115,141.128051667,,Unknown,AIS gap of 9.4 h,"The vessel disappeared from the AIS source feed for longer than the configured threshold. This may indicate intentional disabling, poor coverage, equipment failure, or small-vessel below-threshold operation.","Review track before/after gap; cross-check RF, SAR, patrol and VMS sources. Note whether the gap area coincides with known IUU activity.",Previous point 2022-12-05T21:54:35+00:00 → current point 2022-12-06T07:15:54+00:00 (9.4 h silence).,2022-12
BKB-0239,AIS_GAP,HIGH,81,24076894739,2022-12-06T22:01:02+00:00,-9.60920833333,141.113065,,Unknown,AIS gap of 8.4 h,"The vessel disappeared from the AIS source feed for longer than the configured threshold. This may indicate intentional disabling, poor coverage, equipment failure, or small-vessel below-threshold operation.","Review track before/after gap; cross-check RF, SAR, patrol and VMS sources. Note whether the gap area coincides with known IUU activity.",Previous point 2022-12-06T13:34:12+00:00 → current point 2022-12-06T22:01:02+00:00 (8.4 h silence).,2022-12
BKB-0240,AIS_GAP,HIGH,80,24076894739,2022-12-07T08:51:09+00:00,-9.604755,141.149278333,,Unknown,AIS gap of 8.3 h,"The vessel disappeared from the AIS source feed for longer than the configured threshold. This may indicate intentional disabling, poor coverage, equipment failure, or small-vessel below-threshold operation.","Review track before/after gap; cross-check RF, SAR, patrol and VMS sources. Note whether the gap area coincides with known IUU activity.",Previous point 2022-12-07T00:31:49+00:00 → current point 2022-12-07T08:51:09+00:00 (8.3 h silence).,2022-12
BKB-0241,AIS_GAP,HIGH,95,24076894739,2022-12-08T08:03:57+00:00,-9.575455,141.154505,,Unknown,AIS gap of 13.6 h,"The vessel disappeared from the AIS source feed for longer than the configured threshold. This may indicate intentional disabling, poor coverage, equipment failure, or small-vessel below-threshold operation.","Review track before/after gap; cross-check RF, SAR, patrol and VMS sources. Note whether the gap area coincides with known IUU activity.",Previous point 2022-12-07T18:29:32+00:00 → current point 2022-12-08T08:03:57+00:00 (13.6 h silence).,2022-12
BKB-0242,AIS_GAP,MEDIUM,75,24076894739,2022-12-08T21:56:44+00:00,-9.584285,141.144745,,Unknown,AIS gap of 7.7 h,"The vessel disappeared from the AIS source feed for longer than the configured threshold. This may indicate intentional disabling, poor coverage, equipment failure, or small-vessel below-threshold operation.","Review track before/after gap; cross-check RF, SAR, patrol and VMS sources. Note whether the gap area coincides with known IUU activity.",Previous point 2022-12-08T14:13:42+00:00 → current point 2022-12-08T21:56:44+00:00 (7.7 h silence).,2022-12
BKB-0243,AIS_GAP,MEDIUM,75,24076894739,2022-12-09T06:42:17+00:00,-9.59461166667,141.119038333,,Unknown,AIS gap of 7.7 h,"The vessel disappeared from the AIS source feed for longer than the configured threshold. This may indicate intentional disabling, poor coverage, equipment failure, or small-vessel below-threshold operation.","Review track before/after gap; cross-check RF, SAR, patrol and VMS sources. Note whether the gap area coincides with known IUU activity.",Previous point 2022-12-08T23:01:46+00:00 → current point 2022-12-09T06:42:17+00:00 (7.7 h silence).,2022-12
BKB-0244,AIS_GAP,HIGH,85,24076894739,2022-12-09T20:46:45+00:00,-9.614035,141.074878333,,Unknown,AIS gap of 8.9 h,"The vessel disappeared from the AIS source feed for longer than the configured threshold. This may indicate intentional disabling, poor coverage, equipment failure, or small-vessel below-threshold operation.","Review track before/after gap; cross-check RF, SAR, patrol and VMS sources. Note whether the gap area coincides with known IUU activity.",Previous point 2022-12-09T11:53:15+00:00 → current point 2022-12-09T20:46:45+00:00 (8.9 h silence).,2022-12
BKB-0245,AIS_GAP,HIGH,88,24076894739,2022-12-10T09:15:57+00:00,-9.66924833333,141.058931667,,Unknown,AIS gap of 9.3 h,"The vessel disappeared from the AIS source feed for longer than the configured threshold. This may indicate intentional disabling, poor coverage, equipment failure, or small-vessel below-threshold operation.","Review track before/after gap; cross-check RF, SAR, patrol and VMS sources. Note whether the gap area coincides with known IUU activity.",Previous point 2022-12-09T23:57:06+00:00 → current point 2022-12-10T09:15:57+00:00 (9.3 h silence).,2022-12
BKB-0246,AIS_GAP,HIGH,95,24076894739,2022-12-10T21:14:45+00:00,-9.67679333333,141.043678333,,Unknown,AIS gap of 12.0 h,"The vessel disappeared from the AIS source feed for longer than the configured threshold. This may indicate intentional disabling, poor coverage, equipment failure, or small-vessel below-threshold operation.","Review track before/after gap; cross-check RF, SAR, patrol and VMS sources. Note whether the gap area coincides with known IUU activity.",Previous point 2022-12-10T09:15:57+00:00 → current point 2022-12-10T21:14:45+00:00 (12.0 h silence).,2022-12
BKB-0247,AIS_GAP,HIGH,95,24138382584,2022-12-16T10:07:34+00:00,-10.1298183333,141.158805,,Unknown,AIS gap of 11.0 h,"The vessel disappeared from the AIS source feed for longer than the configured threshold. This may indicate intentional disabling, poor coverage, equipment failure, or small-vessel below-threshold operation.","Review track before/after gap; cross-check RF, SAR, patrol and VMS sources. Note whether the gap area coincides with known IUU activity.",Previous point 2022-12-15T23:08:22+00:00 → current point 2022-12-16T10:07:34+00:00 (11.0 h silence).,2022-12
BKB-0248,AIS_GAP,HIGH,95,24138382584,2022-12-16T22:08:56+00:00,-10.01318,141.154495,,Unknown,AIS gap of 12.0 h,"The vessel disappeared from the AIS source feed for longer than the configured threshold. This may indicate intentional disabling, poor coverage, equipment failure, or small-vessel below-threshold operation.","Review track before/after gap; cross-check RF, SAR, patrol and VMS sources. Note whether the gap area coincides with known IUU activity.",Previous point 2022-12-16T10:07:34+00:00 → current point 2022-12-16T22:08:56+00:00 (12.0 h silence).,2022-12
BKB-0249,AIS_GAP,HIGH,95,24138382584,2022-12-17T11:21:33+00:00,-9.85949666667,141.157126667,,Unknown,AIS gap of 13.2 h,"The vessel disappeared from the AIS source feed for longer than the configured threshold. This may indicate intentional disabling, poor coverage, equipment failure, or small-vessel below-threshold operation.","Review track before/after gap; cross-check RF, SAR, patrol and VMS sources. Note whether the gap area coincides with known IUU activity.",Previous point 2022-12-16T22:08:56+00:00 → current point 2022-12-17T11:21:33+00:00 (13.2 h silence).,2022-12
BKB-0250,AIS_GAP,HIGH,95,24138382584,2022-12-18T05:35:55+00:00,-9.752445,141.143331667,,Unknown,AIS gap of 16.6 h,"The vessel disappeared from the AIS source feed for longer than the configured threshold. This may indicate intentional disabling, poor coverage, equipment failure, or small-vessel below-threshold operation.","Review track before/after gap; cross-check RF, SAR, patrol and VMS sources. Note whether the gap area coincides with known IUU activity.",Previous point 2022-12-17T13:01:07+00:00 → current point 2022-12-18T05:35:55+00:00 (16.6 h silence).,2022-12
BKB-0251,AIS_GAP,MEDIUM,62,24138382584,2022-12-18T11:38:15+00:00,-9.906655,141.169023333,,Unknown,AIS gap of 6.0 h,"The vessel disappeared from the AIS source feed for longer than the configured threshold. This may indicate intentional disabling, poor coverage, equipment failure, or small-vessel below-threshold operation.","Review track before/after gap; cross-check RF, SAR, patrol and VMS sources. Note whether the gap area coincides with known IUU activity.",Previous point 2022-12-18T05:35:55+00:00 → current point 2022-12-18T11:38:15+00:00 (6.0 h silence).,2022-12
BKB-0252,AIS_GAP,HIGH,95,24138382584,2022-12-18T23:36:38+00:00,-9.77068,141.069821667,,Unknown,AIS gap of 12.0 h,"The vessel disappeared from the AIS source feed for longer than the configured threshold. This may indicate intentional disabling, poor coverage, equipment failure, or small-vessel below-threshold operation.","Review track before/after gap; cross-check RF, SAR, patrol and VMS sources. Note whether the gap area coincides with known IUU activity.",Previous point 2022-12-18T11:38:15+00:00 → current point 2022-12-18T23:36:38+00:00 (12.0 h silence).,2022-12
BKB-0253,AIS_GAP,HIGH,95,24138382584,2022-12-20T15:22:58+00:00,-9.612648,141.05386,,Unknown,AIS gap of 39.8 h,"The vessel disappeared from the AIS source feed for longer than the configured threshold. This may indicate intentional disabling, poor coverage, equipment failure, or small-vessel below-threshold operation.","Review track before/after gap; cross-check RF, SAR, patrol and VMS sources. Note whether the gap area coincides with known IUU activity.",Previous point 2022-12-18T23:36:38+00:00 → current point 2022-12-20T15:22:58+00:00 (39.8 h silence).,2022-12
BKB-0254,AIS_GAP,MEDIUM,72,24138382584,2022-12-20T22:43:37+00:00,-9.585248,141.217983,,Unknown,AIS gap of 7.3 h,"The vessel disappeared from the AIS source feed for longer than the configured threshold. This may indicate intentional disabling, poor coverage, equipment failure, or small-vessel below-threshold operation.","Review track before/after gap; cross-check RF, SAR, patrol and VMS sources. Note whether the gap area coincides with known IUU activity.",Previous point 2022-12-20T15:22:58+00:00 → current point 2022-12-20T22:43:37+00:00 (7.3 h silence).,2022-12
BKB-0255,AIS_GAP,HIGH,95,24205640657,2022-12-17T22:10:42+00:00,-9.99627833333,141.192585,,Unknown,AIS gap of 40.1 h,"The vessel disappeared from the AIS source feed for longer than the configured threshold. This may indicate intentional disabling, poor coverage, equipment failure, or small-vessel below-threshold operation.","Review track before/after gap; cross-check RF, SAR, patrol and VMS sources. Note whether the gap area coincides with known IUU activity.",Previous point 2022-12-16T06:05:07+00:00 → current point 2022-12-17T22:10:42+00:00 (40.1 h silence).,2022-12
BKB-0256,AIS_GAP,HIGH,95,24205640657,2022-12-18T11:37:11+00:00,-9.99606833333,141.268585,,Unknown,AIS gap of 13.4 h,"The vessel disappeared from the AIS source feed for longer than the configured threshold. This may indicate intentional disabling, poor coverage, equipment failure, or small-vessel below-threshold operation.","Review track before/after gap; cross-check RF, SAR, patrol and VMS sources. Note whether the gap area coincides with known IUU activity.",Previous point 2022-12-17T22:10:42+00:00 → current point 2022-12-18T11:37:11+00:00 (13.4 h silence).,2022-12
BKB-0257,AIS_GAP,HIGH,95,24586914258,2022-12-26T02:04:54+00:00,-10.0396166667,143.041678333,,Unknown,AIS gap of 110.0 h,"The vessel disappeared from the AIS source feed for longer than the configured threshold. This may indicate intentional disabling, poor coverage, equipment failure, or small-vessel below-threshold operation.","Review track before/after gap; cross-check RF, SAR, patrol and VMS sources. Note whether the gap area coincides with known IUU activity.",Previous point 2022-12-21T12:04:51+00:00 → current point 2022-12-26T02:04:54+00:00 (110.0 h silence).,2022-12
BKB-0258,AIS_GAP,HIGH,95,247379285,2022-12-12T18:24:51+00:00,-11.38585,141.524866667,,Cargo,AIS gap of 99.0 h,"The vessel disappeared from the AIS source feed for longer than the configured threshold. This may indicate intentional disabling, poor coverage, equipment failure, or small-vessel below-threshold operation.","Review track before/after gap; cross-check RF, SAR, patrol and VMS sources. Note whether the gap area coincides with known IUU activity.",Previous point 2022-12-08T15:24:54+00:00 → current point 2022-12-12T18:24:51+00:00 (99.0 h silence).,2022-12
BKB-0259,AIS_GAP,HIGH,95,247379285,2022-12-24T15:34:50+00:00,-11.2759166667,142.9756,,Cargo,AIS gap of 269.7 h,"The vessel disappeared from the AIS source feed for longer than the configured threshold. This may indicate intentional disabling, poor coverage, equipment failure, or small-vessel below-threshold operation.","Review track before/after gap; cross-check RF, SAR, patrol and VMS sources. Note whether the gap area coincides with known IUU activity.",Previous point 2022-12-13T09:49:51+00:00 → current point 2022-12-24T15:34:50+00:00 (269.7 h silence).,2022-12
BKB-0260,AIS_GAP,HIGH,95,247379285,2022-12-28T09:08:14+00:00,-11.4712666667,141.522183333,,Cargo,AIS gap of 77.0 h,"The vessel disappeared from the AIS source feed for longer than the configured threshold. This may indicate intentional disabling, poor coverage, equipment failure, or small-vessel below-threshold operation.","Review track before/after gap; cross-check RF, SAR, patrol and VMS sources. Note whether the gap area coincides with known IUU activity.",Previous point 2022-12-25T04:09:58+00:00 → current point 2022-12-28T09:08:14+00:00 (77.0 h silence).,2022-12
BKB-0261,AIS_GAP,HIGH,95,24960292559,2022-12-23T08:54:19+00:00,-10.0318433333,141.08188,,Unknown,AIS gap of 24.2 h,"The vessel disappeared from the AIS source feed for longer than the configured threshold. This may indicate intentional disabling, poor coverage, equipment failure, or small-vessel below-threshold operation.","Review track before/after gap; cross-check RF, SAR, patrol and VMS sources. Note whether the gap area coincides with known IUU activity.",Previous point 2022-12-22T08:43:22+00:00 → current point 2022-12-23T08:54:19+00:00 (24.2 h silence).,2022-12
BKB-0262,AIS_GAP,HIGH,92,24960292559,2022-12-23T22:19:59+00:00,-10.1439166667,141.059878333,,Unknown,AIS gap of 9.8 h,"The vessel disappeared from the AIS source feed for longer than the configured threshold. This may indicate intentional disabling, poor coverage, equipment failure, or small-vessel below-threshold operation.","Review track before/after gap; cross-check RF, SAR, patrol and VMS sources. Note whether the gap area coincides with known IUU activity.",Previous point 2022-12-23T12:32:16+00:00 → current point 2022-12-23T22:19:59+00:00 (9.8 h silence).,2022-12
BKB-0263,AIS_GAP,HIGH,95,24984913298,2022-12-05T12:02:13+00:00,-9.630435,141.103808333,,Unknown,AIS gap of 11.9 h,"The vessel disappeared from the AIS source feed for longer than the configured threshold. This may indicate intentional disabling, poor coverage, equipment failure, or small-vessel below-threshold operation.","Review track before/after gap; cross-check RF, SAR, patrol and VMS sources. Note whether the gap area coincides with known IUU activity.",Previous point 2022-12-05T00:08:13+00:00 → current point 2022-12-05T12:02:13+00:00 (11.9 h silence).,2022-12
BKB-0264,AIS_GAP,HIGH,95,24984913298,2022-12-06T08:27:14+00:00,-9.60574666667,141.13367,,Unknown,AIS gap of 20.4 h,"The vessel disappeared from the AIS source feed for longer than the configured threshold. This may indicate intentional disabling, poor coverage, equipment failure, or small-vessel below-threshold operation.","Review track before/after gap; cross-check RF, SAR, patrol and VMS sources. Note whether the gap area coincides with known IUU activity.",Previous point 2022-12-05T12:02:13+00:00 → current point 2022-12-06T08:27:14+00:00 (20.4 h silence).,2022-12
BKB-0265,AIS_GAP,HIGH,95,24984913298,2022-12-07T00:32:13+00:00,-9.57700833333,141.175211667,,Unknown,AIS gap of 11.6 h,"The vessel disappeared from the AIS source feed for longer than the configured threshold. This may indicate intentional disabling, poor coverage, equipment failure, or small-vessel below-threshold operation.","Review track before/after gap; cross-check RF, SAR, patrol and VMS sources. Note whether the gap area coincides with known IUU activity.",Previous point 2022-12-06T12:56:14+00:00 → current point 2022-12-07T00:32:13+00:00 (11.6 h silence).,2022-12
BKB-0266,AIS_GAP,HIGH,90,24984913298,2022-12-07T10:08:13+00:00,-9.603305,141.14736,,Unknown,AIS gap of 9.6 h,"The vessel disappeared from the AIS source feed for longer than the configured threshold. This may indicate intentional disabling, poor coverage, equipment failure, or small-vessel below-threshold operation.","Review track before/after gap; cross-check RF, SAR, patrol and VMS sources. Note whether the gap area coincides with known IUU activity.",Previous point 2022-12-07T00:32:13+00:00 → current point 2022-12-07T10:08:13+00:00 (9.6 h silence).,2022-12
BKB-0267,AIS_GAP,MEDIUM,63,24984913298,2022-12-07T18:44:14+00:00,-9.592105,141.161536667,,Unknown,AIS gap of 6.2 h,"The vessel disappeared from the AIS source feed for longer than the configured threshold. This may indicate intentional disabling, poor coverage, equipment failure, or small-vessel below-threshold operation.","Review track before/after gap; cross-check RF, SAR, patrol and VMS sources. Note whether the gap area coincides with known IUU activity.",Previous point 2022-12-07T12:32:13+00:00 → current point 2022-12-07T18:44:14+00:00 (6.2 h silence).,2022-12
BKB-0268,AIS_GAP,HIGH,95,24984913298,2022-12-08T09:23:14+00:00,-9.56714666667,141.189146667,,Unknown,AIS gap of 14.7 h,"The vessel disappeared from the AIS source feed for longer than the configured threshold. This may indicate intentional disabling, poor coverage, equipment failure, or small-vessel below-threshold operation.","Review track before/after gap; cross-check RF, SAR, patrol and VMS sources. Note whether the gap area coincides with known IUU activity.",Previous point 2022-12-07T18:44:14+00:00 → current point 2022-12-08T09:23:14+00:00 (14.7 h silence).,2022-12
BKB-0269,AIS_GAP,HIGH,95,25391616743,2022-12-22T21:18:29+00:00,-10.007345,141.031333333,,Unknown,AIS gap of 21.0 h,"The vessel disappeared from the AIS source feed for longer than the configured threshold. This may indicate intentional disabling, poor coverage, equipment failure, or small-vessel below-threshold operation.","Review track before/after gap; cross-check RF, SAR, patrol and VMS sources. Note whether the gap area coincides with known IUU activity.",Previous point 2022-12-22T00:19:04+00:00 → current point 2022-12-22T21:18:29+00:00 (21.0 h silence).,2022-12
BKB-0270,AIS_GAP,HIGH,92,25391616743,2022-12-23T07:06:39+00:00,-10.01545,141.072795,,Unknown,AIS gap of 9.8 h,"The vessel disappeared from the AIS source feed for longer than the configured threshold. This may indicate intentional disabling, poor coverage, equipment failure, or small-vessel below-threshold operation.","Review track before/after gap; cross-check RF, SAR, patrol and VMS sources. Note whether the gap area coincides with known IUU activity.",Previous point 2022-12-22T21:18:29+00:00 → current point 2022-12-23T07:06:39+00:00 (9.8 h silence).,2022-12
BKB-0271,AIS_GAP,HIGH,95,25391616743,2022-12-27T09:58:37+00:00,-10.03117,141.072216667,,Unknown,AIS gap of 96.5 h,"The vessel disappeared from the AIS source feed for longer than the configured threshold. This may indicate intentional disabling, poor coverage, equipment failure, or small-vessel below-threshold operation.","Review track before/after gap; cross-check RF, SAR, patrol and VMS sources. Note whether the gap area coincides with known IUU activity.",Previous point 2022-12-23T09:30:06+00:00 → current point 2022-12-27T09:58:37+00:00 (96.5 h silence).,2022-12
BKB-0272,AIS_GAP,HIGH,95,25391616743,2022-12-27T21:54:35+00:00,-10.0926783333,141.047053333,,Unknown,AIS gap of 10.1 h,"The vessel disappeared from the AIS source feed for longer than the configured threshold. This may indicate intentional disabling, poor coverage, equipment failure, or small-vessel below-threshold operation.","Review track before/after gap; cross-check RF, SAR, patrol and VMS sources. Note whether the gap area coincides with known IUU activity.",Previous point 2022-12-27T11:46:11+00:00 → current point 2022-12-27T21:54:35+00:00 (10.1 h silence).,2022-12
BKB-0273,AIS_GAP,MEDIUM,79,25391616743,2022-12-28T06:07:52+00:00,-9.958605,141.050725,,Unknown,AIS gap of 8.2 h,"The vessel disappeared from the AIS source feed for longer than the configured threshold. This may indicate intentional disabling, poor coverage, equipment failure, or small-vessel below-threshold operation.","Review track before/after gap; cross-check RF, SAR, patrol and VMS sources. Note whether the gap area coincides with known IUU activity.",Previous point 2022-12-27T21:54:35+00:00 → current point 2022-12-28T06:07:52+00:00 (8.2 h silence).,2022-12
BKB-0274,AIS_GAP,HIGH,95,25421861534,2022-12-22T20:40:24+00:00,-9.99002333333,141.031128333,,Unknown,AIS gap of 14.5 h,"The vessel disappeared from the AIS source feed for longer than the configured threshold. This may indicate intentional disabling, poor coverage, equipment failure, or small-vessel below-threshold operation.","Review track before/after gap; cross-check RF, SAR, patrol and VMS sources. Note whether the gap area coincides with known IUU activity.",Previous point 2022-12-22T06:09:51+00:00 → current point 2022-12-22T20:40:24+00:00 (14.5 h silence).,2022-12
BKB-0275,AIS_GAP,HIGH,90,25421861534,2022-12-23T06:13:36+00:00,-10.0676383333,141.080928333,,Unknown,AIS gap of 9.6 h,"The vessel disappeared from the AIS source feed for longer than the configured threshold. This may indicate intentional disabling, poor coverage, equipment failure, or small-vessel below-threshold operation.","Review track before/after gap; cross-check RF, SAR, patrol and VMS sources. Note whether the gap area coincides with known IUU activity.",Previous point 2022-12-22T20:40:24+00:00 → current point 2022-12-23T06:13:36+00:00 (9.6 h silence).,2022-12
BKB-0276,AIS_GAP,HIGH,95,25421861534,2022-12-27T09:59:17+00:00,-10.0209433333,141.00959,,Unknown,AIS gap of 96.4 h,"The vessel disappeared from the AIS source feed for longer than the configured threshold. This may indicate intentional disabling, poor coverage, equipment failure, or small-vessel below-threshold operation.","Review track before/after gap; cross-check RF, SAR, patrol and VMS sources. Note whether the gap area coincides with known IUU activity.",Previous point 2022-12-23T09:32:28+00:00 → current point 2022-12-27T09:59:17+00:00 (96.4 h silence).,2022-12
BKB-0277,AIS_GAP,HIGH,95,25421861534,2022-12-27T21:57:27+00:00,-10.05983,141.006446667,,Unknown,AIS gap of 12.0 h,"The vessel disappeared from the AIS source feed for longer than the configured threshold. This may indicate intentional disabling, poor coverage, equipment failure, or small-vessel below-threshold operation.","Review track before/after gap; cross-check RF, SAR, patrol and VMS sources. Note whether the gap area coincides with known IUU activity.",Previous point 2022-12-27T09:59:17+00:00 → current point 2022-12-27T21:57:27+00:00 (12.0 h silence).,2022-12
BKB-0278,AIS_GAP,HIGH,88,25432881183,2022-12-23T07:26:05+00:00,-9.94682666667,141.125866667,,Unknown,AIS gap of 9.4 h,"The vessel disappeared from the AIS source feed for longer than the configured threshold. This may indicate intentional disabling, poor coverage, equipment failure, or small-vessel below-threshold operation.","Review track before/after gap; cross-check RF, SAR, patrol and VMS sources. Note whether the gap area coincides with known IUU activity.",Previous point 2022-12-22T22:04:58+00:00 → current point 2022-12-23T07:26:05+00:00 (9.4 h silence).,2022-12
BKB-0279,AIS_GAP,MEDIUM,79,25432881183,2022-12-23T20:45:45+00:00,-10.0681466667,141.101393333,,Unknown,AIS gap of 8.2 h,"The vessel disappeared from the AIS source feed for longer than the configured threshold. This may indicate intentional disabling, poor coverage, equipment failure, or small-vessel below-threshold operation.","Review track before/after gap; cross-check RF, SAR, patrol and VMS sources. Note whether the gap area coincides with known IUU activity.",Previous point 2022-12-23T12:36:07+00:00 → current point 2022-12-23T20:45:45+00:00 (8.2 h silence).,2022-12
BKB-0280,AIS_GAP,HIGH,95,256960230,2022-12-05T12:12:18+00:00,-11.4572266667,141.722865,,Unknown,AIS gap of 26.2 h,"The vessel disappeared from the AIS source feed for longer than the configured threshold. This may indicate intentional disabling, poor coverage, equipment failure, or small-vessel below-threshold operation.","Review track before/after gap; cross-check RF, SAR, patrol and VMS sources. Note whether the gap area coincides with known IUU activity.",Previous point 2022-12-04T09:59:52+00:00 → current point 2022-12-05T12:12:18+00:00 (26.2 h silence).,2022-12
BKB-0281,AIS_GAP,HIGH,95,256960230,2022-12-10T18:49:55+00:00,-11.3330066667,142.908913333,,Unknown,AIS gap of 109.9 h,"The vessel disappeared from the AIS source feed for longer than the configured threshold. This may indicate intentional disabling, poor coverage, equipment failure, or small-vessel below-threshold operation.","Review track before/after gap; cross-check RF, SAR, patrol and VMS sources. Note whether the gap area coincides with known IUU activity.",Previous point 2022-12-06T04:54:48+00:00 → current point 2022-12-10T18:49:55+00:00 (109.9 h silence).,2022-12
BKB-0282,AIS_GAP,HIGH,95,256960230,2022-12-12T19:04:50+00:00,-10.8009983333,141.85187,,Unknown,AIS gap of 35.1 h,"The vessel disappeared from the AIS source feed for longer than the configured threshold. This may indicate intentional disabling, poor coverage, equipment failure, or small-vessel below-threshold operation.","Review track before/after gap; cross-check RF, SAR, patrol and VMS sources. Note whether the gap area coincides with known IUU activity.",Previous point 2022-12-11T07:59:57+00:00 → current point 2022-12-12T19:04:50+00:00 (35.1 h silence).,2022-12
BKB-0283,AIS_GAP,HIGH,95,256960230,2022-12-17T18:49:56+00:00,-11.40486,142.91171,,Unknown,AIS gap of 109.8 h,"The vessel disappeared from the AIS source feed for longer than the configured threshold. This may indicate intentional disabling, poor coverage, equipment failure, or small-vessel below-threshold operation.","Review track before/after gap; cross-check RF, SAR, patrol and VMS sources. Note whether the gap area coincides with known IUU activity.",Previous point 2022-12-13T05:04:49+00:00 → current point 2022-12-17T18:49:56+00:00 (109.8 h silence).,2022-12
BKB-0284,AIS_GAP,HIGH,95,256960230,2022-12-19T15:34:30+00:00,-11.3573466667,141.849905,,Unknown,AIS gap of 28.0 h,"The vessel disappeared from the AIS source feed for longer than the configured threshold. This may indicate intentional disabling, poor coverage, equipment failure, or small-vessel below-threshold operation.","Review track before/after gap; cross-check RF, SAR, patrol and VMS sources. Note whether the gap area coincides with known IUU activity.",Previous point 2022-12-18T11:36:35+00:00 → current point 2022-12-19T15:34:30+00:00 (28.0 h silence).,2022-12
BKB-0285,AIS_GAP,HIGH,95,256960230,2022-12-24T14:59:52+00:00,-11.4508083333,142.927803333,,Unknown,AIS gap of 101.5 h,"The vessel disappeared from the AIS source feed for longer than the configured threshold. This may indicate intentional disabling, poor coverage, equipment failure, or small-vessel below-threshold operation.","Review track before/after gap; cross-check RF, SAR, patrol and VMS sources. Note whether the gap area coincides with known IUU activity.",Previous point 2022-12-20T09:29:56+00:00 → current point 2022-12-24T14:59:52+00:00 (101.5 h silence).,2022-12
BKB-0286,AIS_GAP,HIGH,95,256960230,2022-12-26T11:01:53+00:00,-11.48062,141.718696667,,Unknown,AIS gap of 27.5 h,"The vessel disappeared from the AIS source feed for longer than the configured threshold. This may indicate intentional disabling, poor coverage, equipment failure, or small-vessel below-threshold operation.","Review track before/after gap; cross-check RF, SAR, patrol and VMS sources. Note whether the gap area coincides with known IUU activity.",Previous point 2022-12-25T07:33:22+00:00 → current point 2022-12-26T11:01:53+00:00 (27.5 h silence).,2022-12
BKB-0287,AIS_GAP,HIGH,95,256960230,2022-12-31T16:14:54+00:00,-11.4733216667,142.935315,,Unknown,AIS gap of 108.4 h,"The vessel disappeared from the AIS source feed for longer than the configured threshold. This may indicate intentional disabling, poor coverage, equipment failure, or small-vessel below-threshold operation.","Review track before/after gap; cross-check RF, SAR, patrol and VMS sources. Note whether the gap area coincides with known IUU activity.",Previous point 2022-12-27T03:49:54+00:00 → current point 2022-12-31T16:14:54+00:00 (108.4 h silence).,2022-12
BKB-0288,AIS_GAP,HIGH,82,25895870679,2022-12-27T05:40:14+00:00,-9.73902166667,141.066308333,,Unknown,AIS gap of 8.6 h,"The vessel disappeared from the AIS source feed for longer than the configured threshold. This may indicate intentional disabling, poor coverage, equipment failure, or small-vessel below-threshold operation.","Review track before/after gap; cross-check RF, SAR, patrol and VMS sources. Note whether the gap area coincides with known IUU activity.",Previous point 2022-12-26T21:04:41+00:00 → current point 2022-12-27T05:40:14+00:00 (8.6 h silence).,2022-12
BKB-0289,AIS_GAP,MEDIUM,64,25933168060,2022-12-17T23:37:02+00:00,-9.70152166667,141.02163,,Unknown,AIS gap of 6.3 h,"The vessel disappeared from the AIS source feed for longer than the configured threshold. This may indicate intentional disabling, poor coverage, equipment failure, or small-vessel below-threshold operation.","Review track before/after gap; cross-check RF, SAR, patrol and VMS sources. Note whether the gap area coincides with known IUU activity.",Previous point 2022-12-17T17:16:35+00:00 → current point 2022-12-17T23:37:02+00:00 (6.3 h silence).,2022-12
BKB-0290,AIS_GAP,HIGH,95,25933168060,2022-12-21T16:16:17+00:00,-9.65602666667,141.167441667,,Unknown,AIS gap of 83.5 h,"The vessel disappeared from the AIS source feed for longer than the configured threshold. This may indicate intentional disabling, poor coverage, equipment failure, or small-vessel below-threshold operation.","Review track before/after gap; cross-check RF, SAR, patrol and VMS sources. Note whether the gap area coincides with known IUU activity.",Previous point 2022-12-18T04:48:38+00:00 → current point 2022-12-21T16:16:17+00:00 (83.5 h silence).,2022-12
BKB-0291,AIS_GAP,HIGH,95,25933168060,2022-12-22T22:50:49+00:00,-9.68519666667,141.197313333,,Unknown,AIS gap of 11.2 h,"The vessel disappeared from the AIS source feed for longer than the configured threshold. This may indicate intentional disabling, poor coverage, equipment failure, or small-vessel below-threshold operation.","Review track before/after gap; cross-check RF, SAR, patrol and VMS sources. Note whether the gap area coincides with known IUU activity.",Previous point 2022-12-22T11:41:34+00:00 → current point 2022-12-22T22:50:49+00:00 (11.2 h silence).,2022-12
BKB-0292,AIS_GAP,MEDIUM,72,25933168060,2022-12-23T06:10:57+00:00,-9.659385,141.183106667,,Unknown,AIS gap of 7.3 h,"The vessel disappeared from the AIS source feed for longer than the configured threshold. This may indicate intentional disabling, poor coverage, equipment failure, or small-vessel below-threshold operation.","Review track before/after gap; cross-check RF, SAR, patrol and VMS sources. Note whether the gap area coincides with known IUU activity.",Previous point 2022-12-22T22:50:49+00:00 → current point 2022-12-23T06:10:57+00:00 (7.3 h silence).,2022-12
BKB-0293,AIS_GAP,HIGH,95,25933168060,2022-12-24T09:40:06+00:00,-9.70803833333,141.054356667,,Unknown,AIS gap of 16.7 h,"The vessel disappeared from the AIS source feed for longer than the configured threshold. This may indicate intentional disabling, poor coverage, equipment failure, or small-vessel below-threshold operation.","Review track before/after gap; cross-check RF, SAR, patrol and VMS sources. Note whether the gap area coincides with known IUU activity.",Previous point 2022-12-23T16:55:38+00:00 → current point 2022-12-24T09:40:06+00:00 (16.7 h silence).,2022-12
BKB-0294,AIS_GAP,HIGH,95,25933168060,2022-12-24T23:21:57+00:00,-9.66946833333,141.210891667,,Unknown,AIS gap of 13.7 h,"The vessel disappeared from the AIS source feed for longer than the configured threshold. This may indicate intentional disabling, poor coverage, equipment failure, or small-vessel below-threshold operation.","Review track before/after gap; cross-check RF, SAR, patrol and VMS sources. Note whether the gap area coincides with known IUU activity.",Previous point 2022-12-24T09:40:06+00:00 → current point 2022-12-24T23:21:57+00:00 (13.7 h silence).,2022-12
BKB-0295,AIS_GAP,HIGH,95,25933168060,2022-12-25T21:39:58+00:00,-9.67253833333,141.10428,,Unknown,AIS gap of 16.4 h,"The vessel disappeared from the AIS source feed for longer than the configured threshold. This may indicate intentional disabling, poor coverage, equipment failure, or small-vessel below-threshold operation.","Review track before/after gap; cross-check RF, SAR, patrol and VMS sources. Note whether the gap area coincides with known IUU activity.",Previous point 2022-12-25T05:14:38+00:00 → current point 2022-12-25T21:39:58+00:00 (16.4 h silence).,2022-12
BKB-0296,AIS_GAP,HIGH,90,25933168060,2022-12-26T09:11:27+00:00,-9.67531833333,141.05703,,Unknown,AIS gap of 9.6 h,"The vessel disappeared from the AIS source feed for longer than the configured threshold. This may indicate intentional disabling, poor coverage, equipment failure, or small-vessel below-threshold operation.","Review track before/after gap; cross-check RF, SAR, patrol and VMS sources. Note whether the gap area coincides with known IUU activity.",Previous point 2022-12-25T23:34:38+00:00 → current point 2022-12-26T09:11:27+00:00 (9.6 h silence).,2022-12
BKB-0297,AIS_GAP,HIGH,95,25933181107,2022-12-22T05:54:45+00:00,-9.65936833333,141.230465,,Unknown,AIS gap of 13.7 h,"The vessel disappeared from the AIS source feed for longer than the configured threshold. This may indicate intentional disabling, poor coverage, equipment failure, or small-vessel below-threshold operation.","Review track before/after gap; cross-check RF, SAR, patrol and VMS sources. Note whether the gap area coincides with known IUU activity.",Previous point 2022-12-21T16:14:59+00:00 → current point 2022-12-22T05:54:45+00:00 (13.7 h silence).,2022-12
BKB-0298,AIS_GAP,MEDIUM,76,25933181107,2022-12-22T16:38:06+00:00,-9.70653166667,141.111908333,,Unknown,AIS gap of 7.8 h,"The vessel disappeared from the AIS source feed for longer than the configured threshold. This may indicate intentional disabling, poor coverage, equipment failure, or small-vessel below-threshold operation.","Review track before/after gap; cross-check RF, SAR, patrol and VMS sources. Note whether the gap area coincides with known IUU activity.",Previous point 2022-12-22T08:47:34+00:00 → current point 2022-12-22T16:38:06+00:00 (7.8 h silence).,2022-12
BKB-0299,AIS_GAP,HIGH,95,25933181107,2022-12-23T06:13:42+00:00,-9.65970333333,141.184021667,,Unknown,AIS gap of 13.6 h,"The vessel disappeared from the AIS source feed for longer than the configured threshold. This may indicate intentional disabling, poor coverage, equipment failure, or small-vessel below-threshold operation.","Review track before/after gap; cross-check RF, SAR, patrol and VMS sources. Note whether the gap area coincides with known IUU activity.",Previous point 2022-12-22T16:38:06+00:00 → current point 2022-12-23T06:13:42+00:00 (13.6 h silence).,2022-12
BKB-0300,AIS_GAP,HIGH,95,25933181107,2022-12-26T09:54:48+00:00,-9.68241166667,141.050691667,,Unknown,AIS gap of 73.1 h,"The vessel disappeared from the AIS source feed for longer than the configured threshold. This may indicate intentional disabling, poor coverage, equipment failure, or small-vessel below-threshold operation.","Review track before/after gap; cross-check RF, SAR, patrol and VMS sources. Note whether the gap area coincides with known IUU activity.",Previous point 2022-12-23T08:48:03+00:00 → current point 2022-12-26T09:54:48+00:00 (73.1 h silence).,2022-12
BKB-0301,AIS_GAP,HIGH,95,25951538371,2022-12-26T22:40:17+00:00,-9.74399333333,141.149803333,,Unknown,AIS gap of 12.8 h,"The vessel disappeared from the AIS source feed for longer than the configured threshold. This may indicate intentional disabling, poor coverage, equipment failure, or small-vessel below-threshold operation.","Review track before/after gap; cross-check RF, SAR, patrol and VMS sources. Note whether the gap area coincides with known IUU activity.",Previous point 2022-12-26T09:53:06+00:00 → current point 2022-12-26T22:40:17+00:00 (12.8 h silence).,2022-12
BKB-0302,AIS_GAP,HIGH,95,25951547468,2022-12-26T21:44:57+00:00,-9.75771833333,141.104755,,Unknown,AIS gap of 11.9 h,"The vessel disappeared from the AIS source feed for longer than the configured threshold. This may indicate intentional disabling, poor coverage, equipment failure, or small-vessel below-threshold operation.","Review track before/after gap; cross-check RF, SAR, patrol and VMS sources. Note whether the gap area coincides with known IUU activity.",Previous point 2022-12-26T09:53:50+00:00 → current point 2022-12-26T21:44:57+00:00 (11.9 h silence).,2022-12
BKB-0303,AIS_GAP,HIGH,95,25972634267,2022-12-22T09:23:24+00:00,-9.71409,141.125851667,,Unknown,AIS gap of 15.5 h,"The vessel disappeared from the AIS source feed for longer than the configured threshold. This may indicate intentional disabling, poor coverage, equipment failure, or small-vessel below-threshold operation.","Review track before/after gap; cross-check RF, SAR, patrol and VMS sources. Note whether the gap area coincides with known IUU activity.",Previous point 2022-12-21T17:53:38+00:00 → current point 2022-12-22T09:23:24+00:00 (15.5 h silence).,2022-12
BKB-0304,AIS_GAP,MEDIUM,64,25972634267,2022-12-22T22:51:51+00:00,-9.68518,141.197211667,,Unknown,AIS gap of 6.3 h,"The vessel disappeared from the AIS source feed for longer than the configured threshold. This may indicate intentional disabling, poor coverage, equipment failure, or small-vessel below-threshold operation.","Review track before/after gap; cross-check RF, SAR, patrol and VMS sources. Note whether the gap area coincides with known IUU activity.",Previous point 2022-12-22T16:35:22+00:00 → current point 2022-12-22T22:51:51+00:00 (6.3 h silence).,2022-12
BKB-0305,AIS_GAP,HIGH,95,26043550742,2022-12-04T20:44:51+00:00,-10.2315816667,142.91839,,Unknown,AIS gap of 47.6 h,"The vessel disappeared from the AIS source feed for longer than the configured threshold. This may indicate intentional disabling, poor coverage, equipment failure, or small-vessel below-threshold operation.","Review track before/after gap; cross-check RF, SAR, patrol and VMS sources. Note whether the gap area coincides with known IUU activity.",Previous point 2022-12-02T21:09:59+00:00 → current point 2022-12-04T20:44:51+00:00 (47.6 h silence).,2022-12
BKB-0306,AIS_GAP,HIGH,95,26043550742,2022-12-25T10:54:54+00:00,-10.533235,141.890945,,Unknown,AIS gap of 491.2 h,"The vessel disappeared from the AIS source feed for longer than the configured threshold. This may indicate intentional disabling, poor coverage, equipment failure, or small-vessel below-threshold operation.","Review track before/after gap; cross-check RF, SAR, patrol and VMS sources. Note whether the gap area coincides with known IUU activity.",Previous point 2022-12-04T23:44:57+00:00 → current point 2022-12-25T10:54:54+00:00 (491.2 h silence).,2022-12
BKB-0307,AIS_GAP,HIGH,95,26043550742,2022-12-28T13:54:56+00:00,-9.66335666667,143.231525,,Unknown,AIS gap of 74.0 h,"The vessel disappeared from the AIS source feed for longer than the configured threshold. This may indicate intentional disabling, poor coverage, equipment failure, or small-vessel below-threshold operation.","Review track before/after gap; cross-check RF, SAR, patrol and VMS sources. Note whether the gap area coincides with known IUU activity.",Previous point 2022-12-25T11:54:54+00:00 → current point 2022-12-28T13:54:56+00:00 (74.0 h silence).,2022-12
BKB-0308,AIS_GAP,HIGH,95,26273516326,2022-12-23T09:27:18+00:00,-10.10836,141.060383333,,Unknown,AIS gap of 14.0 h,"The vessel disappeared from the AIS source feed for longer than the configured threshold. This may indicate intentional disabling, poor coverage, equipment failure, or small-vessel below-threshold operation.","Review track before/after gap; cross-check RF, SAR, patrol and VMS sources. Note whether the gap area coincides with known IUU activity.",Previous point 2022-12-22T19:28:45+00:00 → current point 2022-12-23T09:27:18+00:00 (14.0 h silence).,2022-12
BKB-0309,AIS_GAP,HIGH,92,26273516326,2022-12-23T22:23:11+00:00,-10.14536,141.055695,,Unknown,AIS gap of 9.9 h,"The vessel disappeared from the AIS source feed for longer than the configured threshold. This may indicate intentional disabling, poor coverage, equipment failure, or small-vessel below-threshold operation.","Review track before/after gap; cross-check RF, SAR, patrol and VMS sources. Note whether the gap area coincides with known IUU activity.",Previous point 2022-12-23T12:31:51+00:00 → current point 2022-12-23T22:23:11+00:00 (9.9 h silence).,2022-12
BKB-0310,AIS_GAP,HIGH,95,26287437919,2022-12-23T22:21:39+00:00,-10.1446316667,141.057763333,,Unknown,AIS gap of 12.8 h,"The vessel disappeared from the AIS source feed for longer than the configured threshold. This may indicate intentional disabling, poor coverage, equipment failure, or small-vessel below-threshold operation.","Review track before/after gap; cross-check RF, SAR, patrol and VMS sources. Note whether the gap area coincides with known IUU activity.",Previous point 2022-12-23T09:30:47+00:00 → current point 2022-12-23T22:21:39+00:00 (12.8 h silence).,2022-12
BKB-0311,AIS_GAP,MEDIUM,70,26343876605,2022-12-26T06:41:54+00:00,-9.722465,141.163006667,,Unknown,AIS gap of 7.0 h,"The vessel disappeared from the AIS source feed for longer than the configured threshold. This may indicate intentional disabling, poor coverage, equipment failure, or small-vessel below-threshold operation.","Review track before/after gap; cross-check RF, SAR, patrol and VMS sources. Note whether the gap area coincides with known IUU activity.",Previous point 2022-12-25T23:39:01+00:00 → current point 2022-12-26T06:41:54+00:00 (7.0 h silence).,2022-12
BKB-0312,AIS_GAP,HIGH,95,26558229986,2022-12-17T22:17:42+00:00,-10.6183333333,141.015,,Tanker,AIS gap of 132.7 h,"The vessel disappeared from the AIS source feed for longer than the configured threshold. This may indicate intentional disabling, poor coverage, equipment failure, or small-vessel below-threshold operation.","Review track before/after gap; cross-check RF, SAR, patrol and VMS sources. Note whether the gap area coincides with known IUU activity.",Previous point 2022-12-12T09:36:23+00:00 → current point 2022-12-17T22:17:42+00:00 (132.7 h silence).,2022-12
BKB-0313,AIS_GAP,HIGH,86,26731472736,2022-12-02T08:09:52+00:00,-9.74979,143.402318333,,Unknown,AIS gap of 9.1 h,"The vessel disappeared from the AIS source feed for longer than the configured threshold. This may indicate intentional disabling, poor coverage, equipment failure, or small-vessel below-threshold operation.","Review track before/after gap; cross-check RF, SAR, patrol and VMS sources. Note whether the gap area coincides with known IUU activity.",Previous point 2022-12-01T23:04:58+00:00 → current point 2022-12-02T08:09:52+00:00 (9.1 h silence).,2022-12
BKB-0314,AIS_GAP,HIGH,95,26731472736,2022-12-03T17:54:47+00:00,-9.74961666667,143.402651667,,Unknown,AIS gap of 18.3 h,"The vessel disappeared from the AIS source feed for longer than the configured threshold. This may indicate intentional disabling, poor coverage, equipment failure, or small-vessel below-threshold operation.","Review track before/after gap; cross-check RF, SAR, patrol and VMS sources. Note whether the gap area coincides with known IUU activity.",Previous point 2022-12-02T23:34:58+00:00 → current point 2022-12-03T17:54:47+00:00 (18.3 h silence).,2022-12
BKB-0315,AIS_GAP,HIGH,95,26731472736,2022-12-04T07:14:26+00:00,-9.74972333333,143.402741667,,Unknown,AIS gap of 13.3 h,"The vessel disappeared from the AIS source feed for longer than the configured threshold. This may indicate intentional disabling, poor coverage, equipment failure, or small-vessel below-threshold operation.","Review track before/after gap; cross-check RF, SAR, patrol and VMS sources. Note whether the gap area coincides with known IUU activity.",Previous point 2022-12-03T17:54:47+00:00 → current point 2022-12-04T07:14:26+00:00 (13.3 h silence).,2022-12
BKB-0316,AIS_GAP,HIGH,95,26731472736,2022-12-05T01:29:42+00:00,-9.74854166667,143.401393333,,Unknown,AIS gap of 16.2 h,"The vessel disappeared from the AIS source feed for longer than the configured threshold. This may indicate intentional disabling, poor coverage, equipment failure, or small-vessel below-threshold operation.","Review track before/after gap; cross-check RF, SAR, patrol and VMS sources. Note whether the gap area coincides with known IUU activity.",Previous point 2022-12-04T09:14:50+00:00 → current point 2022-12-05T01:29:42+00:00 (16.2 h silence).,2022-12
BKB-0317,AIS_GAP,HIGH,95,26731472736,2022-12-06T20:53:30+00:00,-9.74970166667,143.402488333,,Unknown,AIS gap of 33.7 h,"The vessel disappeared from the AIS source feed for longer than the configured threshold. This may indicate intentional disabling, poor coverage, equipment failure, or small-vessel below-threshold operation.","Review track before/after gap; cross-check RF, SAR, patrol and VMS sources. Note whether the gap area coincides with known IUU activity.",Previous point 2022-12-05T11:09:58+00:00 → current point 2022-12-06T20:53:30+00:00 (33.7 h silence).,2022-12
BKB-0318,AIS_GAP,HIGH,93,26731472736,2022-12-07T13:24:30+00:00,-9.74883833333,143.401678333,,Unknown,AIS gap of 9.9 h,"The vessel disappeared from the AIS source feed for longer than the configured threshold. This may indicate intentional disabling, poor coverage, equipment failure, or small-vessel below-threshold operation.","Review track before/after gap; cross-check RF, SAR, patrol and VMS sources. Note whether the gap area coincides with known IUU activity.",Previous point 2022-12-07T03:29:55+00:00 → current point 2022-12-07T13:24:30+00:00 (9.9 h silence).,2022-12
BKB-0319,AIS_GAP,HIGH,95,26731472736,2022-12-08T05:19:48+00:00,-9.749225,143.40197,,Unknown,AIS gap of 15.9 h,"The vessel disappeared from the AIS source feed for longer than the configured threshold. This may indicate intentional disabling, poor coverage, equipment failure, or small-vessel below-threshold operation.","Review track before/after gap; cross-check RF, SAR, patrol and VMS sources. Note whether the gap area coincides with known IUU activity.",Previous point 2022-12-07T13:24:30+00:00 → current point 2022-12-08T05:19:48+00:00 (15.9 h silence).,2022-12
BKB-0320,AIS_GAP,HIGH,95,26731472736,2022-12-08T21:09:05+00:00,-9.748915,143.40174,,Unknown,AIS gap of 14.8 h,"The vessel disappeared from the AIS source feed for longer than the configured threshold. This may indicate intentional disabling, poor coverage, equipment failure, or small-vessel below-threshold operation.","Review track before/after gap; cross-check RF, SAR, patrol and VMS sources. Note whether the gap area coincides with known IUU activity.",Previous point 2022-12-08T06:19:53+00:00 → current point 2022-12-08T21:09:05+00:00 (14.8 h silence).,2022-12
BKB-0321,AIS_GAP,HIGH,95,26731472736,2022-12-10T02:09:21+00:00,-9.749575,143.402546667,,Unknown,AIS gap of 24.0 h,"The vessel disappeared from the AIS source feed for longer than the configured threshold. This may indicate intentional disabling, poor coverage, equipment failure, or small-vessel below-threshold operation.","Review track before/after gap; cross-check RF, SAR, patrol and VMS sources. Note whether the gap area coincides with known IUU activity.",Previous point 2022-12-09T02:09:49+00:00 → current point 2022-12-10T02:09:21+00:00 (24.0 h silence).,2022-12
BKB-0322,AIS_GAP,HIGH,95,26731472736,2022-12-12T19:39:27+00:00,-9.74890333333,143.40172,,Unknown,AIS gap of 65.5 h,"The vessel disappeared from the AIS source feed for longer than the configured threshold. This may indicate intentional disabling, poor coverage, equipment failure, or small-vessel below-threshold operation.","Review track before/after gap; cross-check RF, SAR, patrol and VMS sources. Note whether the gap area coincides with known IUU activity.",Previous point 2022-12-10T02:09:21+00:00 → current point 2022-12-12T19:39:27+00:00 (65.5 h silence).,2022-12
BKB-0323,AIS_GAP,HIGH,95,26731472736,2022-12-13T09:09:44+00:00,-9.74894,143.401766667,,Unknown,AIS gap of 13.5 h,"The vessel disappeared from the AIS source feed for longer than the configured threshold. This may indicate intentional disabling, poor coverage, equipment failure, or small-vessel below-threshold operation.","Review track before/after gap; cross-check RF, SAR, patrol and VMS sources. Note whether the gap area coincides with known IUU activity.",Previous point 2022-12-12T19:39:27+00:00 → current point 2022-12-13T09:09:44+00:00 (13.5 h silence).,2022-12
BKB-0324,AIS_GAP,HIGH,95,26731472736,2022-12-14T03:04:05+00:00,-9.748695,143.401675,,Unknown,AIS gap of 16.9 h,"The vessel disappeared from the AIS source feed for longer than the configured threshold. This may indicate intentional disabling, poor coverage, equipment failure, or small-vessel below-threshold operation.","Review track before/after gap; cross-check RF, SAR, patrol and VMS sources. Note whether the gap area coincides with known IUU activity.",Previous point 2022-12-13T10:09:54+00:00 → current point 2022-12-14T03:04:05+00:00 (16.9 h silence).,2022-12
BKB-0325,AIS_GAP,HIGH,95,26731472736,2022-12-15T20:09:54+00:00,-9.74922666667,143.401966667,,Unknown,AIS gap of 41.1 h,"The vessel disappeared from the AIS source feed for longer than the configured threshold. This may indicate intentional disabling, poor coverage, equipment failure, or small-vessel below-threshold operation.","Review track before/after gap; cross-check RF, SAR, patrol and VMS sources. Note whether the gap area coincides with known IUU activity.",Previous point 2022-12-14T03:04:05+00:00 → current point 2022-12-15T20:09:54+00:00 (41.1 h silence).,2022-12
BKB-0326,AIS_GAP,HIGH,95,26731472736,2022-12-16T22:54:26+00:00,-9.748715,143.401535,,Unknown,AIS gap of 25.7 h,"The vessel disappeared from the AIS source feed for longer than the configured threshold. This may indicate intentional disabling, poor coverage, equipment failure, or small-vessel below-threshold operation.","Review track before/after gap; cross-check RF, SAR, patrol and VMS sources. Note whether the gap area coincides with known IUU activity.",Previous point 2022-12-15T21:12:10+00:00 → current point 2022-12-16T22:54:26+00:00 (25.7 h silence).,2022-12
BKB-0327,AIS_GAP,MEDIUM,70,26731472736,2022-12-17T05:54:56+00:00,-9.73339333333,143.395935,,Unknown,AIS gap of 7.0 h,"The vessel disappeared from the AIS source feed for longer than the configured threshold. This may indicate intentional disabling, poor coverage, equipment failure, or small-vessel below-threshold operation.","Review track before/after gap; cross-check RF, SAR, patrol and VMS sources. Note whether the gap area coincides with known IUU activity.",Previous point 2022-12-16T22:54:26+00:00 → current point 2022-12-17T05:54:56+00:00 (7.0 h silence).,2022-12
BKB-0328,AIS_GAP,HIGH,95,26731472736,2022-12-17T20:09:57+00:00,-9.74885833333,143.40169,,Unknown,AIS gap of 14.3 h,"The vessel disappeared from the AIS source feed for longer than the configured threshold. This may indicate intentional disabling, poor coverage, equipment failure, or small-vessel below-threshold operation.","Review track before/after gap; cross-check RF, SAR, patrol and VMS sources. Note whether the gap area coincides with known IUU activity.",Previous point 2022-12-17T05:54:56+00:00 → current point 2022-12-17T20:09:57+00:00 (14.3 h silence).,2022-12
BKB-0329,AIS_GAP,HIGH,95,26731472736,2022-12-18T21:53:33+00:00,-9.74899,143.401771667,,Unknown,AIS gap of 24.6 h,"The vessel disappeared from the AIS source feed for longer than the configured threshold. This may indicate intentional disabling, poor coverage, equipment failure, or small-vessel below-threshold operation.","Review track before/after gap; cross-check RF, SAR, patrol and VMS sources. Note whether the gap area coincides with known IUU activity.",Previous point 2022-12-17T21:14:56+00:00 → current point 2022-12-18T21:53:33+00:00 (24.6 h silence).,2022-12
BKB-0330,AIS_GAP,HIGH,92,26731472736,2022-12-19T07:39:54+00:00,-9.74879333333,143.401676667,,Unknown,AIS gap of 9.8 h,"The vessel disappeared from the AIS source feed for longer than the configured threshold. This may indicate intentional disabling, poor coverage, equipment failure, or small-vessel below-threshold operation.","Review track before/after gap; cross-check RF, SAR, patrol and VMS sources. Note whether the gap area coincides with known IUU activity.",Previous point 2022-12-18T21:53:33+00:00 → current point 2022-12-19T07:39:54+00:00 (9.8 h silence).,2022-12
BKB-0331,AIS_GAP,HIGH,88,26731472736,2022-12-19T21:49:51+00:00,-9.74867833333,143.401575,,Unknown,AIS gap of 9.3 h,"The vessel disappeared from the AIS source feed for longer than the configured threshold. This may indicate intentional disabling, poor coverage, equipment failure, or small-vessel below-threshold operation.","Review track before/after gap; cross-check RF, SAR, patrol and VMS sources. Note whether the gap area coincides with known IUU activity.",Previous point 2022-12-19T12:29:56+00:00 → current point 2022-12-19T21:49:51+00:00 (9.3 h silence).,2022-12
BKB-0332,AIS_GAP,HIGH,95,26731472736,2022-12-21T00:49:58+00:00,-9.74965,143.402716667,,Unknown,AIS gap of 26.0 h,"The vessel disappeared from the AIS source feed for longer than the configured threshold. This may indicate intentional disabling, poor coverage, equipment failure, or small-vessel below-threshold operation.","Review track before/after gap; cross-check RF, SAR, patrol and VMS sources. Note whether the gap area coincides with known IUU activity.",Previous point 2022-12-19T22:49:56+00:00 → current point 2022-12-21T00:49:58+00:00 (26.0 h silence).,2022-12
BKB-0333,AIS_GAP,HIGH,95,26731472736,2022-12-23T14:39:54+00:00,-9.74920833333,143.401971667,,Unknown,AIS gap of 57.4 h,"The vessel disappeared from the AIS source feed for longer than the configured threshold. This may indicate intentional disabling, poor coverage, equipment failure, or small-vessel below-threshold operation.","Review track before/after gap; cross-check RF, SAR, patrol and VMS sources. Note whether the gap area coincides with known IUU activity.",Previous point 2022-12-21T05:14:48+00:00 → current point 2022-12-23T14:39:54+00:00 (57.4 h silence).,2022-12
BKB-0334,AIS_GAP,HIGH,95,26731472736,2022-12-24T03:14:50+00:00,-9.749615,143.402635,,Unknown,AIS gap of 11.5 h,"The vessel disappeared from the AIS source feed for longer than the configured threshold. This may indicate intentional disabling, poor coverage, equipment failure, or small-vessel below-threshold operation.","Review track before/after gap; cross-check RF, SAR, patrol and VMS sources. Note whether the gap area coincides with known IUU activity.",Previous point 2022-12-23T15:44:57+00:00 → current point 2022-12-24T03:14:50+00:00 (11.5 h silence).,2022-12
BKB-0335,AIS_GAP,HIGH,95,26731472736,2022-12-24T20:09:24+00:00,-9.74858833333,143.401491667,,Unknown,AIS gap of 15.8 h,"The vessel disappeared from the AIS source feed for longer than the configured threshold. This may indicate intentional disabling, poor coverage, equipment failure, or small-vessel below-threshold operation.","Review track before/after gap; cross-check RF, SAR, patrol and VMS sources. Note whether the gap area coincides with known IUU activity.",Previous point 2022-12-24T04:19:50+00:00 → current point 2022-12-24T20:09:24+00:00 (15.8 h silence).,2022-12
BKB-0336,AIS_GAP,HIGH,95,26731472736,2022-12-26T00:59:44+00:00,-9.748835,143.401621667,,Unknown,AIS gap of 27.8 h,"The vessel disappeared from the AIS source feed for longer than the configured threshold. This may indicate intentional disabling, poor coverage, equipment failure, or small-vessel below-threshold operation.","Review track before/after gap; cross-check RF, SAR, patrol and VMS sources. Note whether the gap area coincides with known IUU activity.",Previous point 2022-12-24T21:09:47+00:00 → current point 2022-12-26T00:59:44+00:00 (27.8 h silence).,2022-12
BKB-0337,AIS_GAP,MEDIUM,66,26731472736,2022-12-26T10:24:33+00:00,-9.74899,143.401826667,,Unknown,AIS gap of 6.6 h,"The vessel disappeared from the AIS source feed for longer than the configured threshold. This may indicate intentional disabling, poor coverage, equipment failure, or small-vessel below-threshold operation.","Review track before/after gap; cross-check RF, SAR, patrol and VMS sources. Note whether the gap area coincides with known IUU activity.",Previous point 2022-12-26T03:49:57+00:00 → current point 2022-12-26T10:24:33+00:00 (6.6 h silence).,2022-12
BKB-0338,AIS_GAP,HIGH,95,26731472736,2022-12-27T10:09:43+00:00,-9.744775,143.398806667,,Unknown,AIS gap of 22.7 h,"The vessel disappeared from the AIS source feed for longer than the configured threshold. This may indicate intentional disabling, poor coverage, equipment failure, or small-vessel below-threshold operation.","Review track before/after gap; cross-check RF, SAR, patrol and VMS sources. Note whether the gap area coincides with known IUU activity.",Previous point 2022-12-26T11:24:58+00:00 → current point 2022-12-27T10:09:43+00:00 (22.7 h silence).,2022-12
BKB-0339,AIS_GAP,HIGH,95,26731472736,2022-12-28T00:29:51+00:00,-9.74915833333,143.40189,,Unknown,AIS gap of 12.3 h,"The vessel disappeared from the AIS source feed for longer than the configured threshold. This may indicate intentional disabling, poor coverage, equipment failure, or small-vessel below-threshold operation.","Review track before/after gap; cross-check RF, SAR, patrol and VMS sources. Note whether the gap area coincides with known IUU activity.",Previous point 2022-12-27T12:12:46+00:00 → current point 2022-12-28T00:29:51+00:00 (12.3 h silence).,2022-12
BKB-0340,AIS_GAP,HIGH,95,26731472736,2022-12-29T19:08:50+00:00,-9.74895166667,143.401755,,Unknown,AIS gap of 34.7 h,"The vessel disappeared from the AIS source feed for longer than the configured threshold. This may indicate intentional disabling, poor coverage, equipment failure, or small-vessel below-threshold operation.","Review track before/after gap; cross-check RF, SAR, patrol and VMS sources. Note whether the gap area coincides with known IUU activity.",Previous point 2022-12-28T08:24:53+00:00 → current point 2022-12-29T19:08:50+00:00 (34.7 h silence).,2022-12
BKB-0341,AIS_GAP,MEDIUM,76,26731472736,2022-12-30T03:59:53+00:00,-9.76655833333,143.406186667,,Unknown,AIS gap of 7.8 h,"The vessel disappeared from the AIS source feed for longer than the configured threshold. This may indicate intentional disabling, poor coverage, equipment failure, or small-vessel below-threshold operation.","Review track before/after gap; cross-check RF, SAR, patrol and VMS sources. Note whether the gap area coincides with known IUU activity.",Previous point 2022-12-29T20:09:57+00:00 → current point 2022-12-30T03:59:53+00:00 (7.8 h silence).,2022-12
BKB-0342,AIS_GAP,MEDIUM,67,26731472736,2022-12-30T13:49:51+00:00,-9.74896333333,143.40175,,Unknown,AIS gap of 6.7 h,"The vessel disappeared from the AIS source feed for longer than the configured threshold. This may indicate intentional disabling, poor coverage, equipment failure, or small-vessel below-threshold operation.","Review track before/after gap; cross-check RF, SAR, patrol and VMS sources. Note whether the gap area coincides with known IUU activity.",Previous point 2022-12-30T07:04:55+00:00 → current point 2022-12-30T13:49:51+00:00 (6.7 h silence).,2022-12
BKB-0343,AIS_GAP,HIGH,95,26731472736,2022-12-31T04:04:44+00:00,-9.74973333333,143.402356667,,Unknown,AIS gap of 14.2 h,"The vessel disappeared from the AIS source feed for longer than the configured threshold. This may indicate intentional disabling, poor coverage, equipment failure, or small-vessel below-threshold operation.","Review track before/after gap; cross-check RF, SAR, patrol and VMS sources. Note whether the gap area coincides with known IUU activity.",Previous point 2022-12-30T13:49:51+00:00 → current point 2022-12-31T04:04:44+00:00 (14.2 h silence).,2022-12
BKB-0344,AIS_GAP,HIGH,95,26731472736,2022-12-31T23:59:45+00:00,-9.74964833333,143.40274,,Unknown,AIS gap of 18.9 h,"The vessel disappeared from the AIS source feed for longer than the configured threshold. This may indicate intentional disabling, poor coverage, equipment failure, or small-vessel below-threshold operation.","Review track before/after gap; cross-check RF, SAR, patrol and VMS sources. Note whether the gap area coincides with known IUU activity.",Previous point 2022-12-31T05:08:36+00:00 → current point 2022-12-31T23:59:45+00:00 (18.9 h silence).,2022-12
BKB-0345,AIS_GAP,HIGH,95,26988703161,2022-12-17T12:59:58+00:00,-9.88553166667,141.086686667,,Unknown,AIS gap of 24.2 h,"The vessel disappeared from the AIS source feed for longer than the configured threshold. This may indicate intentional disabling, poor coverage, equipment failure, or small-vessel below-threshold operation.","Review track before/after gap; cross-check RF, SAR, patrol and VMS sources. Note whether the gap area coincides with known IUU activity.",Previous point 2022-12-16T12:44:59+00:00 → current point 2022-12-17T12:59:58+00:00 (24.2 h silence).,2022-12
BKB-0346,AIS_GAP,HIGH,95,26988703161,2022-12-18T05:37:51+00:00,-9.79313666667,141.063805,,Unknown,AIS gap of 16.6 h,"The vessel disappeared from the AIS source feed for longer than the configured threshold. This may indicate intentional disabling, poor coverage, equipment failure, or small-vessel below-threshold operation.","Review track before/after gap; cross-check RF, SAR, patrol and VMS sources. Note whether the gap area coincides with known IUU activity.",Previous point 2022-12-17T12:59:58+00:00 → current point 2022-12-18T05:37:51+00:00 (16.6 h silence).,2022-12
BKB-0347,AIS_GAP,MEDIUM,73,26988703161,2022-12-18T13:01:16+00:00,-9.916135,141.05226,,Unknown,AIS gap of 7.4 h,"The vessel disappeared from the AIS source feed for longer than the configured threshold. This may indicate intentional disabling, poor coverage, equipment failure, or small-vessel below-threshold operation.","Review track before/after gap; cross-check RF, SAR, patrol and VMS sources. Note whether the gap area coincides with known IUU activity.",Previous point 2022-12-18T05:37:51+00:00 → current point 2022-12-18T13:01:16+00:00 (7.4 h silence).,2022-12
BKB-0348,AIS_GAP,HIGH,95,26988703161,2022-12-18T23:49:39+00:00,-9.71690666667,141.178956667,,Unknown,AIS gap of 10.8 h,"The vessel disappeared from the AIS source feed for longer than the configured threshold. This may indicate intentional disabling, poor coverage, equipment failure, or small-vessel below-threshold operation.","Review track before/after gap; cross-check RF, SAR, patrol and VMS sources. Note whether the gap area coincides with known IUU activity.",Previous point 2022-12-18T13:01:16+00:00 → current point 2022-12-18T23:49:39+00:00 (10.8 h silence).,2022-12
BKB-0349,AIS_GAP,MEDIUM,68,26988703161,2022-12-19T06:35:12+00:00,-9.68148166667,141.0336,,Unknown,AIS gap of 6.8 h,"The vessel disappeared from the AIS source feed for longer than the configured threshold. This may indicate intentional disabling, poor coverage, equipment failure, or small-vessel below-threshold operation.","Review track before/after gap; cross-check RF, SAR, patrol and VMS sources. Note whether the gap area coincides with known IUU activity.",Previous point 2022-12-18T23:49:39+00:00 → current point 2022-12-19T06:35:12+00:00 (6.8 h silence).,2022-12
BKB-0350,AIS_GAP,HIGH,95,26988703161,2022-12-26T06:42:20+00:00,-9.697075,141.032056667,,Unknown,AIS gap of 168.1 h,"The vessel disappeared from the AIS source feed for longer than the configured threshold. This may indicate intentional disabling, poor coverage, equipment failure, or small-vessel below-threshold operation.","Review track before/after gap; cross-check RF, SAR, patrol and VMS sources. Note whether the gap area coincides with known IUU activity.",Previous point 2022-12-19T06:35:12+00:00 → current point 2022-12-26T06:42:20+00:00 (168.1 h silence).,2022-12
BKB-0351,AIS_GAP,HIGH,95,26988703161,2022-12-26T22:39:05+00:00,-9.708675,141.134766667,,Unknown,AIS gap of 15.9 h,"The vessel disappeared from the AIS source feed for longer than the configured threshold. This may indicate intentional disabling, poor coverage, equipment failure, or small-vessel below-threshold operation.","Review track before/after gap; cross-check RF, SAR, patrol and VMS sources. Note whether the gap area coincides with known IUU activity.",Previous point 2022-12-26T06:42:20+00:00 → current point 2022-12-26T22:39:05+00:00 (15.9 h silence).,2022-12
BKB-0352,AIS_GAP,HIGH,95,26988703161,2022-12-27T09:57:18+00:00,-9.71205333333,141.073001667,,Unknown,AIS gap of 11.3 h,"The vessel disappeared from the AIS source feed for longer than the configured threshold. This may indicate intentional disabling, poor coverage, equipment failure, or small-vessel below-threshold operation.","Review track before/after gap; cross-check RF, SAR, patrol and VMS sources. Note whether the gap area coincides with known IUU activity.",Previous point 2022-12-26T22:39:05+00:00 → current point 2022-12-27T09:57:18+00:00 (11.3 h silence).,2022-12
BKB-0353,AIS_GAP,HIGH,95,26998171461,2022-12-20T05:02:57+00:00,-9.67920166667,141.0929,,Unknown,AIS gap of 11.7 h,"The vessel disappeared from the AIS source feed for longer than the configured threshold. This may indicate intentional disabling, poor coverage, equipment failure, or small-vessel below-threshold operation.","Review track before/after gap; cross-check RF, SAR, patrol and VMS sources. Note whether the gap area coincides with known IUU activity.",Previous point 2022-12-19T17:18:51+00:00 → current point 2022-12-20T05:02:57+00:00 (11.7 h silence).,2022-12
BKB-0354,AIS_GAP,HIGH,95,26998171461,2022-12-20T15:19:26+00:00,-9.716318,141.028917,,Unknown,AIS gap of 10.3 h,"The vessel disappeared from the AIS source feed for longer than the configured threshold. This may indicate intentional disabling, poor coverage, equipment failure, or small-vessel below-threshold operation.","Review track before/after gap; cross-check RF, SAR, patrol and VMS sources. Note whether the gap area coincides with known IUU activity.",Previous point 2022-12-20T05:02:57+00:00 → current point 2022-12-20T15:19:26+00:00 (10.3 h silence).,2022-12
BKB-0355,AIS_GAP,HIGH,95,26998171461,2022-12-22T05:51:36+00:00,-9.68664333333,141.12515,,Unknown,AIS gap of 27.8 h,"The vessel disappeared from the AIS source feed for longer than the configured threshold. This may indicate intentional disabling, poor coverage, equipment failure, or small-vessel below-threshold operation.","Review track before/after gap; cross-check RF, SAR, patrol and VMS sources. Note whether the gap area coincides with known IUU activity.",Previous point 2022-12-21T02:02:34+00:00 → current point 2022-12-22T05:51:36+00:00 (27.8 h silence).,2022-12
BKB-0356,AIS_GAP,HIGH,95,26998171461,2022-12-23T06:10:20+00:00,-9.69455333333,141.157423333,,Unknown,AIS gap of 24.3 h,"The vessel disappeared from the AIS source feed for longer than the configured threshold. This may indicate intentional disabling, poor coverage, equipment failure, or small-vessel below-threshold operation.","Review track before/after gap; cross-check RF, SAR, patrol and VMS sources. Note whether the gap area coincides with known IUU activity.",Previous point 2022-12-22T05:51:36+00:00 → current point 2022-12-23T06:10:20+00:00 (24.3 h silence).,2022-12
BKB-0357,AIS_GAP,MEDIUM,78,26998171461,2022-12-23T16:55:26+00:00,-9.753565,141.046386667,,Unknown,AIS gap of 8.1 h,"The vessel disappeared from the AIS source feed for longer than the configured threshold. This may indicate intentional disabling, poor coverage, equipment failure, or small-vessel below-threshold operation.","Review track before/after gap; cross-check RF, SAR, patrol and VMS sources. Note whether the gap area coincides with known IUU activity.",Previous point 2022-12-23T08:50:32+00:00 → current point 2022-12-23T16:55:26+00:00 (8.1 h silence).,2022-12
BKB-0358,AIS_GAP,HIGH,95,26998171461,2022-12-24T09:01:01+00:00,-9.73049166667,141.094138333,,Unknown,AIS gap of 16.1 h,"The vessel disappeared from the AIS source feed for longer than the configured threshold. This may indicate intentional disabling, poor coverage, equipment failure, or small-vessel below-threshold operation.","Review track before/after gap; cross-check RF, SAR, patrol and VMS sources. Note whether the gap area coincides with known IUU activity.",Previous point 2022-12-23T16:55:26+00:00 → current point 2022-12-24T09:01:01+00:00 (16.1 h silence).,2022-12
BKB-0359,AIS_GAP,HIGH,95,26998171461,2022-12-24T21:29:36+00:00,-9.71496166667,141.127628333,,Unknown,AIS gap of 12.5 h,"The vessel disappeared from the AIS source feed for longer than the configured threshold. This may indicate intentional disabling, poor coverage, equipment failure, or small-vessel below-threshold operation.","Review track before/after gap; cross-check RF, SAR, patrol and VMS sources. Note whether the gap area coincides with known IUU activity.",Previous point 2022-12-24T09:01:01+00:00 → current point 2022-12-24T21:29:36+00:00 (12.5 h silence).,2022-12
BKB-0360,AIS_GAP,HIGH,95,26998171461,2022-12-25T09:03:22+00:00,-9.70491333333,141.094931667,,Unknown,AIS gap of 11.6 h,"The vessel disappeared from the AIS source feed for longer than the configured threshold. This may indicate intentional disabling, poor coverage, equipment failure, or small-vessel below-threshold operation.","Review track before/after gap; cross-check RF, SAR, patrol and VMS sources. Note whether the gap area coincides with known IUU activity.",Previous point 2022-12-24T21:29:36+00:00 → current point 2022-12-25T09:03:22+00:00 (11.6 h silence).,2022-12
BKB-0361,AIS_GAP,HIGH,95,26998691034,2022-12-21T17:54:39+00:00,-9.71251333333,141.043513333,,Unknown,AIS gap of 23.1 h,"The vessel disappeared from the AIS source feed for longer than the configured threshold. This may indicate intentional disabling, poor coverage, equipment failure, or small-vessel below-threshold operation.","Review track before/after gap; cross-check RF, SAR, patrol and VMS sources. Note whether the gap area coincides with known IUU activity.",Previous point 2022-12-20T18:46:32+00:00 → current point 2022-12-21T17:54:39+00:00 (23.1 h silence).,2022-12
BKB-0362,AIS_GAP,MEDIUM,65,26998691034,2022-12-22T00:22:58+00:00,-9.73085833333,141.07189,,Unknown,AIS gap of 6.5 h,"The vessel disappeared from the AIS source feed for longer than the configured threshold. This may indicate intentional disabling, poor coverage, equipment failure, or small-vessel below-threshold operation.","Review track before/after gap; cross-check RF, SAR, patrol and VMS sources. Note whether the gap area coincides with known IUU activity.",Previous point 2022-12-21T17:54:39+00:00 → current point 2022-12-22T00:22:58+00:00 (6.5 h silence).,2022-12
BKB-0363,AIS_GAP,HIGH,95,26998691034,2022-12-22T21:22:09+00:00,-9.70955666667,141.145018333,,Unknown,AIS gap of 21.0 h,"The vessel disappeared from the AIS source feed for longer than the configured threshold. This may indicate intentional disabling, poor coverage, equipment failure, or small-vessel below-threshold operation.","Review track before/after gap; cross-check RF, SAR, patrol and VMS sources. Note whether the gap area coincides with known IUU activity.",Previous point 2022-12-22T00:22:58+00:00 → current point 2022-12-22T21:22:09+00:00 (21.0 h silence).,2022-12
BKB-0364,AIS_GAP,MEDIUM,75,26998691034,2022-12-23T05:06:57+00:00,-9.688435,141.202785,,Unknown,AIS gap of 7.7 h,"The vessel disappeared from the AIS source feed for longer than the configured threshold. This may indicate intentional disabling, poor coverage, equipment failure, or small-vessel below-threshold operation.","Review track before/after gap; cross-check RF, SAR, patrol and VMS sources. Note whether the gap area coincides with known IUU activity.",Previous point 2022-12-22T21:22:09+00:00 → current point 2022-12-23T05:06:57+00:00 (7.7 h silence).,2022-12
BKB-0365,AIS_GAP,MEDIUM,65,27035288266,2022-12-17T23:37:37+00:00,-9.70163166667,141.021671667,,Unknown,AIS gap of 6.4 h,"The vessel disappeared from the AIS source feed for longer than the configured threshold. This may indicate intentional disabling, poor coverage, equipment failure, or small-vessel below-threshold operation.","Review track before/after gap; cross-check RF, SAR, patrol and VMS sources. Note whether the gap area coincides with known IUU activity.",Previous point 2022-12-17T17:13:45+00:00 → current point 2022-12-17T23:37:37+00:00 (6.4 h silence).,2022-12
BKB-0366,AIS_GAP,HIGH,95,27035288266,2022-12-23T16:55:53+00:00,-9.73289833333,141.102533333,,Unknown,AIS gap of 137.3 h,"The vessel disappeared from the AIS source feed for longer than the configured threshold. This may indicate intentional disabling, poor coverage, equipment failure, or small-vessel below-threshold operation.","Review track before/after gap; cross-check RF, SAR, patrol and VMS sources. Note whether the gap area coincides with known IUU activity.",Previous point 2022-12-17T23:37:37+00:00 → current point 2022-12-23T16:55:53+00:00 (137.3 h silence).,2022-12
BKB-0367,AIS_GAP,HIGH,95,27035288266,2022-12-24T08:58:35+00:00,-9.692915,141.121863333,,Unknown,AIS gap of 10.7 h,"The vessel disappeared from the AIS source feed for longer than the configured threshold. This may indicate intentional disabling, poor coverage, equipment failure, or small-vessel below-threshold operation.","Review track before/after gap; cross-check RF, SAR, patrol and VMS sources. Note whether the gap area coincides with known IUU activity.",Previous point 2022-12-23T22:19:01+00:00 → current point 2022-12-24T08:58:35+00:00 (10.7 h silence).,2022-12
BKB-0368,AIS_GAP,HIGH,95,27035288266,2022-12-25T09:07:57+00:00,-9.67985666667,141.08658,,Unknown,AIS gap of 24.2 h,"The vessel disappeared from the AIS source feed for longer than the configured threshold. This may indicate intentional disabling, poor coverage, equipment failure, or small-vessel below-threshold operation.","Review track before/after gap; cross-check RF, SAR, patrol and VMS sources. Note whether the gap area coincides with known IUU activity.",Previous point 2022-12-24T08:58:35+00:00 → current point 2022-12-25T09:07:57+00:00 (24.2 h silence).,2022-12
BKB-0369,AIS_GAP,HIGH,95,27291746600,2022-12-06T02:19:36+00:00,-10.5931183333,142.243573333,,Unknown,AIS gap of 121.9 h,"The vessel disappeared from the AIS source feed for longer than the configured threshold. This may indicate intentional disabling, poor coverage, equipment failure, or small-vessel below-threshold operation.","Review track before/after gap; cross-check RF, SAR, patrol and VMS sources. Note whether the gap area coincides with known IUU activity.",Previous point 2022-12-01T00:24:10+00:00 → current point 2022-12-06T02:19:36+00:00 (121.9 h silence).,2022-12
BKB-0370,AIS_GAP,HIGH,95,27497389111,2022-12-16T07:41:10+00:00,-10.693015,141.958453333,,Sailing,AIS gap of 35.7 h,"The vessel disappeared from the AIS source feed for longer than the configured threshold. This may indicate intentional disabling, poor coverage, equipment failure, or small-vessel below-threshold operation.","Review track before/after gap; cross-check RF, SAR, patrol and VMS sources. Note whether the gap area coincides with known IUU activity.",Previous point 2022-12-14T20:00:13+00:00 → current point 2022-12-16T07:41:10+00:00 (35.7 h silence).,2022-12
BKB-0371,AIS_GAP,HIGH,80,27623667435,2022-12-21T20:35:03+00:00,-9.83976333333,141.15835,,Unknown,AIS gap of 8.4 h,"The vessel disappeared from the AIS source feed for longer than the configured threshold. This may indicate intentional disabling, poor coverage, equipment failure, or small-vessel below-threshold operation.","Review track before/after gap; cross-check RF, SAR, patrol and VMS sources. Note whether the gap area coincides with known IUU activity.",Previous point 2022-12-21T12:13:07+00:00 → current point 2022-12-21T20:35:03+00:00 (8.4 h silence).,2022-12
BKB-0372,AIS_GAP,HIGH,95,27623667435,2022-12-22T17:53:18+00:00,-9.86141,141.065078333,,Unknown,AIS gap of 15.1 h,"The vessel disappeared from the AIS source feed for longer than the configured threshold. This may indicate intentional disabling, poor coverage, equipment failure, or small-vessel below-threshold operation.","Review track before/after gap; cross-check RF, SAR, patrol and VMS sources. Note whether the gap area coincides with known IUU activity.",Previous point 2022-12-22T02:48:30+00:00 → current point 2022-12-22T17:53:18+00:00 (15.1 h silence).,2022-12
BKB-0373,AIS_GAP,MEDIUM,67,27623667435,2022-12-23T01:53:06+00:00,-10.1271116667,141.135181667,,Unknown,AIS gap of 6.7 h,"The vessel disappeared from the AIS source feed for longer than the configured threshold. This may indicate intentional disabling, poor coverage, equipment failure, or small-vessel below-threshold operation.","Review track before/after gap; cross-check RF, SAR, patrol and VMS sources. Note whether the gap area coincides with known IUU activity.",Previous point 2022-12-22T19:09:19+00:00 → current point 2022-12-23T01:53:06+00:00 (6.7 h silence).,2022-12
BKB-0374,AIS_GAP,HIGH,95,27623667435,2022-12-24T06:30:29+00:00,-10.048825,141.038036667,,Unknown,AIS gap of 18.8 h,"The vessel disappeared from the AIS source feed for longer than the configured threshold. This may indicate intentional disabling, poor coverage, equipment failure, or small-vessel below-threshold operation.","Review track before/after gap; cross-check RF, SAR, patrol and VMS sources. Note whether the gap area coincides with known IUU activity.",Previous point 2022-12-23T11:42:15+00:00 → current point 2022-12-24T06:30:29+00:00 (18.8 h silence).,2022-12
BKB-0375,AIS_GAP,HIGH,95,27623667435,2022-12-25T04:36:30+00:00,-9.88809166667,141.081348333,,Unknown,AIS gap of 19.6 h,"The vessel disappeared from the AIS source feed for longer than the configured threshold. This may indicate intentional disabling, poor coverage, equipment failure, or small-vessel below-threshold operation.","Review track before/after gap; cross-check RF, SAR, patrol and VMS sources. Note whether the gap area coincides with known IUU activity.",Previous point 2022-12-24T09:01:22+00:00 → current point 2022-12-25T04:36:30+00:00 (19.6 h silence).,2022-12
BKB-0376,AIS_GAP,HIGH,95,27679564570,2022-12-18T09:55:38+00:00,-9.797425,141.101135,,Unknown,AIS gap of 45.2 h,"The vessel disappeared from the AIS source feed for longer than the configured threshold. This may indicate intentional disabling, poor coverage, equipment failure, or small-vessel below-threshold operation.","Review track before/after gap; cross-check RF, SAR, patrol and VMS sources. Note whether the gap area coincides with known IUU activity.",Previous point 2022-12-16T12:42:47+00:00 → current point 2022-12-18T09:55:38+00:00 (45.2 h silence).,2022-12
BKB-0377,AIS_GAP,HIGH,95,27679564570,2022-12-20T15:15:55+00:00,-9.603418,141.172257,,Unknown,AIS gap of 53.3 h,"The vessel disappeared from the AIS source feed for longer than the configured threshold. This may indicate intentional disabling, poor coverage, equipment failure, or small-vessel below-threshold operation.","Review track before/after gap; cross-check RF, SAR, patrol and VMS sources. Note whether the gap area coincides with known IUU activity.",Previous point 2022-12-18T09:55:38+00:00 → current point 2022-12-20T15:15:55+00:00 (53.3 h silence).,2022-12
BKB-0378,AIS_GAP,HIGH,95,27697191695,2022-12-18T11:33:48+00:00,-9.78010333333,141.102421667,,Unknown,AIS gap of 14.0 h,"The vessel disappeared from the AIS source feed for longer than the configured threshold. This may indicate intentional disabling, poor coverage, equipment failure, or small-vessel below-threshold operation.","Review track before/after gap; cross-check RF, SAR, patrol and VMS sources. Note whether the gap area coincides with known IUU activity.",Previous point 2022-12-17T21:36:41+00:00 → current point 2022-12-18T11:33:48+00:00 (14.0 h silence).,2022-12
BKB-0379,AIS_GAP,HIGH,95,27697191695,2022-12-19T00:16:24+00:00,-9.76714666667,141.083086667,,Unknown,AIS gap of 12.7 h,"The vessel disappeared from the AIS source feed for longer than the configured threshold. This may indicate intentional disabling, poor coverage, equipment failure, or small-vessel below-threshold operation.","Review track before/after gap; cross-check RF, SAR, patrol and VMS sources. Note whether the gap area coincides with known IUU activity.",Previous point 2022-12-18T11:33:48+00:00 → current point 2022-12-19T00:16:24+00:00 (12.7 h silence).,2022-12
BKB-0380,AIS_GAP,HIGH,83,27697191695,2022-12-19T08:59:55+00:00,-9.7312,141.051093333,,Unknown,AIS gap of 8.7 h,"The vessel disappeared from the AIS source feed for longer than the configured threshold. This may indicate intentional disabling, poor coverage, equipment failure, or small-vessel below-threshold operation.","Review track before/after gap; cross-check RF, SAR, patrol and VMS sources. Note whether the gap area coincides with known IUU activity.",Previous point 2022-12-19T00:16:24+00:00 → current point 2022-12-19T08:59:55+00:00 (8.7 h silence).,2022-12
BKB-0381,AIS_GAP,HIGH,95,27697191695,2022-12-20T15:15:47+00:00,-9.603747,141.187022,,Unknown,AIS gap of 30.3 h,"The vessel disappeared from the AIS source feed for longer than the configured threshold. This may indicate intentional disabling, poor coverage, equipment failure, or small-vessel below-threshold operation.","Review track before/after gap; cross-check RF, SAR, patrol and VMS sources. Note whether the gap area coincides with known IUU activity.",Previous point 2022-12-19T08:59:55+00:00 → current point 2022-12-20T15:15:47+00:00 (30.3 h silence).,2022-12
BKB-0382,AIS_GAP,HIGH,95,27697191695,2022-12-21T02:03:15+00:00,-9.585703,141.218928,,Unknown,AIS gap of 10.8 h,"The vessel disappeared from the AIS source feed for longer than the configured threshold. This may indicate intentional disabling, poor coverage, equipment failure, or small-vessel below-threshold operation.","Review track before/after gap; cross-check RF, SAR, patrol and VMS sources. Note whether the gap area coincides with known IUU activity.",Previous point 2022-12-20T15:15:47+00:00 → current point 2022-12-21T02:03:15+00:00 (10.8 h silence).,2022-12
BKB-0383,AIS_GAP,HIGH,95,27697191695,2022-12-22T10:22:11+00:00,-10.1468,141.220945,,Unknown,AIS gap of 32.3 h,"The vessel disappeared from the AIS source feed for longer than the configured threshold. This may indicate intentional disabling, poor coverage, equipment failure, or small-vessel below-threshold operation.","Review track before/after gap; cross-check RF, SAR, patrol and VMS sources. Note whether the gap area coincides with known IUU activity.",Previous point 2022-12-21T02:03:15+00:00 → current point 2022-12-22T10:22:11+00:00 (32.3 h silence).,2022-12
BKB-0384,AIS_GAP,MEDIUM,67,27697191695,2022-12-22T17:06:14+00:00,-10.101555,141.233726667,,Unknown,AIS gap of 6.7 h,"The vessel disappeared from the AIS source feed for longer than the configured threshold. This may indicate intentional disabling, poor coverage, equipment failure, or small-vessel below-threshold operation.","Review track before/after gap; cross-check RF, SAR, patrol and VMS sources. Note whether the gap area coincides with known IUU activity.",Previous point 2022-12-22T10:22:11+00:00 → current point 2022-12-22T17:06:14+00:00 (6.7 h silence).,2022-12
BKB-0385,AIS_GAP,HIGH,95,27697191695,2022-12-24T08:59:24+00:00,-10.18778,141.046855,,Unknown,AIS gap of 39.9 h,"The vessel disappeared from the AIS source feed for longer than the configured threshold. This may indicate intentional disabling, poor coverage, equipment failure, or small-vessel below-threshold operation.","Review track before/after gap; cross-check RF, SAR, patrol and VMS sources. Note whether the gap area coincides with known IUU activity.",Previous point 2022-12-22T17:06:14+00:00 → current point 2022-12-24T08:59:24+00:00 (39.9 h silence).,2022-12
BKB-0386,AIS_GAP,HIGH,95,27697191695,2022-12-26T09:13:44+00:00,-9.65283,141.067673333,,Unknown,AIS gap of 48.2 h,"The vessel disappeared from the AIS source feed for longer than the configured threshold. This may indicate intentional disabling, poor coverage, equipment failure, or small-vessel below-threshold operation.","Review track before/after gap; cross-check RF, SAR, patrol and VMS sources. Note whether the gap area coincides with known IUU activity.",Previous point 2022-12-24T08:59:24+00:00 → current point 2022-12-26T09:13:44+00:00 (48.2 h silence).,2022-12
BKB-0387,AIS_GAP,HIGH,95,2772183358,2022-12-07T20:24:36+00:00,-10.9654333333,142.68044,,Sailing,AIS gap of 14.7 h,"The vessel disappeared from the AIS source feed for longer than the configured threshold. This may indicate intentional disabling, poor coverage, equipment failure, or small-vessel below-threshold operation.","Review track before/after gap; cross-check RF, SAR, patrol and VMS sources. Note whether the gap area coincides with known IUU activity.",Previous point 2022-12-07T05:44:51+00:00 → current point 2022-12-07T20:24:36+00:00 (14.7 h silence).,2022-12
BKB-0388,AIS_GAP,HIGH,95,2772183358,2022-12-12T23:57:58+00:00,-10.5875633333,142.22585,,Sailing,AIS gap of 117.1 h,"The vessel disappeared from the AIS source feed for longer than the configured threshold. This may indicate intentional disabling, poor coverage, equipment failure, or small-vessel below-threshold operation.","Review track before/after gap; cross-check RF, SAR, patrol and VMS sources. Note whether the gap area coincides with known IUU activity.",Previous point 2022-12-08T02:49:37+00:00 → current point 2022-12-12T23:57:58+00:00 (117.1 h silence).,2022-12
BKB-0389,AIS_GAP,HIGH,95,2772183358,2022-12-15T04:06:38+00:00,-10.5867983333,142.226545,,Sailing,AIS gap of 50.0 h,"The vessel disappeared from the AIS source feed for longer than the configured threshold. This may indicate intentional disabling, poor coverage, equipment failure, or small-vessel below-threshold operation.","Review track before/after gap; cross-check RF, SAR, patrol and VMS sources. Note whether the gap area coincides with known IUU activity.",Previous point 2022-12-13T02:03:43+00:00 → current point 2022-12-15T04:06:38+00:00 (50.0 h silence).,2022-12
BKB-0390,AIS_GAP,HIGH,95,2772183358,2022-12-16T21:59:58+00:00,-10.5902316667,142.217788333,,Sailing,AIS gap of 41.9 h,"The vessel disappeared from the AIS source feed for longer than the configured threshold. This may indicate intentional disabling, poor coverage, equipment failure, or small-vessel below-threshold operation.","Review track before/after gap; cross-check RF, SAR, patrol and VMS sources. Note whether the gap area coincides with known IUU activity.",Previous point 2022-12-15T04:06:38+00:00 → current point 2022-12-16T21:59:58+00:00 (41.9 h silence).,2022-12
BKB-0391,AIS_GAP,MEDIUM,73,27757874567,2022-12-20T22:45:39+00:00,-9.585262,141.218068,,Unknown,AIS gap of 7.5 h,"The vessel disappeared from the AIS source feed for longer than the configured threshold. This may indicate intentional disabling, poor coverage, equipment failure, or small-vessel below-threshold operation.","Review track before/after gap; cross-check RF, SAR, patrol and VMS sources. Note whether the gap area coincides with known IUU activity.",Previous point 2022-12-20T15:16:09+00:00 → current point 2022-12-20T22:45:39+00:00 (7.5 h silence).,2022-12
BKB-0392,AIS_GAP,HIGH,95,27757874567,2022-12-24T09:33:49+00:00,-10.0938766667,141.029323333,,Unknown,AIS gap of 82.8 h,"The vessel disappeared from the AIS source feed for longer than the configured threshold. This may indicate intentional disabling, poor coverage, equipment failure, or small-vessel below-threshold operation.","Review track before/after gap; cross-check RF, SAR, patrol and VMS sources. Note whether the gap area coincides with known IUU activity.",Previous point 2022-12-20T22:45:39+00:00 → current point 2022-12-24T09:33:49+00:00 (82.8 h silence).,2022-12
BKB-0393,AIS_GAP,HIGH,95,27757874567,2022-12-24T22:29:16+00:00,-10.0373016667,141.012796667,,Unknown,AIS gap of 12.9 h,"The vessel disappeared from the AIS source feed for longer than the configured threshold. This may indicate intentional disabling, poor coverage, equipment failure, or small-vessel below-threshold operation.","Review track before/after gap; cross-check RF, SAR, patrol and VMS sources. Note whether the gap area coincides with known IUU activity.",Previous point 2022-12-24T09:33:49+00:00 → current point 2022-12-24T22:29:16+00:00 (12.9 h silence).,2022-12
BKB-0394,AIS_GAP,HIGH,95,27840627584,2022-12-20T15:16:18+00:00,-9.60814,141.13904,,Unknown,AIS gap of 101.1 h,"The vessel disappeared from the AIS source feed for longer than the configured threshold. This may indicate intentional disabling, poor coverage, equipment failure, or small-vessel below-threshold operation.","Review track before/after gap; cross-check RF, SAR, patrol and VMS sources. Note whether the gap area coincides with known IUU activity.",Previous point 2022-12-16T10:07:34+00:00 → current point 2022-12-20T15:16:18+00:00 (101.1 h silence).,2022-12
BKB-0395,AIS_GAP,HIGH,95,27907350923,2022-12-07T10:15:38+00:00,-9.60681,141.090826667,,Fishing,AIS gap of 24.1 h,"The vessel disappeared from the AIS source feed for longer than the configured threshold. This may indicate intentional disabling, poor coverage, equipment failure, or small-vessel below-threshold operation.","Review track before/after gap; cross-check RF, SAR, patrol and VMS sources. Note whether the gap area coincides with known IUU activity.",Previous point 2022-12-06T10:09:24+00:00 → current point 2022-12-07T10:15:38+00:00 (24.1 h silence).,2022-12
BKB-0396,AIS_GAP,HIGH,95,27907350923,2022-12-08T11:56:15+00:00,-9.61435166667,141.04416,,Fishing,AIS gap of 17.3 h,"The vessel disappeared from the AIS source feed for longer than the configured threshold. This may indicate intentional disabling, poor coverage, equipment failure, or small-vessel below-threshold operation.","Review track before/after gap; cross-check RF, SAR, patrol and VMS sources. Note whether the gap area coincides with known IUU activity.",Previous point 2022-12-07T18:41:08+00:00 → current point 2022-12-08T11:56:15+00:00 (17.3 h silence).,2022-12
BKB-0397,AIS_GAP,HIGH,95,27907350923,2022-12-09T00:29:30+00:00,-9.59484833333,141.120133333,,Fishing,AIS gap of 12.6 h,"The vessel disappeared from the AIS source feed for longer than the configured threshold. This may indicate intentional disabling, poor coverage, equipment failure, or small-vessel below-threshold operation.","Review track before/after gap; cross-check RF, SAR, patrol and VMS sources. Note whether the gap area coincides with known IUU activity.",Previous point 2022-12-08T11:56:15+00:00 → current point 2022-12-09T00:29:30+00:00 (12.6 h silence).,2022-12
BKB-0398,AIS_GAP,HIGH,95,27907350923,2022-12-10T01:29:18+00:00,-9.65929666667,141.073826667,,Fishing,AIS gap of 19.6 h,"The vessel disappeared from the AIS source feed for longer than the configured threshold. This may indicate intentional disabling, poor coverage, equipment failure, or small-vessel below-threshold operation.","Review track before/after gap; cross-check RF, SAR, patrol and VMS sources. Note whether the gap area coincides with known IUU activity.",Previous point 2022-12-09T05:54:19+00:00 → current point 2022-12-10T01:29:18+00:00 (19.6 h silence).,2022-12
BKB-0399,AIS_GAP,HIGH,95,28003273435,2022-12-22T16:38:18+00:00,-9.85382833333,141.04613,,Unknown,AIS gap of 18.5 h,"The vessel disappeared from the AIS source feed for longer than the configured threshold. This may indicate intentional disabling, poor coverage, equipment failure, or small-vessel below-threshold operation.","Review track before/after gap; cross-check RF, SAR, patrol and VMS sources. Note whether the gap area coincides with known IUU activity.",Previous point 2022-12-21T22:06:25+00:00 → current point 2022-12-22T16:38:18+00:00 (18.5 h silence).,2022-12
BKB-0400,AIS_GAP,HIGH,86,28003273435,2022-12-23T09:26:47+00:00,-10.0496166667,141.067748333,,Unknown,AIS gap of 9.0 h,"The vessel disappeared from the AIS source feed for longer than the configured threshold. This may indicate intentional disabling, poor coverage, equipment failure, or small-vessel below-threshold operation.","Review track before/after gap; cross-check RF, SAR, patrol and VMS sources. Note whether the gap area coincides with known IUU activity.",Previous point 2022-12-23T00:24:04+00:00 → current point 2022-12-23T09:26:47+00:00 (9.0 h silence).,2022-12
BKB-0401,AIS_GAP,MEDIUM,64,28003273435,2022-12-23T16:55:47+00:00,-10.0172866667,141.03897,,Unknown,AIS gap of 6.3 h,"The vessel disappeared from the AIS source feed for longer than the configured threshold. This may indicate intentional disabling, poor coverage, equipment failure, or small-vessel below-threshold operation.","Review track before/after gap; cross-check RF, SAR, patrol and VMS sources. Note whether the gap area coincides with known IUU activity.",Previous point 2022-12-23T10:37:38+00:00 → current point 2022-12-23T16:55:47+00:00 (6.3 h silence).,2022-12
BKB-0402,AIS_GAP,MEDIUM,76,28003273435,2022-12-24T00:45:11+00:00,-10.14483,141.037828333,,Unknown,AIS gap of 7.8 h,"The vessel disappeared from the AIS source feed for longer than the configured threshold. This may indicate intentional disabling, poor coverage, equipment failure, or small-vessel below-threshold operation.","Review track before/after gap; cross-check RF, SAR, patrol and VMS sources. Note whether the gap area coincides with known IUU activity.",Previous point 2022-12-23T16:55:47+00:00 → current point 2022-12-24T00:45:11+00:00 (7.8 h silence).,2022-12
BKB-0403,AIS_GAP,HIGH,95,28003273435,2022-12-25T05:16:19+00:00,-9.87802333333,141.077011667,,Unknown,AIS gap of 28.5 h,"The vessel disappeared from the AIS source feed for longer than the configured threshold. This may indicate intentional disabling, poor coverage, equipment failure, or small-vessel below-threshold operation.","Review track before/after gap; cross-check RF, SAR, patrol and VMS sources. Note whether the gap area coincides with known IUU activity.",Previous point 2022-12-24T00:45:11+00:00 → current point 2022-12-25T05:16:19+00:00 (28.5 h silence).,2022-12
BKB-0404,AIS_GAP,HIGH,94,28015641786,2022-12-22T08:47:05+00:00,-9.84596833333,141.085351667,,Unknown,AIS gap of 10.1 h,"The vessel disappeared from the AIS source feed for longer than the configured threshold. This may indicate intentional disabling, poor coverage, equipment failure, or small-vessel below-threshold operation.","Review track before/after gap; cross-check RF, SAR, patrol and VMS sources. Note whether the gap area coincides with known IUU activity.",Previous point 2022-12-21T22:40:47+00:00 → current point 2022-12-22T08:47:05+00:00 (10.1 h silence).,2022-12
BKB-0405,AIS_GAP,HIGH,95,28015641786,2022-12-23T08:48:06+00:00,-10.0468316667,141.082903333,,Unknown,AIS gap of 16.2 h,"The vessel disappeared from the AIS source feed for longer than the configured threshold. This may indicate intentional disabling, poor coverage, equipment failure, or small-vessel below-threshold operation.","Review track before/after gap; cross-check RF, SAR, patrol and VMS sources. Note whether the gap area coincides with known IUU activity.",Previous point 2022-12-22T16:35:37+00:00 → current point 2022-12-23T08:48:06+00:00 (16.2 h silence).,2022-12
BKB-0406,AIS_GAP,HIGH,95,28044614329,2022-12-22T16:39:03+00:00,-9.719105,141.14856,,Unknown,AIS gap of 125.1 h,"The vessel disappeared from the AIS source feed for longer than the configured threshold. This may indicate intentional disabling, poor coverage, equipment failure, or small-vessel below-threshold operation.","Review track before/after gap; cross-check RF, SAR, patrol and VMS sources. Note whether the gap area coincides with known IUU activity.",Previous point 2022-12-17T11:30:43+00:00 → current point 2022-12-22T16:39:03+00:00 (125.1 h silence).,2022-12
BKB-0407,AIS_GAP,HIGH,95,28044614329,2022-12-25T05:14:03+00:00,-9.65721666667,141.213843333,,Unknown,AIS gap of 59.0 h,"The vessel disappeared from the AIS source feed for longer than the configured threshold. This may indicate intentional disabling, poor coverage, equipment failure, or small-vessel below-threshold operation.","Review track before/after gap; cross-check RF, SAR, patrol and VMS sources. Note whether the gap area coincides with known IUU activity.",Previous point 2022-12-22T18:16:30+00:00 → current point 2022-12-25T05:14:03+00:00 (59.0 h silence).,2022-12
BKB-0408,AIS_GAP,HIGH,95,28044614329,2022-12-25T21:00:07+00:00,-9.67412666667,141.10075,,Unknown,AIS gap of 11.2 h,"The vessel disappeared from the AIS source feed for longer than the configured threshold. This may indicate intentional disabling, poor coverage, equipment failure, or small-vessel below-threshold operation.","Review track before/after gap; cross-check RF, SAR, patrol and VMS sources. Note whether the gap area coincides with known IUU activity.",Previous point 2022-12-25T09:46:41+00:00 → current point 2022-12-25T21:00:07+00:00 (11.2 h silence).,2022-12
BKB-0409,AIS_GAP,HIGH,93,28130194933,2022-12-21T22:05:54+00:00,-9.87167666667,141.161051667,,Unknown,AIS gap of 10.0 h,"The vessel disappeared from the AIS source feed for longer than the configured threshold. This may indicate intentional disabling, poor coverage, equipment failure, or small-vessel below-threshold operation.","Review track before/after gap; cross-check RF, SAR, patrol and VMS sources. Note whether the gap area coincides with known IUU activity.",Previous point 2022-12-21T12:08:22+00:00 → current point 2022-12-21T22:05:54+00:00 (10.0 h silence).,2022-12
BKB-0410,AIS_GAP,HIGH,80,28130194933,2022-12-22T08:43:56+00:00,-9.80605166667,141.22179,,Unknown,AIS gap of 8.3 h,"The vessel disappeared from the AIS source feed for longer than the configured threshold. This may indicate intentional disabling, poor coverage, equipment failure, or small-vessel below-threshold operation.","Review track before/after gap; cross-check RF, SAR, patrol and VMS sources. Note whether the gap area coincides with known IUU activity.",Previous point 2022-12-22T00:26:00+00:00 → current point 2022-12-22T08:43:56+00:00 (8.3 h silence).,2022-12
BKB-0411,AIS_GAP,HIGH,95,28130194933,2022-12-23T05:00:43+00:00,-10.11557,141.042926667,,Unknown,AIS gap of 20.3 h,"The vessel disappeared from the AIS source feed for longer than the configured threshold. This may indicate intentional disabling, poor coverage, equipment failure, or small-vessel below-threshold operation.","Review track before/after gap; cross-check RF, SAR, patrol and VMS sources. Note whether the gap area coincides with known IUU activity.",Previous point 2022-12-22T08:43:56+00:00 → current point 2022-12-23T05:00:43+00:00 (20.3 h silence).,2022-12
BKB-0412,AIS_GAP,HIGH,95,28213187187,2022-12-20T15:26:03+00:00,-9.710277,141.050775,,Unknown,AIS gap of 39.6 h,"The vessel disappeared from the AIS source feed for longer than the configured threshold. This may indicate intentional disabling, poor coverage, equipment failure, or small-vessel below-threshold operation.","Review track before/after gap; cross-check RF, SAR, patrol and VMS sources. Note whether the gap area coincides with known IUU activity.",Previous point 2022-12-18T23:48:14+00:00 → current point 2022-12-20T15:26:03+00:00 (39.6 h silence).,2022-12
BKB-0413,AIS_GAP,HIGH,95,28213187187,2022-12-23T12:34:50+00:00,-9.78922666667,141.018636667,,Unknown,AIS gap of 69.1 h,"The vessel disappeared from the AIS source feed for longer than the configured threshold. This may indicate intentional disabling, poor coverage, equipment failure, or small-vessel below-threshold operation.","Review track before/after gap; cross-check RF, SAR, patrol and VMS sources. Note whether the gap area coincides with known IUU activity.",Previous point 2022-12-20T15:26:03+00:00 → current point 2022-12-23T12:34:50+00:00 (69.1 h silence).,2022-12
BKB-0414,AIS_GAP,HIGH,95,28213187187,2022-12-24T09:28:32+00:00,-9.73769166667,141.100943333,,Unknown,AIS gap of 16.6 h,"The vessel disappeared from the AIS source feed for longer than the configured threshold. This may indicate intentional disabling, poor coverage, equipment failure, or small-vessel below-threshold operation.","Review track before/after gap; cross-check RF, SAR, patrol and VMS sources. Note whether the gap area coincides with known IUU activity.",Previous point 2022-12-23T16:55:00+00:00 → current point 2022-12-24T09:28:32+00:00 (16.6 h silence).,2022-12
BKB-0415,AIS_GAP,HIGH,95,28213187187,2022-12-24T22:26:47+00:00,-9.71274166667,141.15149,,Unknown,AIS gap of 13.0 h,"The vessel disappeared from the AIS source feed for longer than the configured threshold. This may indicate intentional disabling, poor coverage, equipment failure, or small-vessel below-threshold operation.","Review track before/after gap; cross-check RF, SAR, patrol and VMS sources. Note whether the gap area coincides with known IUU activity.",Previous point 2022-12-24T09:28:32+00:00 → current point 2022-12-24T22:26:47+00:00 (13.0 h silence).,2022-12
BKB-0416,AIS_GAP,HIGH,95,28213187187,2022-12-25T21:04:48+00:00,-9.71010833333,141.10299,,Unknown,AIS gap of 22.6 h,"The vessel disappeared from the AIS source feed for longer than the configured threshold. This may indicate intentional disabling, poor coverage, equipment failure, or small-vessel below-threshold operation.","Review track before/after gap; cross-check RF, SAR, patrol and VMS sources. Note whether the gap area coincides with known IUU activity.",Previous point 2022-12-24T22:26:47+00:00 → current point 2022-12-25T21:04:48+00:00 (22.6 h silence).,2022-12
BKB-0417,AIS_GAP,HIGH,95,28213187187,2022-12-26T08:14:15+00:00,-9.68175333333,141.159155,,Unknown,AIS gap of 11.2 h,"The vessel disappeared from the AIS source feed for longer than the configured threshold. This may indicate intentional disabling, poor coverage, equipment failure, or small-vessel below-threshold operation.","Review track before/after gap; cross-check RF, SAR, patrol and VMS sources. Note whether the gap area coincides with known IUU activity.",Previous point 2022-12-25T21:04:48+00:00 → current point 2022-12-26T08:14:15+00:00 (11.2 h silence).,2022-12
BKB-0418,AIS_GAP,HIGH,95,28287538355,2022-12-27T23:42:19+00:00,-11.081515,142.84585,,Sailing,AIS gap of 20.4 h,"The vessel disappeared from the AIS source feed for longer than the configured threshold. This may indicate intentional disabling, poor coverage, equipment failure, or small-vessel below-threshold operation.","Review track before/after gap; cross-check RF, SAR, patrol and VMS sources. Note whether the gap area coincides with known IUU activity.",Previous point 2022-12-27T03:19:52+00:00 → current point 2022-12-27T23:42:19+00:00 (20.4 h silence).,2022-12
BKB-0419,AIS_GAP,HIGH,95,28291259036,2022-12-27T05:19:54+00:00,-10.4892066667,141.492365,,Unknown,AIS gap of 43.8 h,"The vessel disappeared from the AIS source feed for longer than the configured threshold. This may indicate intentional disabling, poor coverage, equipment failure, or small-vessel below-threshold operation.","Review track before/after gap; cross-check RF, SAR, patrol and VMS sources. Note whether the gap area coincides with known IUU activity.",Previous point 2022-12-25T09:31:49+00:00 → current point 2022-12-27T05:19:54+00:00 (43.8 h silence).,2022-12
BKB-0420,AIS_GAP,HIGH,95,28561716442,2022-12-01T23:29:18+00:00,-10.5869283333,142.225391667,,Sailing,AIS gap of 20.0 h,"The vessel disappeared from the AIS source feed for longer than the configured threshold. This may indicate intentional disabling, poor coverage, equipment failure, or small-vessel below-threshold operation.","Review track before/after gap; cross-check RF, SAR, patrol and VMS sources. Note whether the gap area coincides with known IUU activity.",Previous point 2022-12-01T03:29:19+00:00 → current point 2022-12-01T23:29:18+00:00 (20.0 h silence).,2022-12
BKB-0421,AIS_GAP,HIGH,95,28561716442,2022-12-03T23:14:18+00:00,-10.5871266667,142.224576667,,Sailing,AIS gap of 38.8 h,"The vessel disappeared from the AIS source feed for longer than the configured threshold. This may indicate intentional disabling, poor coverage, equipment failure, or small-vessel below-threshold operation.","Review track before/after gap; cross-check RF, SAR, patrol and VMS sources. Note whether the gap area coincides with known IUU activity.",Previous point 2022-12-02T08:26:20+00:00 → current point 2022-12-03T23:14:18+00:00 (38.8 h silence).,2022-12
BKB-0422,AIS_GAP,HIGH,95,28576349461,2022-12-22T05:56:32+00:00,-9.66153333333,141.244155,,Unknown,AIS gap of 114.4 h,"The vessel disappeared from the AIS source feed for longer than the configured threshold. This may indicate intentional disabling, poor coverage, equipment failure, or small-vessel below-threshold operation.","Review track before/after gap; cross-check RF, SAR, patrol and VMS sources. Note whether the gap area coincides with known IUU activity.",Previous point 2022-12-17T11:31:28+00:00 → current point 2022-12-22T05:56:32+00:00 (114.4 h silence).,2022-12
BKB-0423,AIS_GAP,HIGH,95,28576349461,2022-12-22T22:13:08+00:00,-9.68673166667,141.201216667,,Unknown,AIS gap of 13.5 h,"The vessel disappeared from the AIS source feed for longer than the configured threshold. This may indicate intentional disabling, poor coverage, equipment failure, or small-vessel below-threshold operation.","Review track before/after gap; cross-check RF, SAR, patrol and VMS sources. Note whether the gap area coincides with known IUU activity.",Previous point 2022-12-22T08:45:42+00:00 → current point 2022-12-22T22:13:08+00:00 (13.5 h silence).,2022-12
BKB-0424,AIS_GAP,HIGH,95,28576349461,2022-12-23T12:31:32+00:00,-9.77183,141.088431667,,Unknown,AIS gap of 11.8 h,"The vessel disappeared from the AIS source feed for longer than the configured threshold. This may indicate intentional disabling, poor coverage, equipment failure, or small-vessel below-threshold operation.","Review track before/after gap; cross-check RF, SAR, patrol and VMS sources. Note whether the gap area coincides with known IUU activity.",Previous point 2022-12-23T00:41:10+00:00 → current point 2022-12-23T12:31:32+00:00 (11.8 h silence).,2022-12
BKB-0425,AIS_GAP,MEDIUM,77,28576349461,2022-12-24T00:46:30+00:00,-9.67349666667,141.184205,,Unknown,AIS gap of 7.9 h,"The vessel disappeared from the AIS source feed for longer than the configured threshold. This may indicate intentional disabling, poor coverage, equipment failure, or small-vessel below-threshold operation.","Review track before/after gap; cross-check RF, SAR, patrol and VMS sources. Note whether the gap area coincides with known IUU activity.",Previous point 2022-12-23T16:49:57+00:00 → current point 2022-12-24T00:46:30+00:00 (7.9 h silence).,2022-12
BKB-0426,AIS_GAP,HIGH,95,28576349461,2022-12-25T11:47:56+00:00,-9.73309166667,141.023708333,,Unknown,AIS gap of 30.9 h,"The vessel disappeared from the AIS source feed for longer than the configured threshold. This may indicate intentional disabling, poor coverage, equipment failure, or small-vessel below-threshold operation.","Review track before/after gap; cross-check RF, SAR, patrol and VMS sources. Note whether the gap area coincides with known IUU activity.",Previous point 2022-12-24T04:55:08+00:00 → current point 2022-12-25T11:47:56+00:00 (30.9 h silence).,2022-12
BKB-0427,AIS_GAP,HIGH,93,28576349461,2022-12-25T21:40:48+00:00,-9.67248166667,141.10429,,Unknown,AIS gap of 9.9 h,"The vessel disappeared from the AIS source feed for longer than the configured threshold. This may indicate intentional disabling, poor coverage, equipment failure, or small-vessel below-threshold operation.","Review track before/after gap; cross-check RF, SAR, patrol and VMS sources. Note whether the gap area coincides with known IUU activity.",Previous point 2022-12-25T11:47:56+00:00 → current point 2022-12-25T21:40:48+00:00 (9.9 h silence).,2022-12
BKB-0428,AIS_GAP,HIGH,95,28659549043,2022-12-08T06:41:12+00:00,-9.605085,141.155358333,,Unknown,AIS gap of 18.5 h,"The vessel disappeared from the AIS source feed for longer than the configured threshold. This may indicate intentional disabling, poor coverage, equipment failure, or small-vessel below-threshold operation.","Review track before/after gap; cross-check RF, SAR, patrol and VMS sources. Note whether the gap area coincides with known IUU activity.",Previous point 2022-12-07T12:10:09+00:00 → current point 2022-12-08T06:41:12+00:00 (18.5 h silence).,2022-12
BKB-0429,AIS_GAP,HIGH,95,28659549043,2022-12-08T22:32:59+00:00,-9.61914666667,141.140531667,,Unknown,AIS gap of 11.5 h,"The vessel disappeared from the AIS source feed for longer than the configured threshold. This may indicate intentional disabling, poor coverage, equipment failure, or small-vessel below-threshold operation.","Review track before/after gap; cross-check RF, SAR, patrol and VMS sources. Note whether the gap area coincides with known IUU activity.",Previous point 2022-12-08T11:00:30+00:00 → current point 2022-12-08T22:32:59+00:00 (11.5 h silence).,2022-12
BKB-0430,AIS_GAP,MEDIUM,77,28659549043,2022-12-09T06:26:05+00:00,-9.624805,141.101651667,,Unknown,AIS gap of 7.9 h,"The vessel disappeared from the AIS source feed for longer than the configured threshold. This may indicate intentional disabling, poor coverage, equipment failure, or small-vessel below-threshold operation.","Review track before/after gap; cross-check RF, SAR, patrol and VMS sources. Note whether the gap area coincides with known IUU activity.",Previous point 2022-12-08T22:32:59+00:00 → current point 2022-12-09T06:26:05+00:00 (7.9 h silence).,2022-12
BKB-0431,AIS_GAP,HIGH,95,28659549043,2022-12-10T00:03:41+00:00,-9.63845666667,141.088211667,,Unknown,AIS gap of 12.6 h,"The vessel disappeared from the AIS source feed for longer than the configured threshold. This may indicate intentional disabling, poor coverage, equipment failure, or small-vessel below-threshold operation.","Review track before/after gap; cross-check RF, SAR, patrol and VMS sources. Note whether the gap area coincides with known IUU activity.",Previous point 2022-12-09T11:29:14+00:00 → current point 2022-12-10T00:03:41+00:00 (12.6 h silence).,2022-12
BKB-0432,AIS_GAP,HIGH,95,28659549043,2022-12-10T22:25:05+00:00,-9.67765,141.072425,,Unknown,AIS gap of 21.1 h,"The vessel disappeared from the AIS source feed for longer than the configured threshold. This may indicate intentional disabling, poor coverage, equipment failure, or small-vessel below-threshold operation.","Review track before/after gap; cross-check RF, SAR, patrol and VMS sources. Note whether the gap area coincides with known IUU activity.",Previous point 2022-12-10T01:18:31+00:00 → current point 2022-12-10T22:25:05+00:00 (21.1 h silence).,2022-12
BKB-0433,AIS_GAP,MEDIUM,63,28764688772,2022-12-23T04:40:40+00:00,-10.589715,142.148363333,,Unknown,AIS gap of 6.2 h,"The vessel disappeared from the AIS source feed for longer than the configured threshold. This may indicate intentional disabling, poor coverage, equipment failure, or small-vessel below-threshold operation.","Review track before/after gap; cross-check RF, SAR, patrol and VMS sources. Note whether the gap area coincides with known IUU activity.",Previous point 2022-12-22T22:28:41+00:00 → current point 2022-12-23T04:40:40+00:00 (6.2 h silence).,2022-12
BKB-0434,AIS_GAP,MEDIUM,70,28764688772,2022-12-24T18:34:22+00:00,-10.5867233333,142.225125,,Unknown,AIS gap of 7.1 h,"The vessel disappeared from the AIS source feed for longer than the configured threshold. This may indicate intentional disabling, poor coverage, equipment failure, or small-vessel below-threshold operation.","Review track before/after gap; cross-check RF, SAR, patrol and VMS sources. Note whether the gap area coincides with known IUU activity.",Previous point 2022-12-24T11:28:21+00:00 → current point 2022-12-24T18:34:22+00:00 (7.1 h silence).,2022-12
BKB-0435,AIS_GAP,HIGH,95,28805896658,2022-12-25T21:40:57+00:00,-9.69728333333,141.108533333,,Unknown,AIS gap of 179.7 h,"The vessel disappeared from the AIS source feed for longer than the configured threshold. This may indicate intentional disabling, poor coverage, equipment failure, or small-vessel below-threshold operation.","Review track before/after gap; cross-check RF, SAR, patrol and VMS sources. Note whether the gap area coincides with known IUU activity.",Previous point 2022-12-18T09:57:18+00:00 → current point 2022-12-25T21:40:57+00:00 (179.7 h silence).,2022-12
BKB-0436,AIS_GAP,MEDIUM,73,28830553610,2022-12-26T21:03:22+00:00,-10.5806016667,142.233431667,,Unknown,AIS gap of 7.5 h,"The vessel disappeared from the AIS source feed for longer than the configured threshold. This may indicate intentional disabling, poor coverage, equipment failure, or small-vessel below-threshold operation.","Review track before/after gap; cross-check RF, SAR, patrol and VMS sources. Note whether the gap area coincides with known IUU activity.",Previous point 2022-12-26T13:33:35+00:00 → current point 2022-12-26T21:03:22+00:00 (7.5 h silence).,2022-12
BKB-0437,AIS_GAP,HIGH,95,2898875947,2022-12-21T00:14:55+00:00,-11.47879,142.980295,,Unknown,AIS gap of 351.3 h,"The vessel disappeared from the AIS source feed for longer than the configured threshold. This may indicate intentional disabling, poor coverage, equipment failure, or small-vessel below-threshold operation.","Review track before/after gap; cross-check RF, SAR, patrol and VMS sources. Note whether the gap area coincides with known IUU activity.",Previous point 2022-12-06T08:54:56+00:00 → current point 2022-12-21T00:14:55+00:00 (351.3 h silence).,2022-12
BKB-0438,AIS_GAP,HIGH,95,3023050182,2022-12-09T13:54:41+00:00,-11.3977,141.400586667,,Cargo,AIS gap of 93.3 h,"The vessel disappeared from the AIS source feed for longer than the configured threshold. This may indicate intentional disabling, poor coverage, equipment failure, or small-vessel below-threshold operation.","Review track before/after gap; cross-check RF, SAR, patrol and VMS sources. Note whether the gap area coincides with known IUU activity.",Previous point 2022-12-05T16:39:31+00:00 → current point 2022-12-09T13:54:41+00:00 (93.3 h silence).,2022-12
BKB-0439,AIS_GAP,HIGH,95,3023050182,2022-12-24T01:19:54+00:00,-11.333355,142.992223333,,Cargo,AIS gap of 331.0 h,"The vessel disappeared from the AIS source feed for longer than the configured threshold. This may indicate intentional disabling, poor coverage, equipment failure, or small-vessel below-threshold operation.","Review track before/after gap; cross-check RF, SAR, patrol and VMS sources. Note whether the gap area coincides with known IUU activity.",Previous point 2022-12-10T06:19:53+00:00 → current point 2022-12-24T01:19:54+00:00 (331.0 h silence).,2022-12
BKB-0440,AIS_GAP,HIGH,95,3081688885,2022-12-09T06:23:22+00:00,-10.586205,142.221461667,,Pilot,AIS gap of 123.7 h,"The vessel disappeared from the AIS source feed for longer than the configured threshold. This may indicate intentional disabling, poor coverage, equipment failure, or small-vessel below-threshold operation.","Review track before/after gap; cross-check RF, SAR, patrol and VMS sources. Note whether the gap area coincides with known IUU activity.",Previous point 2022-12-04T02:38:27+00:00 → current point 2022-12-09T06:23:22+00:00 (123.7 h silence).,2022-12
BKB-0441,AIS_GAP,MEDIUM,69,3081688885,2022-12-09T14:09:54+00:00,-10.5861266667,142.221466667,,Pilot,AIS gap of 7.8 h,"The vessel disappeared from the AIS source feed for longer than the configured threshold. This may indicate intentional disabling, poor coverage, equipment failure, or small-vessel below-threshold operation.","Review track before/after gap; cross-check RF, SAR, patrol and VMS sources. Note whether the gap area coincides with known IUU activity.",Previous point 2022-12-09T06:23:22+00:00 → current point 2022-12-09T14:09:54+00:00 (7.8 h silence).,2022-12
BKB-0442,AIS_GAP,HIGH,89,3081688885,2022-12-10T16:18:15+00:00,-10.5864333333,142.221121667,,Pilot,AIS gap of 10.3 h,"The vessel disappeared from the AIS source feed for longer than the configured threshold. This may indicate intentional disabling, poor coverage, equipment failure, or small-vessel below-threshold operation.","Review track before/after gap; cross-check RF, SAR, patrol and VMS sources. Note whether the gap area coincides with known IUU activity.",Previous point 2022-12-10T05:59:55+00:00 → current point 2022-12-10T16:18:15+00:00 (10.3 h silence).,2022-12
BKB-0443,AIS_GAP,HIGH,95,3081688885,2022-12-12T01:12:06+00:00,-10.5907783333,142.207445,,Pilot,AIS gap of 18.0 h,"The vessel disappeared from the AIS source feed for longer than the configured threshold. This may indicate intentional disabling, poor coverage, equipment failure, or small-vessel below-threshold operation.","Review track before/after gap; cross-check RF, SAR, patrol and VMS sources. Note whether the gap area coincides with known IUU activity.",Previous point 2022-12-11T07:09:35+00:00 → current point 2022-12-12T01:12:06+00:00 (18.0 h silence).,2022-12
BKB-0444,AIS_GAP,HIGH,95,3081688885,2022-12-12T21:19:35+00:00,-10.5916,142.215135,,Pilot,AIS gap of 18.0 h,"The vessel disappeared from the AIS source feed for longer than the configured threshold. This may indicate intentional disabling, poor coverage, equipment failure, or small-vessel below-threshold operation.","Review track before/after gap; cross-check RF, SAR, patrol and VMS sources. Note whether the gap area coincides with known IUU activity.",Previous point 2022-12-12T03:19:37+00:00 → current point 2022-12-12T21:19:35+00:00 (18.0 h silence).,2022-12
BKB-0445,AIS_GAP,HIGH,95,3081688885,2022-12-15T21:24:30+00:00,-10.5774583333,142.154761667,,Pilot,AIS gap of 52.0 h,"The vessel disappeared from the AIS source feed for longer than the configured threshold. This may indicate intentional disabling, poor coverage, equipment failure, or small-vessel below-threshold operation.","Review track before/after gap; cross-check RF, SAR, patrol and VMS sources. Note whether the gap area coincides with known IUU activity.",Previous point 2022-12-13T17:24:32+00:00 → current point 2022-12-15T21:24:30+00:00 (52.0 h silence).,2022-12
BKB-0446,AIS_GAP,HIGH,95,3081688885,2022-12-16T21:12:41+00:00,-10.5895683333,142.207431667,,Pilot,AIS gap of 20.8 h,"The vessel disappeared from the AIS source feed for longer than the configured threshold. This may indicate intentional disabling, poor coverage, equipment failure, or small-vessel below-threshold operation.","Review track before/after gap; cross-check RF, SAR, patrol and VMS sources. Note whether the gap area coincides with known IUU activity.",Previous point 2022-12-16T00:24:30+00:00 → current point 2022-12-16T21:12:41+00:00 (20.8 h silence).,2022-12
BKB-0447,AIS_GAP,HIGH,95,3081688885,2022-12-17T16:21:17+00:00,-10.5871166667,142.221231667,,Pilot,AIS gap of 14.5 h,"The vessel disappeared from the AIS source feed for longer than the configured threshold. This may indicate intentional disabling, poor coverage, equipment failure, or small-vessel below-threshold operation.","Review track before/after gap; cross-check RF, SAR, patrol and VMS sources. Note whether the gap area coincides with known IUU activity.",Previous point 2022-12-17T01:49:36+00:00 → current point 2022-12-17T16:21:17+00:00 (14.5 h silence).,2022-12
BKB-0448,AIS_GAP,MEDIUM,56,3081688885,2022-12-18T00:37:05+00:00,-10.5902933333,142.207521667,,Pilot,AIS gap of 6.2 h,"The vessel disappeared from the AIS source feed for longer than the configured threshold. This may indicate intentional disabling, poor coverage, equipment failure, or small-vessel below-threshold operation.","Review track before/after gap; cross-check RF, SAR, patrol and VMS sources. Note whether the gap area coincides with known IUU activity.",Previous point 2022-12-17T18:24:49+00:00 → current point 2022-12-18T00:37:05+00:00 (6.2 h silence).,2022-12
BKB-0449,AIS_GAP,HIGH,95,3081688885,2022-12-19T00:06:50+00:00,-10.5862683333,142.221498333,,Pilot,AIS gap of 15.0 h,"The vessel disappeared from the AIS source feed for longer than the configured threshold. This may indicate intentional disabling, poor coverage, equipment failure, or small-vessel below-threshold operation.","Review track before/after gap; cross-check RF, SAR, patrol and VMS sources. Note whether the gap area coincides with known IUU activity.",Previous point 2022-12-18T09:09:35+00:00 → current point 2022-12-19T00:06:50+00:00 (15.0 h silence).,2022-12
BKB-0450,AIS_GAP,HIGH,95,3081688885,2022-12-19T12:08:10+00:00,-10.59055,142.208001667,,Pilot,AIS gap of 12.0 h,"The vessel disappeared from the AIS source feed for longer than the configured threshold. This may indicate intentional disabling, poor coverage, equipment failure, or small-vessel below-threshold operation.","Review track before/after gap; cross-check RF, SAR, patrol and VMS sources. Note whether the gap area coincides with known IUU activity.",Previous point 2022-12-19T00:06:50+00:00 → current point 2022-12-19T12:08:10+00:00 (12.0 h silence).,2022-12
BKB-0451,AIS_GAP,MEDIUM,68,3081688885,2022-12-19T22:56:51+00:00,-10.586275,142.221488333,,Pilot,AIS gap of 7.7 h,"The vessel disappeared from the AIS source feed for longer than the configured threshold. This may indicate intentional disabling, poor coverage, equipment failure, or small-vessel below-threshold operation.","Review track before/after gap; cross-check RF, SAR, patrol and VMS sources. Note whether the gap area coincides with known IUU activity.",Previous point 2022-12-19T15:12:40+00:00 → current point 2022-12-19T22:56:51+00:00 (7.7 h silence).,2022-12
BKB-0452,AIS_GAP,MEDIUM,62,3081688885,2022-12-20T08:59:07+00:00,-10.59218,142.212835,,Pilot,AIS gap of 6.9 h,"The vessel disappeared from the AIS source feed for longer than the configured threshold. This may indicate intentional disabling, poor coverage, equipment failure, or small-vessel below-threshold operation.","Review track before/after gap; cross-check RF, SAR, patrol and VMS sources. Note whether the gap area coincides with known IUU activity.",Previous point 2022-12-20T02:03:56+00:00 → current point 2022-12-20T08:59:07+00:00 (6.9 h silence).,2022-12
BKB-0453,AIS_GAP,HIGH,85,3081688885,2022-12-20T21:45:42+00:00,-10.58652,142.221183333,,Pilot,AIS gap of 9.8 h,"The vessel disappeared from the AIS source feed for longer than the configured threshold. This may indicate intentional disabling, poor coverage, equipment failure, or small-vessel below-threshold operation.","Review track before/after gap; cross-check RF, SAR, patrol and VMS sources. Note whether the gap area coincides with known IUU activity.",Previous point 2022-12-20T12:00:35+00:00 → current point 2022-12-20T21:45:42+00:00 (9.8 h silence).,2022-12
BKB-0454,AIS_GAP,MEDIUM,69,3081688885,2022-12-21T16:09:45+00:00,-10.592315,142.216485,,Pilot,AIS gap of 7.8 h,"The vessel disappeared from the AIS source feed for longer than the configured threshold. This may indicate intentional disabling, poor coverage, equipment failure, or small-vessel below-threshold operation.","Review track before/after gap; cross-check RF, SAR, patrol and VMS sources. Note whether the gap area coincides with known IUU activity.",Previous point 2022-12-21T08:24:39+00:00 → current point 2022-12-21T16:09:45+00:00 (7.8 h silence).,2022-12
BKB-0455,AIS_GAP,HIGH,95,3081688885,2022-12-22T13:14:57+00:00,-10.5864583333,142.221181667,,Pilot,AIS gap of 14.2 h,"The vessel disappeared from the AIS source feed for longer than the configured threshold. This may indicate intentional disabling, poor coverage, equipment failure, or small-vessel below-threshold operation.","Review track before/after gap; cross-check RF, SAR, patrol and VMS sources. Note whether the gap area coincides with known IUU activity.",Previous point 2022-12-21T23:04:57+00:00 → current point 2022-12-22T13:14:57+00:00 (14.2 h silence).,2022-12
BKB-0456,AIS_GAP,HIGH,82,3081688885,2022-12-23T01:44:20+00:00,-10.5898333333,142.207581667,,Pilot,AIS gap of 9.5 h,"The vessel disappeared from the AIS source feed for longer than the configured threshold. This may indicate intentional disabling, poor coverage, equipment failure, or small-vessel below-threshold operation.","Review track before/after gap; cross-check RF, SAR, patrol and VMS sources. Note whether the gap area coincides with known IUU activity.",Previous point 2022-12-22T16:16:28+00:00 → current point 2022-12-23T01:44:20+00:00 (9.5 h silence).,2022-12
BKB-0457,AIS_GAP,HIGH,90,3081688885,2022-12-23T13:13:22+00:00,-10.5915766667,142.212436667,,Pilot,AIS gap of 10.4 h,"The vessel disappeared from the AIS source feed for longer than the configured threshold. This may indicate intentional disabling, poor coverage, equipment failure, or small-vessel below-threshold operation.","Review track before/after gap; cross-check RF, SAR, patrol and VMS sources. Note whether the gap area coincides with known IUU activity.",Previous point 2022-12-23T02:49:19+00:00 → current point 2022-12-23T13:13:22+00:00 (10.4 h silence).,2022-12
BKB-0458,AIS_GAP,MEDIUM,78,3081688885,2022-12-24T13:09:46+00:00,-10.59047,142.217811667,,Pilot,AIS gap of 8.9 h,"The vessel disappeared from the AIS source feed for longer than the configured threshold. This may indicate intentional disabling, poor coverage, equipment failure, or small-vessel below-threshold operation.","Review track before/after gap; cross-check RF, SAR, patrol and VMS sources. Note whether the gap area coincides with known IUU activity.",Previous point 2022-12-24T04:14:45+00:00 → current point 2022-12-24T13:09:46+00:00 (8.9 h silence).,2022-12
BKB-0459,AIS_GAP,HIGH,95,3081688885,2022-12-25T19:28:43+00:00,-10.5763016667,142.172523333,,Pilot,AIS gap of 27.2 h,"The vessel disappeared from the AIS source feed for longer than the configured threshold. This may indicate intentional disabling, poor coverage, equipment failure, or small-vessel below-threshold operation.","Review track before/after gap; cross-check RF, SAR, patrol and VMS sources. Note whether the gap area coincides with known IUU activity.",Previous point 2022-12-24T16:14:46+00:00 → current point 2022-12-25T19:28:43+00:00 (27.2 h silence).,2022-12
BKB-0460,AIS_GAP,MEDIUM,69,3081688885,2022-12-26T05:26:16+00:00,-10.5862833333,142.221505,,Pilot,AIS gap of 7.9 h,"The vessel disappeared from the AIS source feed for longer than the configured threshold. This may indicate intentional disabling, poor coverage, equipment failure, or small-vessel below-threshold operation.","Review track before/after gap; cross-check RF, SAR, patrol and VMS sources. Note whether the gap area coincides with known IUU activity.",Previous point 2022-12-25T21:34:58+00:00 → current point 2022-12-26T05:26:16+00:00 (7.9 h silence).,2022-12
BKB-0461,AIS_GAP,MEDIUM,76,3081688885,2022-12-26T17:18:48+00:00,-10.5873083333,142.220245,,Pilot,AIS gap of 8.7 h,"The vessel disappeared from the AIS source feed for longer than the configured threshold. This may indicate intentional disabling, poor coverage, equipment failure, or small-vessel below-threshold operation.","Review track before/after gap; cross-check RF, SAR, patrol and VMS sources. Note whether the gap area coincides with known IUU activity.",Previous point 2022-12-26T08:34:42+00:00 → current point 2022-12-26T17:18:48+00:00 (8.7 h silence).,2022-12
BKB-0462,AIS_GAP,HIGH,85,3081688885,2022-12-27T05:13:47+00:00,-10.59141,142.211611667,,Pilot,AIS gap of 9.8 h,"The vessel disappeared from the AIS source feed for longer than the configured threshold. This may indicate intentional disabling, poor coverage, equipment failure, or small-vessel below-threshold operation.","Review track before/after gap; cross-check RF, SAR, patrol and VMS sources. Note whether the gap area coincides with known IUU activity.",Previous point 2022-12-26T19:24:50+00:00 → current point 2022-12-27T05:13:47+00:00 (9.8 h silence).,2022-12
BKB-0463,AIS_GAP,HIGH,90,3081688885,2022-12-27T17:38:35+00:00,-10.586535,142.220955,,Pilot,AIS gap of 10.4 h,"The vessel disappeared from the AIS source feed for longer than the configured threshold. This may indicate intentional disabling, poor coverage, equipment failure, or small-vessel below-threshold operation.","Review track before/after gap; cross-check RF, SAR, patrol and VMS sources. Note whether the gap area coincides with known IUU activity.",Previous point 2022-12-27T07:14:47+00:00 → current point 2022-12-27T17:38:35+00:00 (10.4 h silence).,2022-12
BKB-0464,AIS_GAP,HIGH,92,3081688885,2022-12-28T07:24:41+00:00,-10.5926033333,142.215276667,,Pilot,AIS gap of 10.7 h,"The vessel disappeared from the AIS source feed for longer than the configured threshold. This may indicate intentional disabling, poor coverage, equipment failure, or small-vessel below-threshold operation.","Review track before/after gap; cross-check RF, SAR, patrol and VMS sources. Note whether the gap area coincides with known IUU activity.",Previous point 2022-12-27T20:44:33+00:00 → current point 2022-12-28T07:24:41+00:00 (10.7 h silence).,2022-12
BKB-0465,AIS_GAP,HIGH,95,3081688885,2022-12-28T23:04:05+00:00,-10.5863783333,142.221171667,,Pilot,AIS gap of 14.7 h,"The vessel disappeared from the AIS source feed for longer than the configured threshold. This may indicate intentional disabling, poor coverage, equipment failure, or small-vessel below-threshold operation.","Review track before/after gap; cross-check RF, SAR, patrol and VMS sources. Note whether the gap area coincides with known IUU activity.",Previous point 2022-12-28T08:24:41+00:00 → current point 2022-12-28T23:04:05+00:00 (14.7 h silence).,2022-12
BKB-0466,AIS_GAP,HIGH,95,3081688885,2022-12-30T05:19:57+00:00,-10.5866333333,142.221056667,,Pilot,AIS gap of 17.5 h,"The vessel disappeared from the AIS source feed for longer than the configured threshold. This may indicate intentional disabling, poor coverage, equipment failure, or small-vessel below-threshold operation.","Review track before/after gap; cross-check RF, SAR, patrol and VMS sources. Note whether the gap area coincides with known IUU activity.",Previous point 2022-12-29T11:49:44+00:00 → current point 2022-12-30T05:19:57+00:00 (17.5 h silence).,2022-12
BKB-0467,AIS_GAP,HIGH,95,3081688885,2022-12-30T21:34:08+00:00,-10.58627,142.221498333,,Pilot,AIS gap of 12.0 h,"The vessel disappeared from the AIS source feed for longer than the configured threshold. This may indicate intentional disabling, poor coverage, equipment failure, or small-vessel below-threshold operation.","Review track before/after gap; cross-check RF, SAR, patrol and VMS sources. Note whether the gap area coincides with known IUU activity.",Previous point 2022-12-30T09:32:57+00:00 → current point 2022-12-30T21:34:08+00:00 (12.0 h silence).,2022-12
BKB-0468,AIS_GAP,HIGH,95,313882,2022-12-16T21:14:49+00:00,-10.5916383333,142.216578333,,Unknown,AIS gap of 71.8 h,"The vessel disappeared from the AIS source feed for longer than the configured threshold. This may indicate intentional disabling, poor coverage, equipment failure, or small-vessel below-threshold operation.","Review track before/after gap; cross-check RF, SAR, patrol and VMS sources. Note whether the gap area coincides with known IUU activity.",Previous point 2022-12-13T21:24:56+00:00 → current point 2022-12-16T21:14:49+00:00 (71.8 h silence).,2022-12
BKB-0469,AIS_GAP,HIGH,95,313882,2022-12-17T21:04:34+00:00,-10.5877666667,142.220846667,,Unknown,AIS gap of 18.9 h,"The vessel disappeared from the AIS source feed for longer than the configured threshold. This may indicate intentional disabling, poor coverage, equipment failure, or small-vessel below-threshold operation.","Review track before/after gap; cross-check RF, SAR, patrol and VMS sources. Note whether the gap area coincides with known IUU activity.",Previous point 2022-12-17T02:08:06+00:00 → current point 2022-12-17T21:04:34+00:00 (18.9 h silence).,2022-12
BKB-0470,AIS_GAP,HIGH,95,313882,2022-12-18T21:39:55+00:00,-10.59066,142.208463333,,Unknown,AIS gap of 18.4 h,"The vessel disappeared from the AIS source feed for longer than the configured threshold. This may indicate intentional disabling, poor coverage, equipment failure, or small-vessel below-threshold operation.","Review track before/after gap; cross-check RF, SAR, patrol and VMS sources. Note whether the gap area coincides with known IUU activity.",Previous point 2022-12-18T03:14:53+00:00 → current point 2022-12-18T21:39:55+00:00 (18.4 h silence).,2022-12
BKB-0471,AIS_GAP,HIGH,95,3277236545,2022-12-12T22:34:20+00:00,-10.587845,142.218275,,Unknown,AIS gap of 283.9 h,"The vessel disappeared from the AIS source feed for longer than the configured threshold. This may indicate intentional disabling, poor coverage, equipment failure, or small-vessel below-threshold operation.","Review track before/after gap; cross-check RF, SAR, patrol and VMS sources. Note whether the gap area coincides with known IUU activity.",Previous point 2022-12-01T02:42:46+00:00 → current point 2022-12-12T22:34:20+00:00 (283.9 h silence).,2022-12
BKB-0472,AIS_GAP,HIGH,95,3277236545,2022-12-13T19:53:52+00:00,-10.5884733333,142.217991667,,Unknown,AIS gap of 18.2 h,"The vessel disappeared from the AIS source feed for longer than the configured threshold. This may indicate intentional disabling, poor coverage, equipment failure, or small-vessel below-threshold operation.","Review track before/after gap; cross-check RF, SAR, patrol and VMS sources. Note whether the gap area coincides with known IUU activity.",Previous point 2022-12-13T01:39:45+00:00 → current point 2022-12-13T19:53:52+00:00 (18.2 h silence).,2022-12
BKB-0473,AIS_GAP,HIGH,95,3650977302,2022-12-12T23:14:49+00:00,-11.4339383333,142.986035,,Unknown,AIS gap of 230.7 h,"The vessel disappeared from the AIS source feed for longer than the configured threshold. This may indicate intentional disabling, poor coverage, equipment failure, or small-vessel below-threshold operation.","Review track before/after gap; cross-check RF, SAR, patrol and VMS sources. Note whether the gap area coincides with known IUU activity.",Previous point 2022-12-03T08:29:51+00:00 → current point 2022-12-12T23:14:49+00:00 (230.7 h silence).,2022-12
BKB-0474,AIS_GAP,HIGH,95,3796726860,2022-12-29T05:24:53+00:00,-11.3912266667,142.998826667,,Cargo,AIS gap of 547.0 h,"The vessel disappeared from the AIS source feed for longer than the configured threshold. This may indicate intentional disabling, poor coverage, equipment failure, or small-vessel below-threshold operation.","Review track before/after gap; cross-check RF, SAR, patrol and VMS sources. Note whether the gap area coincides with known IUU activity.",Previous point 2022-12-06T10:24:49+00:00 → current point 2022-12-29T05:24:53+00:00 (547.0 h silence).,2022-12
BKB-0475,AIS_GAP,HIGH,95,3907391208,2022-12-24T01:49:53+00:00,-11.4736083333,142.98044,,Cargo,AIS gap of 454.0 h,"The vessel disappeared from the AIS source feed for longer than the configured threshold. This may indicate intentional disabling, poor coverage, equipment failure, or small-vessel below-threshold operation.","Review track before/after gap; cross-check RF, SAR, patrol and VMS sources. Note whether the gap area coincides with known IUU activity.",Previous point 2022-12-05T03:49:55+00:00 → current point 2022-12-24T01:49:53+00:00 (454.0 h silence).,2022-12
BKB-0476,AIS_GAP,HIGH,83,399878,2022-12-01T09:39:48+00:00,-10.5739716667,142.08184,,Pilot,AIS gap of 9.6 h,"The vessel disappeared from the AIS source feed for longer than the configured threshold. This may indicate intentional disabling, poor coverage, equipment failure, or small-vessel below-threshold operation.","Review track before/after gap; cross-check RF, SAR, patrol and VMS sources. Note whether the gap area coincides with known IUU activity.",Previous point 2022-12-01T00:03:54+00:00 → current point 2022-12-01T09:39:48+00:00 (9.6 h silence).,2022-12
BKB-0477,AIS_GAP,HIGH,95,399878,2022-12-02T14:44:47+00:00,-10.5676066667,142.081298333,,Pilot,AIS gap of 29.1 h,"The vessel disappeared from the AIS source feed for longer than the configured threshold. This may indicate intentional disabling, poor coverage, equipment failure, or small-vessel below-threshold operation.","Review track before/after gap; cross-check RF, SAR, patrol and VMS sources. Note whether the gap area coincides with known IUU activity.",Previous point 2022-12-01T09:39:48+00:00 → current point 2022-12-02T14:44:47+00:00 (29.1 h silence).,2022-12
BKB-0478,AIS_GAP,HIGH,94,399878,2022-12-03T01:39:39+00:00,-10.5800633333,142.076478333,,Pilot,AIS gap of 10.9 h,"The vessel disappeared from the AIS source feed for longer than the configured threshold. This may indicate intentional disabling, poor coverage, equipment failure, or small-vessel below-threshold operation.","Review track before/after gap; cross-check RF, SAR, patrol and VMS sources. Note whether the gap area coincides with known IUU activity.",Previous point 2022-12-02T14:44:47+00:00 → current point 2022-12-03T01:39:39+00:00 (10.9 h silence).,2022-12
BKB-0479,AIS_GAP,HIGH,95,399878,2022-12-03T20:47:34+00:00,-10.5731883333,142.099615,,Pilot,AIS gap of 17.0 h,"The vessel disappeared from the AIS source feed for longer than the configured threshold. This may indicate intentional disabling, poor coverage, equipment failure, or small-vessel below-threshold operation.","Review track before/after gap; cross-check RF, SAR, patrol and VMS sources. Note whether the gap area coincides with known IUU activity.",Previous point 2022-12-03T03:44:38+00:00 → current point 2022-12-03T20:47:34+00:00 (17.0 h silence).,2022-12
BKB-0480,AIS_GAP,HIGH,95,399878,2022-12-04T16:37:07+00:00,-10.5862716667,142.221593333,,Pilot,AIS gap of 12.5 h,"The vessel disappeared from the AIS source feed for longer than the configured threshold. This may indicate intentional disabling, poor coverage, equipment failure, or small-vessel below-threshold operation.","Review track before/after gap; cross-check RF, SAR, patrol and VMS sources. Note whether the gap area coincides with known IUU activity.",Previous point 2022-12-04T04:04:48+00:00 → current point 2022-12-04T16:37:07+00:00 (12.5 h silence).,2022-12
BKB-0481,AIS_GAP,HIGH,95,399878,2022-12-05T07:19:40+00:00,-10.5862783333,142.221445,,Pilot,AIS gap of 11.6 h,"The vessel disappeared from the AIS source feed for longer than the configured threshold. This may indicate intentional disabling, poor coverage, equipment failure, or small-vessel below-threshold operation.","Review track before/after gap; cross-check RF, SAR, patrol and VMS sources. Note whether the gap area coincides with known IUU activity.",Previous point 2022-12-04T19:44:24+00:00 → current point 2022-12-05T07:19:40+00:00 (11.6 h silence).,2022-12
BKB-0482,AIS_GAP,MEDIUM,72,399878,2022-12-05T21:33:51+00:00,-10.5862616667,142.221476667,,Pilot,AIS gap of 8.2 h,"The vessel disappeared from the AIS source feed for longer than the configured threshold. This may indicate intentional disabling, poor coverage, equipment failure, or small-vessel below-threshold operation.","Review track before/after gap; cross-check RF, SAR, patrol and VMS sources. Note whether the gap area coincides with known IUU activity.",Previous point 2022-12-05T13:19:39+00:00 → current point 2022-12-05T21:33:51+00:00 (8.2 h silence).,2022-12
BKB-0483,AIS_GAP,HIGH,95,399878,2022-12-06T17:37:54+00:00,-10.5862683333,142.221516667,,Pilot,AIS gap of 13.9 h,"The vessel disappeared from the AIS source feed for longer than the configured threshold. This may indicate intentional disabling, poor coverage, equipment failure, or small-vessel below-threshold operation.","Review track before/after gap; cross-check RF, SAR, patrol and VMS sources. Note whether the gap area coincides with known IUU activity.",Previous point 2022-12-06T03:44:48+00:00 → current point 2022-12-06T17:37:54+00:00 (13.9 h silence).,2022-12
BKB-0484,AIS_GAP,MEDIUM,72,399878,2022-12-07T04:59:19+00:00,-10.5862833333,142.221493333,,Pilot,AIS gap of 8.2 h,"The vessel disappeared from the AIS source feed for longer than the configured threshold. This may indicate intentional disabling, poor coverage, equipment failure, or small-vessel below-threshold operation.","Review track before/after gap; cross-check RF, SAR, patrol and VMS sources. Note whether the gap area coincides with known IUU activity.",Previous point 2022-12-06T20:49:50+00:00 → current point 2022-12-07T04:59:19+00:00 (8.2 h silence).,2022-12
BKB-0485,AIS_GAP,HIGH,95,399878,2022-12-09T03:38:46+00:00,-10.58628,142.221483333,,Pilot,AIS gap of 34.9 h,"The vessel disappeared from the AIS source feed for longer than the configured threshold. This may indicate intentional disabling, poor coverage, equipment failure, or small-vessel below-threshold operation.","Review track before/after gap; cross-check RF, SAR, patrol and VMS sources. Note whether the gap area coincides with known IUU activity.",Previous point 2022-12-07T16:44:32+00:00 → current point 2022-12-09T03:38:46+00:00 (34.9 h silence).,2022-12
BKB-0486,AIS_GAP,HIGH,95,4561665369,2022-12-13T01:54:55+00:00,-10.7498,142.365085,,Unknown,AIS gap of 25.6 h,"The vessel disappeared from the AIS source feed for longer than the configured threshold. This may indicate intentional disabling, poor coverage, equipment failure, or small-vessel below-threshold operation.","Review track before/after gap; cross-check RF, SAR, patrol and VMS sources. Note whether the gap area coincides with known IUU activity.",Previous point 2022-12-12T00:19:48+00:00 → current point 2022-12-13T01:54:55+00:00 (25.6 h silence).,2022-12
BKB-0487,AIS_GAP,HIGH,95,50365633,2022-12-19T03:34:51+00:00,-11.4583166667,142.982883333,,Unknown,AIS gap of 353.2 h,"The vessel disappeared from the AIS source feed for longer than the configured threshold. This may indicate intentional disabling, poor coverage, equipment failure, or small-vessel below-threshold operation.","Review track before/after gap; cross-check RF, SAR, patrol and VMS sources. Note whether the gap area coincides with known IUU activity.",Previous point 2022-12-04T10:24:56+00:00 → current point 2022-12-19T03:34:51+00:00 (353.2 h silence).,2022-12
BKB-0488,AIS_GAP,HIGH,95,50365633,2022-12-24T16:32:53+00:00,-11.4400833333,141.501383333,,Unknown,AIS gap of 119.6 h,"The vessel disappeared from the AIS source feed for longer than the configured threshold. This may indicate intentional disabling, poor coverage, equipment failure, or small-vessel below-threshold operation.","Review track before/after gap; cross-check RF, SAR, patrol and VMS sources. Note whether the gap area coincides with known IUU activity.",Previous point 2022-12-19T16:58:59+00:00 → current point 2022-12-24T16:32:53+00:00 (119.6 h silence).,2022-12
BKB-0489,AIS_GAP,MEDIUM,59,5162417327,2022-12-20T12:56:00+00:00,-9.73066666667,143.424,,Law_enforcement,AIS gap of 6.6 h,"The vessel disappeared from the AIS source feed for longer than the configured threshold. This may indicate intentional disabling, poor coverage, equipment failure, or small-vessel below-threshold operation.","Review track before/after gap; cross-check RF, SAR, patrol and VMS sources. Note whether the gap area coincides with known IUU activity.",Previous point 2022-12-20T06:19:50+00:00 → current point 2022-12-20T12:56:00+00:00 (6.6 h silence).,2022-12
BKB-0490,AIS_GAP,MEDIUM,55,5162417327,2022-12-20T18:56:00+00:00,-9.73133333333,143.424,,Law_enforcement,AIS gap of 6.0 h,"The vessel disappeared from the AIS source feed for longer than the configured threshold. This may indicate intentional disabling, poor coverage, equipment failure, or small-vessel below-threshold operation.","Review track before/after gap; cross-check RF, SAR, patrol and VMS sources. Note whether the gap area coincides with known IUU activity.",Previous point 2022-12-20T12:56:00+00:00 → current point 2022-12-20T18:56:00+00:00 (6.0 h silence).,2022-12
BKB-0491,AIS_GAP,MEDIUM,55,5162417327,2022-12-21T00:56:00+00:00,-9.56133333333,143.186,,Law_enforcement,AIS gap of 6.0 h,"The vessel disappeared from the AIS source feed for longer than the configured threshold. This may indicate intentional disabling, poor coverage, equipment failure, or small-vessel below-threshold operation.","Review track before/after gap; cross-check RF, SAR, patrol and VMS sources. Note whether the gap area coincides with known IUU activity.",Previous point 2022-12-20T18:56:00+00:00 → current point 2022-12-21T00:56:00+00:00 (6.0 h silence).,2022-12
BKB-0492,AIS_GAP,MEDIUM,55,5162417327,2022-12-21T06:56:00+00:00,-9.56,143.186666667,,Law_enforcement,AIS gap of 6.0 h,"The vessel disappeared from the AIS source feed for longer than the configured threshold. This may indicate intentional disabling, poor coverage, equipment failure, or small-vessel below-threshold operation.","Review track before/after gap; cross-check RF, SAR, patrol and VMS sources. Note whether the gap area coincides with known IUU activity.",Previous point 2022-12-21T00:56:00+00:00 → current point 2022-12-21T06:56:00+00:00 (6.0 h silence).,2022-12
BKB-0493,AIS_GAP,MEDIUM,55,5162417327,2022-12-21T12:56:00+00:00,-9.55933333333,143.186,,Law_enforcement,AIS gap of 6.0 h,"The vessel disappeared from the AIS source feed for longer than the configured threshold. This may indicate intentional disabling, poor coverage, equipment failure, or small-vessel below-threshold operation.","Review track before/after gap; cross-check RF, SAR, patrol and VMS sources. Note whether the gap area coincides with known IUU activity.",Previous point 2022-12-21T06:56:00+00:00 → current point 2022-12-21T12:56:00+00:00 (6.0 h silence).,2022-12
BKB-0494,AIS_GAP,MEDIUM,55,5162417327,2022-12-21T18:56:00+00:00,-9.56,143.186666667,,Law_enforcement,AIS gap of 6.0 h,"The vessel disappeared from the AIS source feed for longer than the configured threshold. This may indicate intentional disabling, poor coverage, equipment failure, or small-vessel below-threshold operation.","Review track before/after gap; cross-check RF, SAR, patrol and VMS sources. Note whether the gap area coincides with known IUU activity.",Previous point 2022-12-21T12:56:00+00:00 → current point 2022-12-21T18:56:00+00:00 (6.0 h silence).,2022-12
BKB-0495,AIS_GAP,MEDIUM,55,5162417327,2022-12-22T00:56:00+00:00,-9.56066666667,143.186,,Law_enforcement,AIS gap of 6.0 h,"The vessel disappeared from the AIS source feed for longer than the configured threshold. This may indicate intentional disabling, poor coverage, equipment failure, or small-vessel below-threshold operation.","Review track before/after gap; cross-check RF, SAR, patrol and VMS sources. Note whether the gap area coincides with known IUU activity.",Previous point 2022-12-21T18:56:00+00:00 → current point 2022-12-22T00:56:00+00:00 (6.0 h silence).,2022-12
BKB-0496,AIS_GAP,HIGH,95,5172,2022-12-27T16:49:57+00:00,-11.25625,142.968983333,,Unknown,AIS gap of 227.4 h,"The vessel disappeared from the AIS source feed for longer than the configured threshold. This may indicate intentional disabling, poor coverage, equipment failure, or small-vessel below-threshold operation.","Review track before/after gap; cross-check RF, SAR, patrol and VMS sources. Note whether the gap area coincides with known IUU activity.",Previous point 2022-12-18T05:24:52+00:00 → current point 2022-12-27T16:49:57+00:00 (227.4 h silence).,2022-12
BKB-0497,AIS_GAP,HIGH,95,5221517959,2022-12-13T22:49:17+00:00,-11.0150716667,141.044623333,,Cargo,AIS gap of 220.8 h,"The vessel disappeared from the AIS source feed for longer than the configured threshold. This may indicate intentional disabling, poor coverage, equipment failure, or small-vessel below-threshold operation.","Review track before/after gap; cross-check RF, SAR, patrol and VMS sources. Note whether the gap area coincides with known IUU activity.",Previous point 2022-12-04T17:59:29+00:00 → current point 2022-12-13T22:49:17+00:00 (220.8 h silence).,2022-12
BKB-0498,AIS_GAP,HIGH,95,5221517959,2022-12-27T14:19:53+00:00,-11.4778666667,142.979738333,,Cargo,AIS gap of 292.7 h,"The vessel disappeared from the AIS source feed for longer than the configured threshold. This may indicate intentional disabling, poor coverage, equipment failure, or small-vessel below-threshold operation.","Review track before/after gap; cross-check RF, SAR, patrol and VMS sources. Note whether the gap area coincides with known IUU activity.",Previous point 2022-12-15T09:34:56+00:00 → current point 2022-12-27T14:19:53+00:00 (292.7 h silence).,2022-12
BKB-0499,AIS_GAP,HIGH,95,5229234911,2022-12-10T03:32:35+00:00,-11.4086483333,144.017656667,,Law_enforcement,AIS gap of 193.2 h,"The vessel disappeared from the AIS source feed for longer than the configured threshold. This may indicate intentional disabling, poor coverage, equipment failure, or small-vessel below-threshold operation.","Review track before/after gap; cross-check RF, SAR, patrol and VMS sources. Note whether the gap area coincides with known IUU activity.",Previous point 2022-12-02T02:21:36+00:00 → current point 2022-12-10T03:32:35+00:00 (193.2 h silence).,2022-12
BKB-0500,AIS_GAP,HIGH,95,5229234911,2022-12-13T03:49:46+00:00,-11.3363066667,143.541195,,Law_enforcement,AIS gap of 20.1 h,"The vessel disappeared from the AIS source feed for longer than the configured threshold. This may indicate intentional disabling, poor coverage, equipment failure, or small-vessel below-threshold operation.","Review track before/after gap; cross-check RF, SAR, patrol and VMS sources. Note whether the gap area coincides with known IUU activity.",Previous point 2022-12-12T07:43:35+00:00 → current point 2022-12-13T03:49:46+00:00 (20.1 h silence).,2022-12
BKB-0501,AIS_GAP,HIGH,95,5404042639,2022-12-05T05:44:36+00:00,-10.20048,142.81728,,Unknown,AIS gap of 98.8 h,"The vessel disappeared from the AIS source feed for longer than the configured threshold. This may indicate intentional disabling, poor coverage, equipment failure, or small-vessel below-threshold operation.","Review track before/after gap; cross-check RF, SAR, patrol and VMS sources. Note whether the gap area coincides with known IUU activity.",Previous point 2022-12-01T02:54:59+00:00 → current point 2022-12-05T05:44:36+00:00 (98.8 h silence).,2022-12
BKB-0502,AIS_GAP,HIGH,95,5404042639,2022-12-06T00:34:34+00:00,-10.0480683333,143.061305,,Unknown,AIS gap of 17.3 h,"The vessel disappeared from the AIS source feed for longer than the configured threshold. This may indicate intentional disabling, poor coverage, equipment failure, or small-vessel below-threshold operation.","Review track before/after gap; cross-check RF, SAR, patrol and VMS sources. Note whether the gap area coincides with known IUU activity.",Previous point 2022-12-05T07:16:45+00:00 → current point 2022-12-06T00:34:34+00:00 (17.3 h silence).,2022-12
BKB-0503,AIS_GAP,HIGH,95,5404042639,2022-12-06T23:04:55+00:00,-9.74679833333,143.401045,,Unknown,AIS gap of 15.5 h,"The vessel disappeared from the AIS source feed for longer than the configured threshold. This may indicate intentional disabling, poor coverage, equipment failure, or small-vessel below-threshold operation.","Review track before/after gap; cross-check RF, SAR, patrol and VMS sources. Note whether the gap area coincides with known IUU activity.",Previous point 2022-12-06T07:34:51+00:00 → current point 2022-12-06T23:04:55+00:00 (15.5 h silence).,2022-12
BKB-0504,AIS_GAP,HIGH,95,5404042639,2022-12-08T01:09:51+00:00,-10.1999216667,142.819145,,Unknown,AIS gap of 17.7 h,"The vessel disappeared from the AIS source feed for longer than the configured threshold. This may indicate intentional disabling, poor coverage, equipment failure, or small-vessel below-threshold operation.","Review track before/after gap; cross-check RF, SAR, patrol and VMS sources. Note whether the gap area coincides with known IUU activity.",Previous point 2022-12-07T07:24:55+00:00 → current point 2022-12-08T01:09:51+00:00 (17.7 h silence).,2022-12
BKB-0505,AIS_GAP,HIGH,95,5404042639,2022-12-08T23:49:48+00:00,-9.899615,142.766236667,,Unknown,AIS gap of 17.3 h,"The vessel disappeared from the AIS source feed for longer than the configured threshold. This may indicate intentional disabling, poor coverage, equipment failure, or small-vessel below-threshold operation.","Review track before/after gap; cross-check RF, SAR, patrol and VMS sources. Note whether the gap area coincides with known IUU activity.",Previous point 2022-12-08T06:34:31+00:00 → current point 2022-12-08T23:49:48+00:00 (17.3 h silence).,2022-12
BKB-0506,AIS_GAP,MEDIUM,67,5404042639,2022-12-09T08:00:20+00:00,-9.94221666667,142.195021667,,Unknown,AIS gap of 6.7 h,"The vessel disappeared from the AIS source feed for longer than the configured threshold. This may indicate intentional disabling, poor coverage, equipment failure, or small-vessel below-threshold operation.","Review track before/after gap; cross-check RF, SAR, patrol and VMS sources. Note whether the gap area coincides with known IUU activity.",Previous point 2022-12-09T01:19:58+00:00 → current point 2022-12-09T08:00:20+00:00 (6.7 h silence).,2022-12
BKB-0507,AIS_GAP,HIGH,95,5404042639,2022-12-09T23:09:56+00:00,-9.94779166667,142.201563333,,Unknown,AIS gap of 15.2 h,"The vessel disappeared from the AIS source feed for longer than the configured threshold. This may indicate intentional disabling, poor coverage, equipment failure, or small-vessel below-threshold operation.","Review track before/after gap; cross-check RF, SAR, patrol and VMS sources. Note whether the gap area coincides with known IUU activity.",Previous point 2022-12-09T08:00:20+00:00 → current point 2022-12-09T23:09:56+00:00 (15.2 h silence).,2022-12
BKB-0508,AIS_GAP,HIGH,95,5404042639,2022-12-11T01:23:00+00:00,-10.58644,142.221805,,Unknown,AIS gap of 17.9 h,"The vessel disappeared from the AIS source feed for longer than the configured threshold. This may indicate intentional disabling, poor coverage, equipment failure, or small-vessel below-threshold operation.","Review track before/after gap; cross-check RF, SAR, patrol and VMS sources. Note whether the gap area coincides with known IUU activity.",Previous point 2022-12-10T07:28:49+00:00 → current point 2022-12-11T01:23:00+00:00 (17.9 h silence).,2022-12
BKB-0509,AIS_GAP,HIGH,95,5404042639,2022-12-12T03:12:29+00:00,-10.5864566667,142.221786667,,Unknown,AIS gap of 23.7 h,"The vessel disappeared from the AIS source feed for longer than the configured threshold. This may indicate intentional disabling, poor coverage, equipment failure, or small-vessel below-threshold operation.","Review track before/after gap; cross-check RF, SAR, patrol and VMS sources. Note whether the gap area coincides with known IUU activity.",Previous point 2022-12-11T03:29:48+00:00 → current point 2022-12-12T03:12:29+00:00 (23.7 h silence).,2022-12
BKB-0510,AIS_GAP,HIGH,95,5404042639,2022-12-21T01:52:28+00:00,-10.298833,142.523197,,Unknown,AIS gap of 213.5 h,"The vessel disappeared from the AIS source feed for longer than the configured threshold. This may indicate intentional disabling, poor coverage, equipment failure, or small-vessel below-threshold operation.","Review track before/after gap; cross-check RF, SAR, patrol and VMS sources. Note whether the gap area coincides with known IUU activity.",Previous point 2022-12-12T04:24:17+00:00 → current point 2022-12-21T01:52:28+00:00 (213.5 h silence).,2022-12
BKB-0511,AIS_GAP,HIGH,95,6019,2022-12-03T18:45:57+00:00,-11.4000533333,141.91546,,Cargo,AIS gap of 46.9 h,"The vessel disappeared from the AIS source feed for longer than the configured threshold. This may indicate intentional disabling, poor coverage, equipment failure, or small-vessel below-threshold operation.","Review track before/after gap; cross-check RF, SAR, patrol and VMS sources. Note whether the gap area coincides with known IUU activity.",Previous point 2022-12-01T19:49:36+00:00 → current point 2022-12-03T18:45:57+00:00 (46.9 h silence).,2022-12
BKB-0512,AIS_GAP,HIGH,95,6019,2022-12-10T14:18:26+00:00,-11.3868333333,141.885546667,,Cargo,AIS gap of 46.6 h,"The vessel disappeared from the AIS source feed for longer than the configured threshold. This may indicate intentional disabling, poor coverage, equipment failure, or small-vessel below-threshold operation.","Review track before/after gap; cross-check RF, SAR, patrol and VMS sources. Note whether the gap area coincides with known IUU activity.",Previous point 2022-12-08T15:39:51+00:00 → current point 2022-12-10T14:18:26+00:00 (46.6 h silence).,2022-12
BKB-0513,AIS_GAP,HIGH,95,6019,2022-12-17T22:47:58+00:00,-11.3784916667,141.887673333,,Cargo,AIS gap of 51.5 h,"The vessel disappeared from the AIS source feed for longer than the configured threshold. This may indicate intentional disabling, poor coverage, equipment failure, or small-vessel below-threshold operation.","Review track before/after gap; cross-check RF, SAR, patrol and VMS sources. Note whether the gap area coincides with known IUU activity.",Previous point 2022-12-15T19:19:55+00:00 → current point 2022-12-17T22:47:58+00:00 (51.5 h silence).,2022-12
BKB-0514,AIS_GAP,HIGH,95,6019,2022-12-24T14:14:15+00:00,-11.4671616667,141.895451667,,Cargo,AIS gap of 46.6 h,"The vessel disappeared from the AIS source feed for longer than the configured threshold. This may indicate intentional disabling, poor coverage, equipment failure, or small-vessel below-threshold operation.","Review track before/after gap; cross-check RF, SAR, patrol and VMS sources. Note whether the gap area coincides with known IUU activity.",Previous point 2022-12-22T15:39:03+00:00 → current point 2022-12-24T14:14:15+00:00 (46.6 h silence).,2022-12
BKB-0515,AIS_GAP,HIGH,95,6067239741,2022-12-05T23:09:12+00:00,-11.3492316667,143.326541667,,Cargo,AIS gap of 43.4 h,"The vessel disappeared from the AIS source feed for longer than the configured threshold. This may indicate intentional disabling, poor coverage, equipment failure, or small-vessel below-threshold operation.","Review track before/after gap; cross-check RF, SAR, patrol and VMS sources. Note whether the gap area coincides with known IUU activity.",Previous point 2022-12-04T03:44:51+00:00 → current point 2022-12-05T23:09:12+00:00 (43.4 h silence).,2022-12
BKB-0516,AIS_GAP,HIGH,95,6067239741,2022-12-10T08:14:56+00:00,-9.80564833333,142.472845,,Cargo,AIS gap of 105.1 h,"The vessel disappeared from the AIS source feed for longer than the configured threshold. This may indicate intentional disabling, poor coverage, equipment failure, or small-vessel below-threshold operation.","Review track before/after gap; cross-check RF, SAR, patrol and VMS sources. Note whether the gap area coincides with known IUU activity.",Previous point 2022-12-05T23:09:12+00:00 → current point 2022-12-10T08:14:56+00:00 (105.1 h silence).,2022-12
BKB-0517,AIS_GAP,MEDIUM,63,6067239741,2022-12-10T17:19:57+00:00,-11.3327316667,142.891355,,Cargo,AIS gap of 7.1 h,"The vessel disappeared from the AIS source feed for longer than the configured threshold. This may indicate intentional disabling, poor coverage, equipment failure, or small-vessel below-threshold operation.","Review track before/after gap; cross-check RF, SAR, patrol and VMS sources. Note whether the gap area coincides with known IUU activity.",Previous point 2022-12-10T10:14:57+00:00 → current point 2022-12-10T17:19:57+00:00 (7.1 h silence).,2022-12
BKB-0518,AIS_GAP,HIGH,95,622012888,2022-12-10T17:16:57+00:00,-10.4984833333,141.104341667,,Unknown,AIS gap of 199.4 h,"The vessel disappeared from the AIS source feed for longer than the configured threshold. This may indicate intentional disabling, poor coverage, equipment failure, or small-vessel below-threshold operation.","Review track before/after gap; cross-check RF, SAR, patrol and VMS sources. Note whether the gap area coincides with known IUU activity.",Previous point 2022-12-02T09:50:12+00:00 → current point 2022-12-10T17:16:57+00:00 (199.4 h silence).,2022-12
BKB-0519,AIS_GAP,HIGH,95,6295430246,2022-12-07T21:09:54+00:00,-11.4804416667,142.934818333,,Cargo,AIS gap of 124.5 h,"The vessel disappeared from the AIS source feed for longer than the configured threshold. This may indicate intentional disabling, poor coverage, equipment failure, or small-vessel below-threshold operation.","Review track before/after gap; cross-check RF, SAR, patrol and VMS sources. Note whether the gap area coincides with known IUU activity.",Previous point 2022-12-02T16:42:48+00:00 → current point 2022-12-07T21:09:54+00:00 (124.5 h silence).,2022-12
BKB-0520,AIS_GAP,HIGH,95,6295430246,2022-12-14T23:24:51+00:00,-11.4299016667,142.919925,,Cargo,AIS gap of 131.2 h,"The vessel disappeared from the AIS source feed for longer than the configured threshold. This may indicate intentional disabling, poor coverage, equipment failure, or small-vessel below-threshold operation.","Review track before/after gap; cross-check RF, SAR, patrol and VMS sources. Note whether the gap area coincides with known IUU activity.",Previous point 2022-12-09T12:09:57+00:00 → current point 2022-12-14T23:24:51+00:00 (131.2 h silence).,2022-12
BKB-0521,AIS_GAP,HIGH,95,6295430246,2022-12-21T21:59:46+00:00,-11.3641216667,142.910798333,,Cargo,AIS gap of 123.9 h,"The vessel disappeared from the AIS source feed for longer than the configured threshold. This may indicate intentional disabling, poor coverage, equipment failure, or small-vessel below-threshold operation.","Review track before/after gap; cross-check RF, SAR, patrol and VMS sources. Note whether the gap area coincides with known IUU activity.",Previous point 2022-12-16T18:04:54+00:00 → current point 2022-12-21T21:59:46+00:00 (123.9 h silence).,2022-12
BKB-0522,AIS_GAP,MEDIUM,68,7246707202,2022-12-02T16:22:59+00:00,-10.6498283333,142.274901667,,Unknown,AIS gap of 6.9 h,"The vessel disappeared from the AIS source feed for longer than the configured threshold. This may indicate intentional disabling, poor coverage, equipment failure, or small-vessel below-threshold operation.","Review track before/after gap; cross-check RF, SAR, patrol and VMS sources. Note whether the gap area coincides with known IUU activity.",Previous point 2022-12-02T09:31:28+00:00 → current point 2022-12-02T16:22:59+00:00 (6.9 h silence).,2022-12
BKB-0523,AIS_GAP,HIGH,95,7246707202,2022-12-04T03:59:42+00:00,-10.2445233333,143.734096667,,Unknown,AIS gap of 28.2 h,"The vessel disappeared from the AIS source feed for longer than the configured threshold. This may indicate intentional disabling, poor coverage, equipment failure, or small-vessel below-threshold operation.","Review track before/after gap; cross-check RF, SAR, patrol and VMS sources. Note whether the gap area coincides with known IUU activity.",Previous point 2022-12-02T23:49:30+00:00 → current point 2022-12-04T03:59:42+00:00 (28.2 h silence).,2022-12
BKB-0524,AIS_GAP,HIGH,95,7246707202,2022-12-10T10:46:12+00:00,-10.3942516667,143.187975,,Unknown,AIS gap of 150.8 h,"The vessel disappeared from the AIS source feed for longer than the configured threshold. This may indicate intentional disabling, poor coverage, equipment failure, or small-vessel below-threshold operation.","Review track before/after gap; cross-check RF, SAR, patrol and VMS sources. Note whether the gap area coincides with known IUU activity.",Previous point 2022-12-04T03:59:42+00:00 → current point 2022-12-10T10:46:12+00:00 (150.8 h silence).,2022-12
BKB-0525,AIS_GAP,HIGH,95,7246707202,2022-12-11T21:49:17+00:00,-10.58493,142.229873333,,Unknown,AIS gap of 11.2 h,"The vessel disappeared from the AIS source feed for longer than the configured threshold. This may indicate intentional disabling, poor coverage, equipment failure, or small-vessel below-threshold operation.","Review track before/after gap; cross-check RF, SAR, patrol and VMS sources. Note whether the gap area coincides with known IUU activity.",Previous point 2022-12-11T10:34:17+00:00 → current point 2022-12-11T21:49:17+00:00 (11.2 h silence).,2022-12
BKB-0526,AIS_GAP,HIGH,95,7246707202,2022-12-12T11:10:18+00:00,-10.5848,142.229863333,,Unknown,AIS gap of 13.4 h,"The vessel disappeared from the AIS source feed for longer than the configured threshold. This may indicate intentional disabling, poor coverage, equipment failure, or small-vessel below-threshold operation.","Review track before/after gap; cross-check RF, SAR, patrol and VMS sources. Note whether the gap area coincides with known IUU activity.",Previous point 2022-12-11T21:49:17+00:00 → current point 2022-12-12T11:10:18+00:00 (13.4 h silence).,2022-12
BKB-0527,AIS_GAP,HIGH,95,7246707202,2022-12-12T23:10:19+00:00,-10.58477,142.229865,,Unknown,AIS gap of 12.0 h,"The vessel disappeared from the AIS source feed for longer than the configured threshold. This may indicate intentional disabling, poor coverage, equipment failure, or small-vessel below-threshold operation.","Review track before/after gap; cross-check RF, SAR, patrol and VMS sources. Note whether the gap area coincides with known IUU activity.",Previous point 2022-12-12T11:10:18+00:00 → current point 2022-12-12T23:10:19+00:00 (12.0 h silence).,2022-12
BKB-0528,AIS_GAP,MEDIUM,66,7246707202,2022-12-13T17:07:54+00:00,-10.1342716667,143.888236667,,Unknown,AIS gap of 6.5 h,"The vessel disappeared from the AIS source feed for longer than the configured threshold. This may indicate intentional disabling, poor coverage, equipment failure, or small-vessel below-threshold operation.","Review track before/after gap; cross-check RF, SAR, patrol and VMS sources. Note whether the gap area coincides with known IUU activity.",Previous point 2022-12-13T10:35:23+00:00 → current point 2022-12-13T17:07:54+00:00 (6.5 h silence).,2022-12
BKB-0529,AIS_GAP,HIGH,95,7246707202,2022-12-20T01:09:38+00:00,-9.91200166667,143.366353333,,Unknown,AIS gap of 152.0 h,"The vessel disappeared from the AIS source feed for longer than the configured threshold. This may indicate intentional disabling, poor coverage, equipment failure, or small-vessel below-threshold operation.","Review track before/after gap; cross-check RF, SAR, patrol and VMS sources. Note whether the gap area coincides with known IUU activity.",Previous point 2022-12-13T17:07:54+00:00 → current point 2022-12-20T01:09:38+00:00 (152.0 h silence).,2022-12
BKB-0530,AIS_GAP,HIGH,95,7297993964,2022-12-18T16:54:58+00:00,-11.377215,142.991413333,,Cargo,AIS gap of 345.3 h,"The vessel disappeared from the AIS source feed for longer than the configured threshold. This may indicate intentional disabling, poor coverage, equipment failure, or small-vessel below-threshold operation.","Review track before/after gap; cross-check RF, SAR, patrol and VMS sources. Note whether the gap area coincides with known IUU activity.",Previous point 2022-12-04T07:34:52+00:00 → current point 2022-12-18T16:54:58+00:00 (345.3 h silence).,2022-12
BKB-0531,AIS_GAP,HIGH,95,7382326340,2022-12-20T17:44:49+00:00,-11.4174233333,142.989436667,,Cargo,AIS gap of 362.8 h,"The vessel disappeared from the AIS source feed for longer than the configured threshold. This may indicate intentional disabling, poor coverage, equipment failure, or small-vessel below-threshold operation.","Review track before/after gap; cross-check RF, SAR, patrol and VMS sources. Note whether the gap area coincides with known IUU activity.",Previous point 2022-12-05T14:54:55+00:00 → current point 2022-12-20T17:44:49+00:00 (362.8 h silence).,2022-12
BKB-0532,AIS_GAP,HIGH,95,7754381077,2022-12-19T22:14:58+00:00,-11.391005,142.992235,,Tanker,AIS gap of 159.3 h,"The vessel disappeared from the AIS source feed for longer than the configured threshold. This may indicate intentional disabling, poor coverage, equipment failure, or small-vessel below-threshold operation.","Review track before/after gap; cross-check RF, SAR, patrol and VMS sources. Note whether the gap area coincides with known IUU activity.",Previous point 2022-12-13T06:59:53+00:00 → current point 2022-12-19T22:14:58+00:00 (159.3 h silence).,2022-12
BKB-0533,AIS_GAP,HIGH,95,802729716,2022-12-24T23:24:59+00:00,-9.74745166667,143.400913333,,Unknown,AIS gap of 44.8 h,"The vessel disappeared from the AIS source feed for longer than the configured threshold. This may indicate intentional disabling, poor coverage, equipment failure, or small-vessel below-threshold operation.","Review track before/after gap; cross-check RF, SAR, patrol and VMS sources. Note whether the gap area coincides with known IUU activity.",Previous point 2022-12-23T02:39:31+00:00 → current point 2022-12-24T23:24:59+00:00 (44.8 h silence).,2022-12
BKB-0534,AIS_GAP,HIGH,95,8114471590,2022-12-09T04:32:17+00:00,-10.6410516667,142.645795,,Unknown,AIS gap of 23.0 h,"The vessel disappeared from the AIS source feed for longer than the configured threshold. This may indicate intentional disabling, poor coverage, equipment failure, or small-vessel below-threshold operation.","Review track before/after gap; cross-check RF, SAR, patrol and VMS sources. Note whether the gap area coincides with known IUU activity.",Previous point 2022-12-08T05:29:56+00:00 → current point 2022-12-09T04:32:17+00:00 (23.0 h silence).,2022-12
BKB-0535,AIS_GAP,HIGH,95,8339052490,2022-12-09T04:04:20+00:00,-10.0480983333,143.062213333,,Pilot,AIS gap of 44.5 h,"The vessel disappeared from the AIS source feed for longer than the configured threshold. This may indicate intentional disabling, poor coverage, equipment failure, or small-vessel below-threshold operation.","Review track before/after gap; cross-check RF, SAR, patrol and VMS sources. Note whether the gap area coincides with known IUU activity.",Previous point 2022-12-07T07:34:57+00:00 → current point 2022-12-09T04:04:20+00:00 (44.5 h silence).,2022-12
BKB-0536,AIS_GAP,HIGH,95,8339052490,2022-12-10T05:07:40+00:00,-10.048055,143.062211667,,Pilot,AIS gap of 11.5 h,"The vessel disappeared from the AIS source feed for longer than the configured threshold. This may indicate intentional disabling, poor coverage, equipment failure, or small-vessel below-threshold operation.","Review track before/after gap; cross-check RF, SAR, patrol and VMS sources. Note whether the gap area coincides with known IUU activity.",Previous point 2022-12-09T17:34:57+00:00 → current point 2022-12-10T05:07:40+00:00 (11.5 h silence).,2022-12
BKB-0537,AIS_GAP,HIGH,95,8339052490,2022-12-11T07:24:44+00:00,-10.0481016667,143.064213333,,Pilot,AIS gap of 21.4 h,"The vessel disappeared from the AIS source feed for longer than the configured threshold. This may indicate intentional disabling, poor coverage, equipment failure, or small-vessel below-threshold operation.","Review track before/after gap; cross-check RF, SAR, patrol and VMS sources. Note whether the gap area coincides with known IUU activity.",Previous point 2022-12-10T09:59:37+00:00 → current point 2022-12-11T07:24:44+00:00 (21.4 h silence).,2022-12
BKB-0538,AIS_GAP,HIGH,95,8339052490,2022-12-12T23:54:40+00:00,-10.0357316667,143.067996667,,Pilot,AIS gap of 30.1 h,"The vessel disappeared from the AIS source feed for longer than the configured threshold. This may indicate intentional disabling, poor coverage, equipment failure, or small-vessel below-threshold operation.","Review track before/after gap; cross-check RF, SAR, patrol and VMS sources. Note whether the gap area coincides with known IUU activity.",Previous point 2022-12-11T17:49:43+00:00 → current point 2022-12-12T23:54:40+00:00 (30.1 h silence).,2022-12
BKB-0539,AIS_GAP,HIGH,95,8339052490,2022-12-15T15:13:25+00:00,-10.0480116667,143.062945,,Pilot,AIS gap of 53.6 h,"The vessel disappeared from the AIS source feed for longer than the configured threshold. This may indicate intentional disabling, poor coverage, equipment failure, or small-vessel below-threshold operation.","Review track before/after gap; cross-check RF, SAR, patrol and VMS sources. Note whether the gap area coincides with known IUU activity.",Previous point 2022-12-13T09:39:34+00:00 → current point 2022-12-15T15:13:25+00:00 (53.6 h silence).,2022-12
BKB-0540,AIS_GAP,HIGH,95,8339052490,2022-12-16T06:49:50+00:00,-10.0481033333,143.062863333,,Pilot,AIS gap of 11.8 h,"The vessel disappeared from the AIS source feed for longer than the configured threshold. This may indicate intentional disabling, poor coverage, equipment failure, or small-vessel below-threshold operation.","Review track before/after gap; cross-check RF, SAR, patrol and VMS sources. Note whether the gap area coincides with known IUU activity.",Previous point 2022-12-15T19:04:18+00:00 → current point 2022-12-16T06:49:50+00:00 (11.8 h silence).,2022-12
BKB-0541,AIS_GAP,HIGH,95,8339052490,2022-12-17T02:47:43+00:00,-10.0480416667,143.062906667,,Pilot,AIS gap of 15.2 h,"The vessel disappeared from the AIS source feed for longer than the configured threshold. This may indicate intentional disabling, poor coverage, equipment failure, or small-vessel below-threshold operation.","Review track before/after gap; cross-check RF, SAR, patrol and VMS sources. Note whether the gap area coincides with known IUU activity.",Previous point 2022-12-16T11:34:46+00:00 → current point 2022-12-17T02:47:43+00:00 (15.2 h silence).,2022-12
BKB-0542,AIS_GAP,HIGH,95,8339052490,2022-12-19T01:49:47+00:00,-10.047985,143.0626,,Pilot,AIS gap of 11.4 h,"The vessel disappeared from the AIS source feed for longer than the configured threshold. This may indicate intentional disabling, poor coverage, equipment failure, or small-vessel below-threshold operation.","Review track before/after gap; cross-check RF, SAR, patrol and VMS sources. Note whether the gap area coincides with known IUU activity.",Previous point 2022-12-18T14:25:13+00:00 → current point 2022-12-19T01:49:47+00:00 (11.4 h silence).,2022-12
BKB-0543,AIS_GAP,HIGH,95,8339052490,2022-12-20T03:09:33+00:00,-10.0481666667,143.062616667,,Pilot,AIS gap of 21.2 h,"The vessel disappeared from the AIS source feed for longer than the configured threshold. This may indicate intentional disabling, poor coverage, equipment failure, or small-vessel below-threshold operation.","Review track before/after gap; cross-check RF, SAR, patrol and VMS sources. Note whether the gap area coincides with known IUU activity.",Previous point 2022-12-19T05:59:44+00:00 → current point 2022-12-20T03:09:33+00:00 (21.2 h silence).,2022-12
BKB-0544,AIS_GAP,HIGH,95,8339052490,2022-12-22T05:04:41+00:00,-9.73955666667,143.262268333,,Pilot,AIS gap of 45.4 h,"The vessel disappeared from the AIS source feed for longer than the configured threshold. This may indicate intentional disabling, poor coverage, equipment failure, or small-vessel below-threshold operation.","Review track before/after gap; cross-check RF, SAR, patrol and VMS sources. Note whether the gap area coincides with known IUU activity.",Previous point 2022-12-20T07:40:04+00:00 → current point 2022-12-22T05:04:41+00:00 (45.4 h silence).,2022-12
BKB-0545,AIS_GAP,HIGH,95,8339052490,2022-12-23T07:14:31+00:00,-9.79110166667,143.273606667,,Pilot,AIS gap of 23.0 h,"The vessel disappeared from the AIS source feed for longer than the configured threshold. This may indicate intentional disabling, poor coverage, equipment failure, or small-vessel below-threshold operation.","Review track before/after gap; cross-check RF, SAR, patrol and VMS sources. Note whether the gap area coincides with known IUU activity.",Previous point 2022-12-22T08:14:47+00:00 → current point 2022-12-23T07:14:31+00:00 (23.0 h silence).,2022-12
BKB-0546,AIS_GAP,HIGH,95,8339052490,2022-12-23T23:19:07+00:00,-9.78930666667,143.276551667,,Pilot,AIS gap of 15.1 h,"The vessel disappeared from the AIS source feed for longer than the configured threshold. This may indicate intentional disabling, poor coverage, equipment failure, or small-vessel below-threshold operation.","Review track before/after gap; cross-check RF, SAR, patrol and VMS sources. Note whether the gap area coincides with known IUU activity.",Previous point 2022-12-23T08:14:31+00:00 → current point 2022-12-23T23:19:07+00:00 (15.1 h silence).,2022-12
BKB-0547,AIS_GAP,MEDIUM,59,8339052490,2022-12-24T06:49:57+00:00,-9.77736166667,143.287888333,,Pilot,AIS gap of 6.5 h,"The vessel disappeared from the AIS source feed for longer than the configured threshold. This may indicate intentional disabling, poor coverage, equipment failure, or small-vessel below-threshold operation.","Review track before/after gap; cross-check RF, SAR, patrol and VMS sources. Note whether the gap area coincides with known IUU activity.",Previous point 2022-12-24T00:19:41+00:00 → current point 2022-12-24T06:49:57+00:00 (6.5 h silence).,2022-12
BKB-0548,AIS_GAP,MEDIUM,68,8339052490,2022-12-24T15:38:27+00:00,-9.74613666667,143.253861667,,Pilot,AIS gap of 7.7 h,"The vessel disappeared from the AIS source feed for longer than the configured threshold. This may indicate intentional disabling, poor coverage, equipment failure, or small-vessel below-threshold operation.","Review track before/after gap; cross-check RF, SAR, patrol and VMS sources. Note whether the gap area coincides with known IUU activity.",Previous point 2022-12-24T07:54:29+00:00 → current point 2022-12-24T15:38:27+00:00 (7.7 h silence).,2022-12
BKB-0549,AIS_GAP,HIGH,95,8339052490,2022-12-25T14:39:51+00:00,-9.766885,143.296971667,,Pilot,AIS gap of 13.4 h,"The vessel disappeared from the AIS source feed for longer than the configured threshold. This may indicate intentional disabling, poor coverage, equipment failure, or small-vessel below-threshold operation.","Review track before/after gap; cross-check RF, SAR, patrol and VMS sources. Note whether the gap area coincides with known IUU activity.",Previous point 2022-12-25T01:14:25+00:00 → current point 2022-12-25T14:39:51+00:00 (13.4 h silence).,2022-12
BKB-0550,AIS_GAP,HIGH,95,8339052490,2022-12-29T05:44:19+00:00,-9.79561,143.272466667,,Pilot,AIS gap of 84.2 h,"The vessel disappeared from the AIS source feed for longer than the configured threshold. This may indicate intentional disabling, poor coverage, equipment failure, or small-vessel below-threshold operation.","Review track before/after gap; cross-check RF, SAR, patrol and VMS sources. Note whether the gap area coincides with known IUU activity.",Previous point 2022-12-25T17:29:32+00:00 → current point 2022-12-29T05:44:19+00:00 (84.2 h silence).,2022-12
BKB-0551,AIS_GAP,HIGH,95,8339052490,2022-12-29T22:54:40+00:00,-9.78604666667,143.278578333,,Pilot,AIS gap of 16.2 h,"The vessel disappeared from the AIS source feed for longer than the configured threshold. This may indicate intentional disabling, poor coverage, equipment failure, or small-vessel below-threshold operation.","Review track before/after gap; cross-check RF, SAR, patrol and VMS sources. Note whether the gap area coincides with known IUU activity.",Previous point 2022-12-29T06:44:50+00:00 → current point 2022-12-29T22:54:40+00:00 (16.2 h silence).,2022-12
BKB-0552,AIS_GAP,HIGH,95,8339052490,2022-12-30T12:19:37+00:00,-9.78688166667,143.28054,,Pilot,AIS gap of 11.4 h,"The vessel disappeared from the AIS source feed for longer than the configured threshold. This may indicate intentional disabling, poor coverage, equipment failure, or small-vessel below-threshold operation.","Review track before/after gap; cross-check RF, SAR, patrol and VMS sources. Note whether the gap area coincides with known IUU activity.",Previous point 2022-12-30T00:55:41+00:00 → current point 2022-12-30T12:19:37+00:00 (11.4 h silence).,2022-12
BKB-0553,AIS_GAP,HIGH,95,83852175,2022-12-02T03:03:53+00:00,-9.93515166667,143.153716667,,Pilot,AIS gap of 15.5 h,"The vessel disappeared from the AIS source feed for longer than the configured threshold. This may indicate intentional disabling, poor coverage, equipment failure, or small-vessel below-threshold operation.","Review track before/after gap; cross-check RF, SAR, patrol and VMS sources. Note whether the gap area coincides with known IUU activity.",Previous point 2022-12-01T11:36:15+00:00 → current point 2022-12-02T03:03:53+00:00 (15.5 h silence).,2022-12
BKB-0554,AIS_GAP,HIGH,95,83852175,2022-12-02T16:39:16+00:00,-9.93464166667,143.122713333,,Pilot,AIS gap of 11.5 h,"The vessel disappeared from the AIS source feed for longer than the configured threshold. This may indicate intentional disabling, poor coverage, equipment failure, or small-vessel below-threshold operation.","Review track before/after gap; cross-check RF, SAR, patrol and VMS sources. Note whether the gap area coincides with known IUU activity.",Previous point 2022-12-02T05:09:54+00:00 → current point 2022-12-02T16:39:16+00:00 (11.5 h silence).,2022-12
BKB-0555,AIS_GAP,HIGH,95,83852175,2022-12-03T08:59:59+00:00,-9.957255,143.130541667,,Pilot,AIS gap of 13.3 h,"The vessel disappeared from the AIS source feed for longer than the configured threshold. This may indicate intentional disabling, poor coverage, equipment failure, or small-vessel below-threshold operation.","Review track before/after gap; cross-check RF, SAR, patrol and VMS sources. Note whether the gap area coincides with known IUU activity.",Previous point 2022-12-02T19:39:47+00:00 → current point 2022-12-03T08:59:59+00:00 (13.3 h silence).,2022-12
BKB-0556,AIS_GAP,HIGH,95,83852175,2022-12-06T08:19:40+00:00,-10.0480033333,143.062156667,,Pilot,AIS gap of 68.2 h,"The vessel disappeared from the AIS source feed for longer than the configured threshold. This may indicate intentional disabling, poor coverage, equipment failure, or small-vessel below-threshold operation.","Review track before/after gap; cross-check RF, SAR, patrol and VMS sources. Note whether the gap area coincides with known IUU activity.",Previous point 2022-12-03T12:09:29+00:00 → current point 2022-12-06T08:19:40+00:00 (68.2 h silence).,2022-12
BKB-0557,AIS_GAP,HIGH,95,83852175,2022-12-07T01:19:52+00:00,-10.0480216667,143.06219,,Pilot,AIS gap of 11.9 h,"The vessel disappeared from the AIS source feed for longer than the configured threshold. This may indicate intentional disabling, poor coverage, equipment failure, or small-vessel below-threshold operation.","Review track before/after gap; cross-check RF, SAR, patrol and VMS sources. Note whether the gap area coincides with known IUU activity.",Previous point 2022-12-06T13:28:31+00:00 → current point 2022-12-07T01:19:52+00:00 (11.9 h silence).,2022-12
BKB-0558,AIS_GAP,HIGH,95,83852175,2022-12-09T02:34:49+00:00,-10.04904,143.06402,,Pilot,AIS gap of 22.6 h,"The vessel disappeared from the AIS source feed for longer than the configured threshold. This may indicate intentional disabling, poor coverage, equipment failure, or small-vessel below-threshold operation.","Review track before/after gap; cross-check RF, SAR, patrol and VMS sources. Note whether the gap area coincides with known IUU activity.",Previous point 2022-12-08T03:59:58+00:00 → current point 2022-12-09T02:34:49+00:00 (22.6 h silence).,2022-12
BKB-0559,AIS_GAP,HIGH,95,83852175,2022-12-16T19:49:51+00:00,-10.589675,142.218586667,,Pilot,AIS gap of 182.0 h,"The vessel disappeared from the AIS source feed for longer than the configured threshold. This may indicate intentional disabling, poor coverage, equipment failure, or small-vessel below-threshold operation.","Review track before/after gap; cross-check RF, SAR, patrol and VMS sources. Note whether the gap area coincides with known IUU activity.",Previous point 2022-12-09T05:49:44+00:00 → current point 2022-12-16T19:49:51+00:00 (182.0 h silence).,2022-12
BKB-0560,AIS_GAP,HIGH,95,83852175,2022-12-17T21:08:48+00:00,-10.590735,142.207591667,,Pilot,AIS gap of 22.2 h,"The vessel disappeared from the AIS source feed for longer than the configured threshold. This may indicate intentional disabling, poor coverage, equipment failure, or small-vessel below-threshold operation.","Review track before/after gap; cross-check RF, SAR, patrol and VMS sources. Note whether the gap area coincides with known IUU activity.",Previous point 2022-12-16T22:58:20+00:00 → current point 2022-12-17T21:08:48+00:00 (22.2 h silence).,2022-12
BKB-0561,AIS_GAP,HIGH,95,83852175,2022-12-18T20:13:34+00:00,-10.5861516667,142.221468333,,Pilot,AIS gap of 11.1 h,"The vessel disappeared from the AIS source feed for longer than the configured threshold. This may indicate intentional disabling, poor coverage, equipment failure, or small-vessel below-threshold operation.","Review track before/after gap; cross-check RF, SAR, patrol and VMS sources. Note whether the gap area coincides with known IUU activity.",Previous point 2022-12-18T09:04:35+00:00 → current point 2022-12-18T20:13:34+00:00 (11.1 h silence).,2022-12
BKB-0562,AIS_GAP,HIGH,95,83852175,2022-12-20T11:55:46+00:00,-10.58617,142.221457,,Pilot,AIS gap of 34.5 h,"The vessel disappeared from the AIS source feed for longer than the configured threshold. This may indicate intentional disabling, poor coverage, equipment failure, or small-vessel below-threshold operation.","Review track before/after gap; cross-check RF, SAR, patrol and VMS sources. Note whether the gap area coincides with known IUU activity.",Previous point 2022-12-19T01:24:54+00:00 → current point 2022-12-20T11:55:46+00:00 (34.5 h silence).,2022-12
BKB-0563,AIS_GAP,MEDIUM,78,83852175,2022-12-20T21:52:42+00:00,-10.5861483333,142.221443333,,Pilot,AIS gap of 8.9 h,"The vessel disappeared from the AIS source feed for longer than the configured threshold. This may indicate intentional disabling, poor coverage, equipment failure, or small-vessel below-threshold operation.","Review track before/after gap; cross-check RF, SAR, patrol and VMS sources. Note whether the gap area coincides with known IUU activity.",Previous point 2022-12-20T12:59:43+00:00 → current point 2022-12-20T21:52:42+00:00 (8.9 h silence).,2022-12
BKB-0564,AIS_GAP,HIGH,95,83852175,2022-12-21T20:03:27+00:00,-10.5861633333,142.22122,,Pilot,AIS gap of 17.1 h,"The vessel disappeared from the AIS source feed for longer than the configured threshold. This may indicate intentional disabling, poor coverage, equipment failure, or small-vessel below-threshold operation.","Review track before/after gap; cross-check RF, SAR, patrol and VMS sources. Note whether the gap area coincides with known IUU activity.",Previous point 2022-12-21T02:59:33+00:00 → current point 2022-12-21T20:03:27+00:00 (17.1 h silence).,2022-12
BKB-0565,AIS_GAP,HIGH,95,83852175,2022-12-22T23:07:51+00:00,-10.5863066667,142.221051667,,Pilot,AIS gap of 22.7 h,"The vessel disappeared from the AIS source feed for longer than the configured threshold. This may indicate intentional disabling, poor coverage, equipment failure, or small-vessel below-threshold operation.","Review track before/after gap; cross-check RF, SAR, patrol and VMS sources. Note whether the gap area coincides with known IUU activity.",Previous point 2022-12-22T00:23:42+00:00 → current point 2022-12-22T23:07:51+00:00 (22.7 h silence).,2022-12
BKB-0566,AIS_GAP,HIGH,95,83852175,2022-12-23T18:42:01+00:00,-10.58664,142.220981667,,Pilot,AIS gap of 16.5 h,"The vessel disappeared from the AIS source feed for longer than the configured threshold. This may indicate intentional disabling, poor coverage, equipment failure, or small-vessel below-threshold operation.","Review track before/after gap; cross-check RF, SAR, patrol and VMS sources. Note whether the gap area coincides with known IUU activity.",Previous point 2022-12-23T02:14:50+00:00 → current point 2022-12-23T18:42:01+00:00 (16.5 h silence).,2022-12
BKB-0567,AIS_GAP,HIGH,95,83852175,2022-12-24T23:54:15+00:00,-10.5912566667,142.211988333,,Pilot,AIS gap of 26.0 h,"The vessel disappeared from the AIS source feed for longer than the configured threshold. This may indicate intentional disabling, poor coverage, equipment failure, or small-vessel below-threshold operation.","Review track before/after gap; cross-check RF, SAR, patrol and VMS sources. Note whether the gap area coincides with known IUU activity.",Previous point 2022-12-23T21:52:30+00:00 → current point 2022-12-24T23:54:15+00:00 (26.0 h silence).,2022-12
BKB-0568,AIS_GAP,HIGH,95,83852175,2022-12-29T04:33:12+00:00,-10.5861966667,142.221471667,,Pilot,AIS gap of 92.4 h,"The vessel disappeared from the AIS source feed for longer than the configured threshold. This may indicate intentional disabling, poor coverage, equipment failure, or small-vessel below-threshold operation.","Review track before/after gap; cross-check RF, SAR, patrol and VMS sources. Note whether the gap area coincides with known IUU activity.",Previous point 2022-12-25T08:09:39+00:00 → current point 2022-12-29T04:33:12+00:00 (92.4 h silence).,2022-12
BKB-0569,AIS_GAP,MEDIUM,65,83852175,2022-12-30T01:08:12+00:00,-10.5861766667,142.221436667,,Pilot,AIS gap of 7.3 h,"The vessel disappeared from the AIS source feed for longer than the configured threshold. This may indicate intentional disabling, poor coverage, equipment failure, or small-vessel below-threshold operation.","Review track before/after gap; cross-check RF, SAR, patrol and VMS sources. Note whether the gap area coincides with known IUU activity.",Previous point 2022-12-29T17:49:46+00:00 → current point 2022-12-30T01:08:12+00:00 (7.3 h silence).,2022-12
BKB-0570,AIS_GAP,HIGH,95,83852175,2022-12-30T22:39:36+00:00,-10.5861733333,142.22145,,Pilot,AIS gap of 18.5 h,"The vessel disappeared from the AIS source feed for longer than the configured threshold. This may indicate intentional disabling, poor coverage, equipment failure, or small-vessel below-threshold operation.","Review track before/after gap; cross-check RF, SAR, patrol and VMS sources. Note whether the gap area coincides with known IUU activity.",Previous point 2022-12-30T04:09:39+00:00 → current point 2022-12-30T22:39:36+00:00 (18.5 h silence).,2022-12
BKB-0571,AIS_GAP,HIGH,95,83852175,2022-12-31T19:59:56+00:00,-10.592195,142.213161667,,Pilot,AIS gap of 17.2 h,"The vessel disappeared from the AIS source feed for longer than the configured threshold. This may indicate intentional disabling, poor coverage, equipment failure, or small-vessel below-threshold operation.","Review track before/after gap; cross-check RF, SAR, patrol and VMS sources. Note whether the gap area coincides with known IUU activity.",Previous point 2022-12-31T02:49:35+00:00 → current point 2022-12-31T19:59:56+00:00 (17.2 h silence).,2022-12
BKB-0572,AIS_GAP,HIGH,95,8575654043,2022-12-27T07:49:50+00:00,-9.23171833333,144.003593333,,Other,AIS gap of 491.9 h,"The vessel disappeared from the AIS source feed for longer than the configured threshold. This may indicate intentional disabling, poor coverage, equipment failure, or small-vessel below-threshold operation.","Review track before/after gap; cross-check RF, SAR, patrol and VMS sources. Note whether the gap area coincides with known IUU activity.",Previous point 2022-12-06T19:54:51+00:00 → current point 2022-12-27T07:49:50+00:00 (491.9 h silence).,2022-12
BKB-0573,AIS_GAP,HIGH,95,9389456606,2022-12-01T20:34:36+00:00,-10.5902466667,142.217718333,,Unknown,AIS gap of 15.0 h,"The vessel disappeared from the AIS source feed for longer than the configured threshold. This may indicate intentional disabling, poor coverage, equipment failure, or small-vessel below-threshold operation.","Review track before/after gap; cross-check RF, SAR, patrol and VMS sources. Note whether the gap area coincides with known IUU activity.",Previous point 2022-12-01T05:34:31+00:00 → current point 2022-12-01T20:34:36+00:00 (15.0 h silence).,2022-12
BKB-0574,AIS_GAP,HIGH,95,9389456606,2022-12-04T19:54:43+00:00,-10.5857933333,142.222775,,Unknown,AIS gap of 61.8 h,"The vessel disappeared from the AIS source feed for longer than the configured threshold. This may indicate intentional disabling, poor coverage, equipment failure, or small-vessel below-threshold operation.","Review track before/after gap; cross-check RF, SAR, patrol and VMS sources. Note whether the gap area coincides with known IUU activity.",Previous point 2022-12-02T06:04:27+00:00 → current point 2022-12-04T19:54:43+00:00 (61.8 h silence).,2022-12
BKB-0575,AIS_GAP,HIGH,95,9389456606,2022-12-05T23:14:46+00:00,-10.5860683333,142.222648333,,Unknown,AIS gap of 15.8 h,"The vessel disappeared from the AIS source feed for longer than the configured threshold. This may indicate intentional disabling, poor coverage, equipment failure, or small-vessel below-threshold operation.","Review track before/after gap; cross-check RF, SAR, patrol and VMS sources. Note whether the gap area coincides with known IUU activity.",Previous point 2022-12-05T07:23:56+00:00 → current point 2022-12-05T23:14:46+00:00 (15.8 h silence).,2022-12
BKB-0576,AIS_GAP,HIGH,95,9389456606,2022-12-06T19:39:37+00:00,-10.5873016667,142.219763333,,Unknown,AIS gap of 16.2 h,"The vessel disappeared from the AIS source feed for longer than the configured threshold. This may indicate intentional disabling, poor coverage, equipment failure, or small-vessel below-threshold operation.","Review track before/after gap; cross-check RF, SAR, patrol and VMS sources. Note whether the gap area coincides with known IUU activity.",Previous point 2022-12-06T03:25:11+00:00 → current point 2022-12-06T19:39:37+00:00 (16.2 h silence).,2022-12
BKB-0577,AIS_GAP,HIGH,95,9389456606,2022-12-07T23:14:50+00:00,-10.5859166667,142.222608333,,Unknown,AIS gap of 16.0 h,"The vessel disappeared from the AIS source feed for longer than the configured threshold. This may indicate intentional disabling, poor coverage, equipment failure, or small-vessel below-threshold operation.","Review track before/after gap; cross-check RF, SAR, patrol and VMS sources. Note whether the gap area coincides with known IUU activity.",Previous point 2022-12-07T07:17:18+00:00 → current point 2022-12-07T23:14:50+00:00 (16.0 h silence).,2022-12
BKB-0578,AIS_GAP,HIGH,95,9389456606,2022-12-08T19:49:49+00:00,-10.5861033333,142.222553333,,Unknown,AIS gap of 17.5 h,"The vessel disappeared from the AIS source feed for longer than the configured threshold. This may indicate intentional disabling, poor coverage, equipment failure, or small-vessel below-threshold operation.","Review track before/after gap; cross-check RF, SAR, patrol and VMS sources. Note whether the gap area coincides with known IUU activity.",Previous point 2022-12-08T02:22:14+00:00 → current point 2022-12-08T19:49:49+00:00 (17.5 h silence).,2022-12
BKB-0579,AIS_GAP,HIGH,95,9389456606,2022-12-11T20:39:30+00:00,-10.6033933333,142.209678333,,Unknown,AIS gap of 62.1 h,"The vessel disappeared from the AIS source feed for longer than the configured threshold. This may indicate intentional disabling, poor coverage, equipment failure, or small-vessel below-threshold operation.","Review track before/after gap; cross-check RF, SAR, patrol and VMS sources. Note whether the gap area coincides with known IUU activity.",Previous point 2022-12-09T06:33:52+00:00 → current point 2022-12-11T20:39:30+00:00 (62.1 h silence).,2022-12
BKB-0580,AIS_GAP,HIGH,95,9389456606,2022-12-12T22:50:55+00:00,-10.5860733333,142.222568333,,Unknown,AIS gap of 16.1 h,"The vessel disappeared from the AIS source feed for longer than the configured threshold. This may indicate intentional disabling, poor coverage, equipment failure, or small-vessel below-threshold operation.","Review track before/after gap; cross-check RF, SAR, patrol and VMS sources. Note whether the gap area coincides with known IUU activity.",Previous point 2022-12-12T06:44:47+00:00 → current point 2022-12-12T22:50:55+00:00 (16.1 h silence).,2022-12
BKB-0581,AIS_GAP,HIGH,95,9389456606,2022-12-15T19:51:37+00:00,-10.5861216667,142.22325,,Unknown,AIS gap of 66.5 h,"The vessel disappeared from the AIS source feed for longer than the configured threshold. This may indicate intentional disabling, poor coverage, equipment failure, or small-vessel below-threshold operation.","Review track before/after gap; cross-check RF, SAR, patrol and VMS sources. Note whether the gap area coincides with known IUU activity.",Previous point 2022-12-13T01:24:22+00:00 → current point 2022-12-15T19:51:37+00:00 (66.5 h silence).,2022-12
BKB-0582,AIS_GAP,HIGH,95,9389456606,2022-12-18T20:34:03+00:00,-10.5922116667,142.215851667,,Unknown,AIS gap of 60.8 h,"The vessel disappeared from the AIS source feed for longer than the configured threshold. This may indicate intentional disabling, poor coverage, equipment failure, or small-vessel below-threshold operation.","Review track before/after gap; cross-check RF, SAR, patrol and VMS sources. Note whether the gap area coincides with known IUU activity.",Previous point 2022-12-16T07:44:14+00:00 → current point 2022-12-18T20:34:03+00:00 (60.8 h silence).,2022-12
BKB-0583,AIS_GAP,HIGH,95,9389456606,2022-12-19T23:12:28+00:00,-10.5872016667,142.221026667,,Unknown,AIS gap of 16.6 h,"The vessel disappeared from the AIS source feed for longer than the configured threshold. This may indicate intentional disabling, poor coverage, equipment failure, or small-vessel below-threshold operation.","Review track before/after gap; cross-check RF, SAR, patrol and VMS sources. Note whether the gap area coincides with known IUU activity.",Previous point 2022-12-19T06:39:10+00:00 → current point 2022-12-19T23:12:28+00:00 (16.6 h silence).,2022-12
BKB-0584,AIS_GAP,HIGH,95,9389456606,2022-12-20T20:34:07+00:00,-10.5904766667,142.21814,,Unknown,AIS gap of 16.1 h,"The vessel disappeared from the AIS source feed for longer than the configured threshold. This may indicate intentional disabling, poor coverage, equipment failure, or small-vessel below-threshold operation.","Review track before/after gap; cross-check RF, SAR, patrol and VMS sources. Note whether the gap area coincides with known IUU activity.",Previous point 2022-12-20T04:29:50+00:00 → current point 2022-12-20T20:34:07+00:00 (16.1 h silence).,2022-12
BKB-0585,AIS_GAP,HIGH,95,9389456606,2022-12-22T19:44:28+00:00,-10.5859,142.222746667,,Unknown,AIS gap of 37.1 h,"The vessel disappeared from the AIS source feed for longer than the configured threshold. This may indicate intentional disabling, poor coverage, equipment failure, or small-vessel below-threshold operation.","Review track before/after gap; cross-check RF, SAR, patrol and VMS sources. Note whether the gap area coincides with known IUU activity.",Previous point 2022-12-21T06:39:42+00:00 → current point 2022-12-22T19:44:28+00:00 (37.1 h silence).,2022-12
BKB-0586,AIS_GAP,HIGH,95,9389456606,2022-12-27T19:44:46+00:00,-10.5860966667,142.223178333,,Unknown,AIS gap of 108.1 h,"The vessel disappeared from the AIS source feed for longer than the configured threshold. This may indicate intentional disabling, poor coverage, equipment failure, or small-vessel below-threshold operation.","Review track before/after gap; cross-check RF, SAR, patrol and VMS sources. Note whether the gap area coincides with known IUU activity.",Previous point 2022-12-23T07:39:10+00:00 → current point 2022-12-27T19:44:46+00:00 (108.1 h silence).,2022-12
BKB-0587,AIS_GAP,HIGH,95,9389456606,2022-12-29T19:49:12+00:00,-10.5870366667,142.22104,,Unknown,AIS gap of 44.3 h,"The vessel disappeared from the AIS source feed for longer than the configured threshold. This may indicate intentional disabling, poor coverage, equipment failure, or small-vessel below-threshold operation.","Review track before/after gap; cross-check RF, SAR, patrol and VMS sources. Note whether the gap area coincides with known IUU activity.",Previous point 2022-12-27T23:28:31+00:00 → current point 2022-12-29T19:49:12+00:00 (44.3 h silence).,2022-12
BKB-0588,AIS_GAP,HIGH,95,9555900652,2022-12-16T04:44:35+00:00,-10.5854433333,142.237973333,,Unknown,AIS gap of 31.4 h,"The vessel disappeared from the AIS source feed for longer than the configured threshold. This may indicate intentional disabling, poor coverage, equipment failure, or small-vessel below-threshold operation.","Review track before/after gap; cross-check RF, SAR, patrol and VMS sources. Note whether the gap area coincides with known IUU activity.",Previous point 2022-12-14T21:21:04+00:00 → current point 2022-12-16T04:44:35+00:00 (31.4 h silence).,2022-12
BKB-0589,AIS_GAP,HIGH,95,9807111000,2022-12-11T08:42:00+00:00,-10.0616966667,141.005005,,Unknown,AIS gap of 107.9 h,"The vessel disappeared from the AIS source feed for longer than the configured threshold. This may indicate intentional disabling, poor coverage, equipment failure, or small-vessel below-threshold operation.","Review track before/after gap; cross-check RF, SAR, patrol and VMS sources. Note whether the gap area coincides with known IUU activity.",Previous point 2022-12-06T20:46:01+00:00 → current point 2022-12-11T08:42:00+00:00 (107.9 h silence).,2022-12
BKB-0590,AIS_GAP,HIGH,95,9807111000,2022-12-15T02:51:34+00:00,-10.10112,141.012896667,,Unknown,AIS gap of 80.1 h,"The vessel disappeared from the AIS source feed for longer than the configured threshold. This may indicate intentional disabling, poor coverage, equipment failure, or small-vessel below-threshold operation.","Review track before/after gap; cross-check RF, SAR, patrol and VMS sources. Note whether the gap area coincides with known IUU activity.",Previous point 2022-12-11T18:46:10+00:00 → current point 2022-12-15T02:51:34+00:00 (80.1 h silence).,2022-12
BKB-0591,AIS_GAP,HIGH,95,9807111000,2022-12-17T12:11:44+00:00,-9.967375,141.026151667,,Unknown,AIS gap of 57.3 h,"The vessel disappeared from the AIS source feed for longer than the configured threshold. This may indicate intentional disabling, poor coverage, equipment failure, or small-vessel below-threshold operation.","Review track before/after gap; cross-check RF, SAR, patrol and VMS sources. Note whether the gap area coincides with known IUU activity.",Previous point 2022-12-15T02:51:34+00:00 → current point 2022-12-17T12:11:44+00:00 (57.3 h silence).,2022-12
BKB-0592,AIS_GAP,HIGH,95,9807111000,2022-12-22T00:08:05+00:00,-10.1193133333,141.004908333,,Unknown,AIS gap of 100.2 h,"The vessel disappeared from the AIS source feed for longer than the configured threshold. This may indicate intentional disabling, poor coverage, equipment failure, or small-vessel below-threshold operation.","Review track before/after gap; cross-check RF, SAR, patrol and VMS sources. Note whether the gap area coincides with known IUU activity.",Previous point 2022-12-17T19:54:12+00:00 → current point 2022-12-22T00:08:05+00:00 (100.2 h silence).,2022-12
BKB-0593,AIS_GAP,HIGH,95,9807111000,2022-12-25T04:50:45+00:00,-10.10904,141.005188333,,Unknown,AIS gap of 76.7 h,"The vessel disappeared from the AIS source feed for longer than the configured threshold. This may indicate intentional disabling, poor coverage, equipment failure, or small-vessel below-threshold operation.","Review track before/after gap; cross-check RF, SAR, patrol and VMS sources. Note whether the gap area coincides with known IUU activity.",Previous point 2022-12-22T00:08:05+00:00 → current point 2022-12-25T04:50:45+00:00 (76.7 h silence).,2022-12
BKB-0594,AIS_GAP,HIGH,95,9807111000,2022-12-26T08:14:20+00:00,-10.1121766667,141.007835,,Unknown,AIS gap of 27.4 h,"The vessel disappeared from the AIS source feed for longer than the configured threshold. This may indicate intentional disabling, poor coverage, equipment failure, or small-vessel below-threshold operation.","Review track before/after gap; cross-check RF, SAR, patrol and VMS sources. Note whether the gap area coincides with known IUU activity.",Previous point 2022-12-25T04:50:45+00:00 → current point 2022-12-26T08:14:20+00:00 (27.4 h silence).,2022-12
BKB-0595,AIS_GAP,HIGH,95,9807111000,2022-12-30T03:43:44+00:00,-10.02022,141.019328333,,Unknown,AIS gap of 79.7 h,"The vessel disappeared from the AIS source feed for longer than the configured threshold. This may indicate intentional disabling, poor coverage, equipment failure, or small-vessel below-threshold operation.","Review track before/after gap; cross-check RF, SAR, patrol and VMS sources. Note whether the gap area coincides with known IUU activity.",Previous point 2022-12-26T19:59:20+00:00 → current point 2022-12-30T03:43:44+00:00 (79.7 h silence).,2022-12
BKB-0001,LOITERING,MEDIUM,77,16311824991,2022-12-04T06:48:09+00:00,-10.58638,142.219003333,,Other,Loitering 2.6 h within 1.9 km,"The vessel remains inside a small geographic radius at low average speed for a sustained period. In northern Australian waters, this pattern is consistent with IUU fishing activity or sea-cucumber harvesting.","Check whether the area is consistent with a licensed fishing zone, anchorage, or known permitted activity. Cross-reference against AFMA authorisation records and VMS data if available.",Span 2.6 h; max radius from centroid 1.86 km; avg SOG 0.1 kn.,2022-12
BKB-0002,LOITERING,HIGH,88,20213306548,2022-12-21T02:02:34+00:00,-9.987752,141.109278,,Unknown,Loitering 57.0 h within 4.2 km,"The vessel remains inside a small geographic radius at low average speed for a sustained period. In northern Australian waters, this pattern is consistent with IUU fishing activity or sea-cucumber harvesting.","Check whether the area is consistent with a licensed fishing zone, anchorage, or known permitted activity. Cross-reference against AFMA authorisation records and VMS data if available.",Span 57.0 h; max radius from centroid 4.21 km; avg SOG 0.4 kn.,2022-12
BKB-0003,LOITERING,HIGH,88,20927323101,2022-12-31T23:47:02+00:00,-10.589825,142.245941667,,Tug,Loitering 743.7 h within 3.6 km,"The vessel remains inside a small geographic radius at low average speed for a sustained period. In northern Australian waters, this pattern is consistent with IUU fishing activity or sea-cucumber harvesting.","Check whether the area is consistent with a licensed fishing zone, anchorage, or known permitted activity. Cross-reference against AFMA authorisation records and VMS data if available.",Span 743.7 h; max radius from centroid 3.64 km; avg SOG 0.6 kn.,2022-12
BKB-0001,SENSITIVE_ZONE,LOW,52,7867810346,2022-12-01T12:09:47+00:00,-10.9356833333,142.76396,,Sailing,Presence inside Torres Strait illustrative fisheries focus area,"The vessel is inside an illustrative monitoring zone. This is contextual enrichment, not an allegation of wrongdoing.",Use as a contextual feature alongside gap/loitering/rendezvous alerts rather than as a standalone escalation trigger.,Distance to zone centre 78.4 km; zone radius 80.0 km.,2022-12
BKB-0002,SENSITIVE_ZONE,LOW,52,95902,2022-12-04T04:24:10+00:00,-10.5881033333,142.221871667,,Unknown,Presence inside Torres Strait illustrative fisheries focus area,"The vessel is inside an illustrative monitoring zone. This is contextual enrichment, not an allegation of wrongdoing.",Use as a contextual feature alongside gap/loitering/rendezvous alerts rather than as a standalone escalation trigger.,Distance to zone centre 10.1 km; zone radius 80.0 km.,2022-12
BKB-0003,SENSITIVE_ZONE,LOW,52,16311824991,2022-12-04T06:48:09+00:00,-10.58638,142.219003333,,Other,Presence inside Torres Strait illustrative fisheries focus area,"The vessel is inside an illustrative monitoring zone. This is contextual enrichment, not an allegation of wrongdoing.",Use as a contextual feature alongside gap/loitering/rendezvous alerts rather than as a standalone escalation trigger.,Distance to zone centre 9.8 km; zone radius 80.0 km.,2022-12
BKB-0004,SENSITIVE_ZONE,LOW,52,17320928140,2022-12-04T07:14:10+00:00,-10.5904583333,142.208976667,,Unknown,Presence inside Torres Strait illustrative fisheries focus area,"The vessel is inside an illustrative monitoring zone. This is contextual enrichment, not an allegation of wrongdoing.",Use as a contextual feature alongside gap/loitering/rendezvous alerts rather than as a standalone escalation trigger.,Distance to zone centre 10.1 km; zone radius 80.0 km.,2022-12
BKB-0005,SENSITIVE_ZONE,LOW,52,16248878237,2022-12-04T07:18:09+00:00,-10.5904766667,142.20769,,Unknown,Presence inside Torres Strait illustrative fisheries focus area,"The vessel is inside an illustrative monitoring zone. This is contextual enrichment, not an allegation of wrongdoing.",Use as a contextual feature alongside gap/loitering/rendezvous alerts rather than as a standalone escalation trigger.,Distance to zone centre 10.1 km; zone radius 80.0 km.,2022-12
BKB-0006,SENSITIVE_ZONE,LOW,52,26752645342,2022-12-04T07:33:10+00:00,-10.583775,142.193903333,,Unknown,Presence inside Torres Strait illustrative fisheries focus area,"The vessel is inside an illustrative monitoring zone. This is contextual enrichment, not an allegation of wrongdoing.",Use as a contextual feature alongside gap/loitering/rendezvous alerts rather than as a standalone escalation trigger.,Distance to zone centre 9.3 km; zone radius 80.0 km.,2022-12
BKB-0007,SENSITIVE_ZONE,LOW,52,22459109467,2022-12-05T22:24:12+00:00,-10.5834333333,142.227641667,,Other,Presence inside Torres Strait illustrative fisheries focus area,"The vessel is inside an illustrative monitoring zone. This is contextual enrichment, not an allegation of wrongdoing.",Use as a contextual feature alongside gap/loitering/rendezvous alerts rather than as a standalone escalation trigger.,Distance to zone centre 9.8 km; zone radius 80.0 km.,2022-12
BKB-0008,SENSITIVE_ZONE,LOW,52,26854014950,2022-12-07T14:04:06+00:00,-10.60967,141.480346667,,Sailing,Presence inside Torres Strait illustrative fisheries focus area,"The vessel is inside an illustrative monitoring zone. This is contextual enrichment, not an allegation of wrongdoing.",Use as a contextual feature alongside gap/loitering/rendezvous alerts rather than as a standalone escalation trigger.,Distance to zone centre 79.6 km; zone radius 80.0 km.,2022-12
BKB-0009,SENSITIVE_ZONE,LOW,52,14532084403,2022-12-08T04:29:57+00:00,-10.584545,142.220951667,,Unknown,Presence inside Torres Strait illustrative fisheries focus area,"The vessel is inside an illustrative monitoring zone. This is contextual enrichment, not an allegation of wrongdoing.",Use as a contextual feature alongside gap/loitering/rendezvous alerts rather than as a standalone escalation trigger.,Distance to zone centre 9.7 km; zone radius 80.0 km.,2022-12
BKB-0010,SENSITIVE_ZONE,LOW,52,28696955697,2022-12-09T00:02:57+00:00,-10.5313916667,142.06628,,Unknown,Presence inside Torres Strait illustrative fisheries focus area,"The vessel is inside an illustrative monitoring zone. This is contextual enrichment, not an allegation of wrongdoing.",Use as a contextual feature alongside gap/loitering/rendezvous alerts rather than as a standalone escalation trigger.,Distance to zone centre 15.0 km; zone radius 80.0 km.,2022-12
BKB-0011,SENSITIVE_ZONE,LOW,52,22072727278,2022-12-11T20:30:28+00:00,-10.5846816667,142.240533333,,Unknown,Presence inside Torres Strait illustrative fisheries focus area,"The vessel is inside an illustrative monitoring zone. This is contextual enrichment, not an allegation of wrongdoing.",Use as a contextual feature alongside gap/loitering/rendezvous alerts rather than as a standalone escalation trigger.,Distance to zone centre 10.4 km; zone radius 80.0 km.,2022-12
BKB-0012,SENSITIVE_ZONE,LOW,52,21233467425,2022-12-12T22:54:48+00:00,-10.410705,142.029438333,,Pleasure,Presence inside Torres Strait illustrative fisheries focus area,"The vessel is inside an illustrative monitoring zone. This is contextual enrichment, not an allegation of wrongdoing.",Use as a contextual feature alongside gap/loitering/rendezvous alerts rather than as a standalone escalation trigger.,Distance to zone centre 21.1 km; zone radius 80.0 km.,2022-12
BKB-0013,SENSITIVE_ZONE,LOW,52,5229234911,2022-12-14T03:42:12+00:00,-10.7263083333,142.386468333,,Law_enforcement,Presence inside Torres Strait illustrative fisheries focus area,"The vessel is inside an illustrative monitoring zone. This is contextual enrichment, not an allegation of wrongdoing.",Use as a contextual feature alongside gap/loitering/rendezvous alerts rather than as a standalone escalation trigger.,Distance to zone centre 32.4 km; zone radius 80.0 km.,2022-12
BKB-0014,SENSITIVE_ZONE,LOW,52,3277236545,2022-12-14T06:33:09+00:00,-10.7009433333,142.305346667,,Unknown,Presence inside Torres Strait illustrative fisheries focus area,"The vessel is inside an illustrative monitoring zone. This is contextual enrichment, not an allegation of wrongdoing.",Use as a contextual feature alongside gap/loitering/rendezvous alerts rather than as a standalone escalation trigger.,Distance to zone centre 25.1 km; zone radius 80.0 km.,2022-12
BKB-0015,SENSITIVE_ZONE,LOW,52,27497389111,2022-12-17T04:38:42+00:00,-10.6719766667,141.6944,,Sailing,Presence inside Torres Strait illustrative fisheries focus area,"The vessel is inside an illustrative monitoring zone. This is contextual enrichment, not an allegation of wrongdoing.",Use as a contextual feature alongside gap/loitering/rendezvous alerts rather than as a standalone escalation trigger.,Distance to zone centre 58.5 km; zone radius 80.0 km.,2022-12
BKB-0016,SENSITIVE_ZONE,LOW,52,2772183358,2022-12-17T05:34:32+00:00,-10.6033916667,141.579803333,,Sailing,Presence inside Torres Strait illustrative fisheries focus area,"The vessel is inside an illustrative monitoring zone. This is contextual enrichment, not an allegation of wrongdoing.",Use as a contextual feature alongside gap/loitering/rendezvous alerts rather than as a standalone escalation trigger.,Distance to zone centre 68.8 km; zone radius 80.0 km.,2022-12
BKB-0017,SENSITIVE_ZONE,LOW,52,28768431410,2022-12-18T06:33:55+00:00,-10.5788683333,142.159745,,Unknown,Presence inside Torres Strait illustrative fisheries focus area,"The vessel is inside an illustrative monitoring zone. This is contextual enrichment, not an allegation of wrongdoing.",Use as a contextual feature alongside gap/loitering/rendezvous alerts rather than as a standalone escalation trigger.,Distance to zone centre 9.8 km; zone radius 80.0 km.,2022-12
BKB-0018,SENSITIVE_ZONE,LOW,52,28800288820,2022-12-18T07:24:37+00:00,-10.5909766667,142.212171667,,Unknown,Presence inside Torres Strait illustrative fisheries focus area,"The vessel is inside an illustrative monitoring zone. This is contextual enrichment, not an allegation of wrongdoing.",Use as a contextual feature alongside gap/loitering/rendezvous alerts rather than as a standalone escalation trigger.,Distance to zone centre 10.2 km; zone radius 80.0 km.,2022-12
BKB-0019,SENSITIVE_ZONE,LOW,52,28799467883,2022-12-18T07:49:09+00:00,-10.5784983333,142.157446667,,Passenger,Presence inside Torres Strait illustrative fisheries focus area,"The vessel is inside an illustrative monitoring zone. This is contextual enrichment, not an allegation of wrongdoing.",Use as a contextual feature alongside gap/loitering/rendezvous alerts rather than as a standalone escalation trigger.,Distance to zone centre 9.9 km; zone radius 80.0 km.,2022-12
BKB-0020,SENSITIVE_ZONE,LOW,52,28768529355,2022-12-18T07:59:53+00:00,-10.5902733333,142.213735,,Passenger,Presence inside Torres Strait illustrative fisheries focus area,"The vessel is inside an illustrative monitoring zone. This is contextual enrichment, not an allegation of wrongdoing.",Use as a contextual feature alongside gap/loitering/rendezvous alerts rather than as a standalone escalation trigger.,Distance to zone centre 10.1 km; zone radius 80.0 km.,2022-12
BKB-0021,SENSITIVE_ZONE,LOW,52,313882,2022-12-19T04:07:29+00:00,-10.5869616667,142.220898333,,Unknown,Presence inside Torres Strait illustrative fisheries focus area,"The vessel is inside an illustrative monitoring zone. This is contextual enrichment, not an allegation of wrongdoing.",Use as a contextual feature alongside gap/loitering/rendezvous alerts rather than as a standalone escalation trigger.,Distance to zone centre 9.9 km; zone radius 80.0 km.,2022-12
BKB-0022,SENSITIVE_ZONE,LOW,52,5404042639,2022-12-21T01:52:28+00:00,-10.298833,142.523197,,Unknown,Presence inside Torres Strait illustrative fisheries focus area,"The vessel is inside an illustrative monitoring zone. This is contextual enrichment, not an allegation of wrongdoing.",Use as a contextual feature alongside gap/loitering/rendezvous alerts rather than as a standalone escalation trigger.,Distance to zone centre 41.8 km; zone radius 80.0 km.,2022-12
BKB-0023,SENSITIVE_ZONE,LOW,52,601204739,2022-12-21T13:09:57+00:00,-10.60017,141.534916667,,Cargo,Presence inside Torres Strait illustrative fisheries focus area,"The vessel is inside an illustrative monitoring zone. This is contextual enrichment, not an allegation of wrongdoing.",Use as a contextual feature alongside gap/loitering/rendezvous alerts rather than as a standalone escalation trigger.,Distance to zone centre 73.6 km; zone radius 80.0 km.,2022-12
BKB-0024,SENSITIVE_ZONE,LOW,52,7246707202,2022-12-22T08:43:13+00:00,-10.8684583333,142.159076667,,Unknown,Presence inside Torres Strait illustrative fisheries focus area,"The vessel is inside an illustrative monitoring zone. This is contextual enrichment, not an allegation of wrongdoing.",Use as a contextual feature alongside gap/loitering/rendezvous alerts rather than as a standalone escalation trigger.,Distance to zone centre 41.2 km; zone radius 80.0 km.,2022-12
BKB-0025,SENSITIVE_ZONE,LOW,52,5162417327,2022-12-22T12:29:55+00:00,-10.5791966667,141.991895,,Law_enforcement,Presence inside Torres Strait illustrative fisheries focus area,"The vessel is inside an illustrative monitoring zone. This is contextual enrichment, not an allegation of wrongdoing.",Use as a contextual feature alongside gap/loitering/rendezvous alerts rather than as a standalone escalation trigger.,Distance to zone centre 24.4 km; zone radius 80.0 km.,2022-12
BKB-0026,SENSITIVE_ZONE,LOW,52,28418566182,2022-12-25T03:04:46+00:00,-10.7207233333,142.349575,,Sailing,Presence inside Torres Strait illustrative fisheries focus area,"The vessel is inside an illustrative monitoring zone. This is contextual enrichment, not an allegation of wrongdoing.",Use as a contextual feature alongside gap/loitering/rendezvous alerts rather than as a standalone escalation trigger.,Distance to zone centre 29.5 km; zone radius 80.0 km.,2022-12
BKB-0027,SENSITIVE_ZONE,LOW,52,28830553610,2022-12-26T23:09:22+00:00,-10.5805383333,142.233511667,,Pleasure,Presence inside Torres Strait illustrative fisheries focus area,"The vessel is inside an illustrative monitoring zone. This is contextual enrichment, not an allegation of wrongdoing.",Use as a contextual feature alongside gap/loitering/rendezvous alerts rather than as a standalone escalation trigger.,Distance to zone centre 9.7 km; zone radius 80.0 km.,2022-12
BKB-0028,SENSITIVE_ZONE,LOW,52,28764688772,2022-12-28T04:17:15+00:00,-10.5879633333,142.22663,,Unknown,Presence inside Torres Strait illustrative fisheries focus area,"The vessel is inside an illustrative monitoring zone. This is contextual enrichment, not an allegation of wrongdoing.",Use as a contextual feature alongside gap/loitering/rendezvous alerts rather than as a standalone escalation trigger.,Distance to zone centre 10.2 km; zone radius 80.0 km.,2022-12
BKB-0029,SENSITIVE_ZONE,LOW,52,4525549360,2022-12-29T00:12:46+00:00,-10.7993333333,142.343975,,Unknown,Presence inside Torres Strait illustrative fisheries focus area,"The vessel is inside an illustrative monitoring zone. This is contextual enrichment, not an allegation of wrongdoing.",Use as a contextual feature alongside gap/loitering/rendezvous alerts rather than as a standalone escalation trigger.,Distance to zone centre 36.8 km; zone radius 80.0 km.,2022-12
BKB-0030,SENSITIVE_ZONE,LOW,52,19124013153,2022-12-29T11:24:26+00:00,-10.5786183333,142.16905,,Pleasure,Presence inside Torres Strait illustrative fisheries focus area,"The vessel is inside an illustrative monitoring zone. This is contextual enrichment, not an allegation of wrongdoing.",Use as a contextual feature alongside gap/loitering/rendezvous alerts rather than as a standalone escalation trigger.,Distance to zone centre 9.4 km; zone radius 80.0 km.,2022-12
BKB-0031,SENSITIVE_ZONE,LOW,52,19246867620,2022-12-30T04:54:32+00:00,-10.55699,141.994326667,,Other,Presence inside Torres Strait illustrative fisheries focus area,"The vessel is inside an illustrative monitoring zone. This is contextual enrichment, not an allegation of wrongdoing.",Use as a contextual feature alongside gap/loitering/rendezvous alerts rather than as a standalone escalation trigger.,Distance to zone centre 23.4 km; zone radius 80.0 km.,2022-12
BKB-0032,SENSITIVE_ZONE,LOW,52,13079483495,2022-12-30T05:34:58+00:00,-10.5303316667,142.341898333,,Law_enforcement,Presence inside Torres Strait illustrative fisheries focus area,"The vessel is inside an illustrative monitoring zone. This is contextual enrichment, not an allegation of wrongdoing.",Use as a contextual feature alongside gap/loitering/rendezvous alerts rather than as a standalone escalation trigger.,Distance to zone centre 15.9 km; zone radius 80.0 km.,2022-12
BKB-0033,SENSITIVE_ZONE,LOW,52,9389456606,2022-12-30T07:29:51+00:00,-10.586195,142.222718333,,Unknown,Presence inside Torres Strait illustrative fisheries focus area,"The vessel is inside an illustrative monitoring zone. This is contextual enrichment, not an allegation of wrongdoing.",Use as a contextual feature alongside gap/loitering/rendezvous alerts rather than as a standalone escalation trigger.,Distance to zone centre 9.9 km; zone radius 80.0 km.,2022-12
BKB-0034,SENSITIVE_ZONE,LOW,52,4861304398,2022-12-30T15:13:01+00:00,-10.8113016667,141.963995,,Sailing,Presence inside Torres Strait illustrative fisheries focus area,"The vessel is inside an illustrative monitoring zone. This is contextual enrichment, not an allegation of wrongdoing.",Use as a contextual feature alongside gap/loitering/rendezvous alerts rather than as a standalone escalation trigger.,Distance to zone centre 43.2 km; zone radius 80.0 km.,2022-12
BKB-0035,SENSITIVE_ZONE,LOW,52,3081688885,2022-12-31T00:34:35+00:00,-10.581995,142.087656667,,Pilot,Presence inside Torres Strait illustrative fisheries focus area,"The vessel is inside an illustrative monitoring zone. This is contextual enrichment, not an allegation of wrongdoing.",Use as a contextual feature alongside gap/loitering/rendezvous alerts rather than as a standalone escalation trigger.,Distance to zone centre 15.3 km; zone radius 80.0 km.,2022-12
BKB-0036,SENSITIVE_ZONE,LOW,52,1125050817,2022-12-31T04:37:53+00:00,-10.5763166667,142.160398333,,Pilot,Presence inside Torres Strait illustrative fisheries focus area,"The vessel is inside an illustrative monitoring zone. This is contextual enrichment, not an allegation of wrongdoing.",Use as a contextual feature alongside gap/loitering/rendezvous alerts rather than as a standalone escalation trigger.,Distance to zone centre 9.5 km; zone radius 80.0 km.,2022-12
BKB-0037,SENSITIVE_ZONE,LOW,52,17975949069,2022-12-31T10:27:08+00:00,-10.5842583333,142.229506667,,Unknown,Presence inside Torres Strait illustrative fisheries focus area,"The vessel is inside an illustrative monitoring zone. This is contextual enrichment, not an allegation of wrongdoing.",Use as a contextual feature alongside gap/loitering/rendezvous alerts rather than as a standalone escalation trigger.,Distance to zone centre 9.9 km; zone radius 80.0 km.,2022-12
BKB-0038,SENSITIVE_ZONE,LOW,52,83852175,2022-12-31T22:04:55+00:00,-10.6087633333,141.885378333,,Pilot,Presence inside Torres Strait illustrative fisheries focus area,"The vessel is inside an illustrative monitoring zone. This is contextual enrichment, not an allegation of wrongdoing.",Use as a contextual feature alongside gap/loitering/rendezvous alerts rather than as a standalone escalation trigger.,Distance to zone centre 36.5 km; zone radius 80.0 km.,2022-12
BKB-0039,SENSITIVE_ZONE,LOW,52,19161811333,2022-12-31T23:09:56+00:00,-10.4515233333,142.2968,,Cargo,Presence inside Torres Strait illustrative fisheries focus area,"The vessel is inside an illustrative monitoring zone. This is contextual enrichment, not an allegation of wrongdoing.",Use as a contextual feature alongside gap/loitering/rendezvous alerts rather than as a standalone escalation trigger.,Distance to zone centre 11.9 km; zone radius 80.0 km.,2022-12
BKB-0040,SENSITIVE_ZONE,LOW,52,3133718163,2022-12-31T23:09:57+00:00,-10.5286833333,142.408183333,,Cargo,Presence inside Torres Strait illustrative fisheries focus area,"The vessel is inside an illustrative monitoring zone. This is contextual enrichment, not an allegation of wrongdoing.",Use as a contextual feature alongside gap/loitering/rendezvous alerts rather than as a standalone escalation trigger.,Distance to zone centre 23.0 km; zone radius 80.0 km.,2022-12
BKB-0041,SENSITIVE_ZONE,LOW,52,6019,2022-12-31T23:12:05+00:00,-10.5745,142.25626,,Cargo,Presence inside Torres Strait illustrative fisheries focus area,"The vessel is inside an illustrative monitoring zone. This is contextual enrichment, not an allegation of wrongdoing.",Use as a contextual feature alongside gap/loitering/rendezvous alerts rather than as a standalone escalation trigger.,Distance to zone centre 10.3 km; zone radius 80.0 km.,2022-12
BKB-0042,SENSITIVE_ZONE,LOW,52,28291259036,2022-12-31T23:30:57+00:00,-10.5880566667,142.226481667,,Sailing,Presence inside Torres Strait illustrative fisheries focus area,"The vessel is inside an illustrative monitoring zone. This is contextual enrichment, not an allegation of wrongdoing.",Use as a contextual feature alongside gap/loitering/rendezvous alerts rather than as a standalone escalation trigger.,Distance to zone centre 10.2 km; zone radius 80.0 km.,2022-12
BKB-0043,SENSITIVE_ZONE,LOW,52,4975107535,2022-12-31T23:33:21+00:00,-10.5864016667,142.221921667,,Law_enforcement,Presence inside Torres Strait illustrative fisheries focus area,"The vessel is inside an illustrative monitoring zone. This is contextual enrichment, not an allegation of wrongdoing.",Use as a contextual feature alongside gap/loitering/rendezvous alerts rather than as a standalone escalation trigger.,Distance to zone centre 9.9 km; zone radius 80.0 km.,2022-12
BKB-0044,SENSITIVE_ZONE,LOW,52,15952,2022-12-31T23:34:57+00:00,-10.9164,142.750568333,,Cargo,Presence inside Torres Strait illustrative fisheries focus area,"The vessel is inside an illustrative monitoring zone. This is contextual enrichment, not an allegation of wrongdoing.",Use as a contextual feature alongside gap/loitering/rendezvous alerts rather than as a standalone escalation trigger.,Distance to zone centre 75.9 km; zone radius 80.0 km.,2022-12
BKB-0045,SENSITIVE_ZONE,LOW,52,256960230,2022-12-31T23:34:59+00:00,-10.582725,142.246275,,Unknown,Presence inside Torres Strait illustrative fisheries focus area,"The vessel is inside an illustrative monitoring zone. This is contextual enrichment, not an allegation of wrongdoing.",Use as a contextual feature alongside gap/loitering/rendezvous alerts rather than as a standalone escalation trigger.,Distance to zone centre 10.5 km; zone radius 80.0 km.,2022-12
BKB-0046,SENSITIVE_ZONE,LOW,52,13481179470,2022-12-31T23:39:49+00:00,-10.567145,142.106251667,,Tanker,Presence inside Torres Strait illustrative fisheries focus area,"The vessel is inside an illustrative monitoring zone. This is contextual enrichment, not an allegation of wrongdoing.",Use as a contextual feature alongside gap/loitering/rendezvous alerts rather than as a standalone escalation trigger.,Distance to zone centre 12.7 km; zone radius 80.0 km.,2022-12
BKB-0047,SENSITIVE_ZONE,LOW,52,1357382534,2022-12-31T23:42:57+00:00,-10.5860133333,142.221891667,,Unknown,Presence inside Torres Strait illustrative fisheries focus area,"The vessel is inside an illustrative monitoring zone. This is contextual enrichment, not an allegation of wrongdoing.",Use as a contextual feature alongside gap/loitering/rendezvous alerts rather than as a standalone escalation trigger.,Distance to zone centre 9.9 km; zone radius 80.0 km.,2022-12
BKB-0048,SENSITIVE_ZONE,LOW,52,20927323101,2022-12-31T23:47:02+00:00,-10.589825,142.245941667,,Tug,Presence inside Torres Strait illustrative fisheries focus area,"The vessel is inside an illustrative monitoring zone. This is contextual enrichment, not an allegation of wrongdoing.",Use as a contextual feature alongside gap/loitering/rendezvous alerts rather than as a standalone escalation trigger.,Distance to zone centre 11.2 km; zone radius 80.0 km.,2022-12
BKB-0049,SENSITIVE_ZONE,LOW,52,19978640788,2022-12-31T23:59:48+00:00,-10.58645,142.221536667,,Pilot,Presence inside Torres Strait illustrative fisheries focus area,"The vessel is inside an illustrative monitoring zone. This is contextual enrichment, not an allegation of wrongdoing.",Use as a contextual feature alongside gap/loitering/rendezvous alerts rather than as a standalone escalation trigger.,Distance to zone centre 9.9 km; zone radius 80.0 km.,2022-12
BKB-0001,AIS_GAP,HIGH,95,11573894662,2026-04-25T22:44:58+00:00,-11.3424933333,142.997123333,,Cargo,AIS gap of 522.8 h,"The vessel disappeared from the AIS source feed for longer than the configured threshold. This may indicate intentional disabling, poor coverage, equipment failure, or small-vessel below-threshold operation.","Review track before/after gap; cross-check RF, SAR, patrol and VMS sources. Note whether the gap area coincides with known IUU activity.",Previous point 2026-04-04T03:54:53+00:00 → current point 2026-04-25T22:44:58+00:00 (522.8 h silence).,2026-04
BKB-0002,AIS_GAP,HIGH,95,12489594532,2026-04-21T05:49:48+00:00,-11.3151366667,142.988326667,,Tanker,AIS gap of 113.8 h,"The vessel disappeared from the AIS source feed for longer than the configured threshold. This may indicate intentional disabling, poor coverage, equipment failure, or small-vessel below-threshold operation.","Review track before/after gap; cross-check RF, SAR, patrol and VMS sources. Note whether the gap area coincides with known IUU activity.",Previous point 2026-04-16T11:59:56+00:00 → current point 2026-04-21T05:49:48+00:00 (113.8 h silence).,2026-04
BKB-0003,AIS_GAP,HIGH,95,1401471447,2026-04-30T20:08:06+00:00,-11.2978366667,142.981498333,,Cargo,AIS gap of 431.7 h,"The vessel disappeared from the AIS source feed for longer than the configured threshold. This may indicate intentional disabling, poor coverage, equipment failure, or small-vessel below-threshold operation.","Review track before/after gap; cross-check RF, SAR, patrol and VMS sources. Note whether the gap area coincides with known IUU activity.",Previous point 2026-04-12T20:24:41+00:00 → current point 2026-04-30T20:08:06+00:00 (431.7 h silence).,2026-04
BKB-0004,AIS_GAP,HIGH,95,14684117584,2026-04-23T10:54:50+00:00,-11.41801,141.302648333,,Cargo,AIS gap of 196.6 h,"The vessel disappeared from the AIS source feed for longer than the configured threshold. This may indicate intentional disabling, poor coverage, equipment failure, or small-vessel below-threshold operation.","Review track before/after gap; cross-check RF, SAR, patrol and VMS sources. Note whether the gap area coincides with known IUU activity.",Previous point 2026-04-15T06:16:49+00:00 → current point 2026-04-23T10:54:50+00:00 (196.6 h silence).,2026-04
BKB-0005,AIS_GAP,HIGH,95,1479489407,2026-04-20T04:04:47+00:00,-11.3570666667,142.998015,,Cargo,AIS gap of 445.4 h,"The vessel disappeared from the AIS source feed for longer than the configured threshold. This may indicate intentional disabling, poor coverage, equipment failure, or small-vessel below-threshold operation.","Review track before/after gap; cross-check RF, SAR, patrol and VMS sources. Note whether the gap area coincides with known IUU activity.",Previous point 2026-04-01T14:39:49+00:00 → current point 2026-04-20T04:04:47+00:00 (445.4 h silence).,2026-04
BKB-0006,AIS_GAP,HIGH,95,1539738270,2026-04-08T20:58:45+00:00,-10.5860183333,142.221878333,,Other,AIS gap of 19.6 h,"The vessel disappeared from the AIS source feed for longer than the configured threshold. This may indicate intentional disabling, poor coverage, equipment failure, or small-vessel below-threshold operation.","Review track before/after gap; cross-check RF, SAR, patrol and VMS sources. Note whether the gap area coincides with known IUU activity.",Previous point 2026-04-08T01:19:57+00:00 → current point 2026-04-08T20:58:45+00:00 (19.6 h silence).,2026-04
BKB-0007,AIS_GAP,HIGH,95,1539738270,2026-04-27T00:47:23+00:00,-10.5866166667,142.219496667,,Other,AIS gap of 426.6 h,"The vessel disappeared from the AIS source feed for longer than the configured threshold. This may indicate intentional disabling, poor coverage, equipment failure, or small-vessel below-threshold operation.","Review track before/after gap; cross-check RF, SAR, patrol and VMS sources. Note whether the gap area coincides with known IUU activity.",Previous point 2026-04-09T06:12:51+00:00 → current point 2026-04-27T00:47:23+00:00 (426.6 h silence).,2026-04
BKB-0008,AIS_GAP,HIGH,95,1539738270,2026-04-27T21:04:54+00:00,-10.58788,142.219521667,,Other,AIS gap of 19.3 h,"The vessel disappeared from the AIS source feed for longer than the configured threshold. This may indicate intentional disabling, poor coverage, equipment failure, or small-vessel below-threshold operation.","Review track before/after gap; cross-check RF, SAR, patrol and VMS sources. Note whether the gap area coincides with known IUU activity.",Previous point 2026-04-27T01:49:29+00:00 → current point 2026-04-27T21:04:54+00:00 (19.3 h silence).,2026-04
BKB-0009,AIS_GAP,HIGH,95,1539738270,2026-04-28T19:47:25+00:00,-9.22542666667,142.211385,,Other,AIS gap of 14.7 h,"The vessel disappeared from the AIS source feed for longer than the configured threshold. This may indicate intentional disabling, poor coverage, equipment failure, or small-vessel below-threshold operation.","Review track before/after gap; cross-check RF, SAR, patrol and VMS sources. Note whether the gap area coincides with known IUU activity.",Previous point 2026-04-28T05:07:30+00:00 → current point 2026-04-28T19:47:25+00:00 (14.7 h silence).,2026-04
BKB-0010,AIS_GAP,HIGH,95,15866391592,2026-04-21T14:54:21+00:00,-10.5435966667,141.250033333,,Tanker,AIS gap of 291.8 h,"The vessel disappeared from the AIS source feed for longer than the configured threshold. This may indicate intentional disabling, poor coverage, equipment failure, or small-vessel below-threshold operation.","Review track before/after gap; cross-check RF, SAR, patrol and VMS sources. Note whether the gap area coincides with known IUU activity.",Previous point 2026-04-09T11:03:39+00:00 → current point 2026-04-21T14:54:21+00:00 (291.8 h silence).,2026-04
BKB-0011,AIS_GAP,HIGH,95,15952,2026-04-08T19:39:57+00:00,-11.34887,142.910225,,Cargo,AIS gap of 128.3 h,"The vessel disappeared from the AIS source feed for longer than the configured threshold. This may indicate intentional disabling, poor coverage, equipment failure, or small-vessel below-threshold operation.","Review track before/after gap; cross-check RF, SAR, patrol and VMS sources. Note whether the gap area coincides with known IUU activity.",Previous point 2026-04-03T11:24:53+00:00 → current point 2026-04-08T19:39:57+00:00 (128.3 h silence).,2026-04
BKB-0012,AIS_GAP,HIGH,95,15952,2026-04-11T06:25:12+00:00,-11.3745916667,141.87661,,Cargo,AIS gap of 23.0 h,"The vessel disappeared from the AIS source feed for longer than the configured threshold. This may indicate intentional disabling, poor coverage, equipment failure, or small-vessel below-threshold operation.","Review track before/after gap; cross-check RF, SAR, patrol and VMS sources. Note whether the gap area coincides with known IUU activity.",Previous point 2026-04-10T07:26:09+00:00 → current point 2026-04-11T06:25:12+00:00 (23.0 h silence).,2026-04
BKB-0013,AIS_GAP,HIGH,95,15952,2026-04-15T17:40:24+00:00,-11.4556916667,142.929151667,,Cargo,AIS gap of 98.4 h,"The vessel disappeared from the AIS source feed for longer than the configured threshold. This may indicate intentional disabling, poor coverage, equipment failure, or small-vessel below-threshold operation.","Review track before/after gap; cross-check RF, SAR, patrol and VMS sources. Note whether the gap area coincides with known IUU activity.",Previous point 2026-04-11T15:14:57+00:00 → current point 2026-04-15T17:40:24+00:00 (98.4 h silence).,2026-04
BKB-0014,AIS_GAP,HIGH,95,15952,2026-04-22T23:04:59+00:00,-10.580765,142.366518333,,Cargo,AIS gap of 130.3 h,"The vessel disappeared from the AIS source feed for longer than the configured threshold. This may indicate intentional disabling, poor coverage, equipment failure, or small-vessel below-threshold operation.","Review track before/after gap; cross-check RF, SAR, patrol and VMS sources. Note whether the gap area coincides with known IUU activity.",Previous point 2026-04-17T12:49:55+00:00 → current point 2026-04-22T23:04:59+00:00 (130.3 h silence).,2026-04
BKB-0015,AIS_GAP,HIGH,95,15952,2026-04-29T16:14:55+00:00,-11.497455,142.943645,,Cargo,AIS gap of 126.8 h,"The vessel disappeared from the AIS source feed for longer than the configured threshold. This may indicate intentional disabling, poor coverage, equipment failure, or small-vessel below-threshold operation.","Review track before/after gap; cross-check RF, SAR, patrol and VMS sources. Note whether the gap area coincides with known IUU activity.",Previous point 2026-04-24T09:29:53+00:00 → current point 2026-04-29T16:14:55+00:00 (126.8 h silence).,2026-04
BKB-0016,AIS_GAP,HIGH,95,1614713494,2026-04-05T12:04:50+00:00,-11.410145,142.990351667,,Tanker,AIS gap of 99.4 h,"The vessel disappeared from the AIS source feed for longer than the configured threshold. This may indicate intentional disabling, poor coverage, equipment failure, or small-vessel below-threshold operation.","Review track before/after gap; cross-check RF, SAR, patrol and VMS sources. Note whether the gap area coincides with known IUU activity.",Previous point 2026-04-01T08:39:48+00:00 → current point 2026-04-05T12:04:50+00:00 (99.4 h silence).,2026-04
BKB-0017,AIS_GAP,HIGH,95,16440666678,2026-04-19T17:19:52+00:00,-9.21965833333,143.946795,,Other,AIS gap of 387.4 h,"The vessel disappeared from the AIS source feed for longer than the configured threshold. This may indicate intentional disabling, poor coverage, equipment failure, or small-vessel below-threshold operation.","Review track before/after gap; cross-check RF, SAR, patrol and VMS sources. Note whether the gap area coincides with known IUU activity.",Previous point 2026-04-03T13:54:50+00:00 → current point 2026-04-19T17:19:52+00:00 (387.4 h silence).,2026-04
BKB-0018,AIS_GAP,HIGH,95,1694441276,2026-04-07T01:04:38+00:00,-10.327415,142.79814,,Other,AIS gap of 142.6 h,"The vessel disappeared from the AIS source feed for longer than the configured threshold. This may indicate intentional disabling, poor coverage, equipment failure, or small-vessel below-threshold operation.","Review track before/after gap; cross-check RF, SAR, patrol and VMS sources. Note whether the gap area coincides with known IUU activity.",Previous point 2026-04-01T02:29:58+00:00 → current point 2026-04-07T01:04:38+00:00 (142.6 h silence).,2026-04
BKB-0019,AIS_GAP,HIGH,95,1694441276,2026-04-12T22:39:43+00:00,-10.4577416667,142.282346667,,Other,AIS gap of 140.3 h,"The vessel disappeared from the AIS source feed for longer than the configured threshold. This may indicate intentional disabling, poor coverage, equipment failure, or small-vessel below-threshold operation.","Review track before/after gap; cross-check RF, SAR, patrol and VMS sources. Note whether the gap area coincides with known IUU activity.",Previous point 2026-04-07T02:24:36+00:00 → current point 2026-04-12T22:39:43+00:00 (140.3 h silence).,2026-04
BKB-0020,AIS_GAP,HIGH,95,17357106639,2026-04-20T18:19:48+00:00,-11.4963183333,142.976588333,,Tanker,AIS gap of 176.5 h,"The vessel disappeared from the AIS source feed for longer than the configured threshold. This may indicate intentional disabling, poor coverage, equipment failure, or small-vessel below-threshold operation.","Review track before/after gap; cross-check RF, SAR, patrol and VMS sources. Note whether the gap area coincides with known IUU activity.",Previous point 2026-04-13T09:49:16+00:00 → current point 2026-04-20T18:19:48+00:00 (176.5 h silence).,2026-04
BKB-0021,AIS_GAP,HIGH,95,17424312737,2026-04-06T05:34:51+00:00,-9.6117,143.298031667,,Law_enforcement,AIS gap of 31.0 h,"The vessel disappeared from the AIS source feed for longer than the configured threshold. This may indicate intentional disabling, poor coverage, equipment failure, or small-vessel below-threshold operation.","Review track before/after gap; cross-check RF, SAR, patrol and VMS sources. Note whether the gap area coincides with known IUU activity.",Previous point 2026-04-04T22:32:09+00:00 → current point 2026-04-06T05:34:51+00:00 (31.0 h silence).,2026-04
BKB-0022,AIS_GAP,HIGH,95,17424312737,2026-04-06T21:24:05+00:00,-9.61128333333,143.29798,,Law_enforcement,AIS gap of 14.8 h,"The vessel disappeared from the AIS source feed for longer than the configured threshold. This may indicate intentional disabling, poor coverage, equipment failure, or small-vessel below-threshold operation.","Review track before/after gap; cross-check RF, SAR, patrol and VMS sources. Note whether the gap area coincides with known IUU activity.",Previous point 2026-04-06T06:38:22+00:00 → current point 2026-04-06T21:24:05+00:00 (14.8 h silence).,2026-04
BKB-0023,AIS_GAP,HIGH,95,17424312737,2026-04-09T10:52:39+00:00,-10.587855,142.220445,,Law_enforcement,AIS gap of 61.5 h,"The vessel disappeared from the AIS source feed for longer than the configured threshold. This may indicate intentional disabling, poor coverage, equipment failure, or small-vessel below-threshold operation.","Review track before/after gap; cross-check RF, SAR, patrol and VMS sources. Note whether the gap area coincides with known IUU activity.",Previous point 2026-04-06T21:24:05+00:00 → current point 2026-04-09T10:52:39+00:00 (61.5 h silence).,2026-04
BKB-0024,AIS_GAP,HIGH,95,1744400276,2026-04-25T15:28:10+00:00,-10.8119883333,141.178708333,,Tanker,AIS gap of 501.9 h,"The vessel disappeared from the AIS source feed for longer than the configured threshold. This may indicate intentional disabling, poor coverage, equipment failure, or small-vessel below-threshold operation.","Review track before/after gap; cross-check RF, SAR, patrol and VMS sources. Note whether the gap area coincides with known IUU activity.",Previous point 2026-04-04T17:34:54+00:00 → current point 2026-04-25T15:28:10+00:00 (501.9 h silence).,2026-04
BKB-0025,AIS_GAP,HIGH,95,1788263677,2026-04-27T00:44:50+00:00,-11.434265,142.985988333,,Cargo,AIS gap of 524.6 h,"The vessel disappeared from the AIS source feed for longer than the configured threshold. This may indicate intentional disabling, poor coverage, equipment failure, or small-vessel below-threshold operation.","Review track before/after gap; cross-check RF, SAR, patrol and VMS sources. Note whether the gap area coincides with known IUU activity.",Previous point 2026-04-05T04:09:55+00:00 → current point 2026-04-27T00:44:50+00:00 (524.6 h silence).,2026-04
BKB-0026,AIS_GAP,HIGH,82,17975949069,2026-04-10T11:40:44+00:00,-10.520605,143.09227,,Fishing,AIS gap of 8.5 h,"The vessel disappeared from the AIS source feed for longer than the configured threshold. This may indicate intentional disabling, poor coverage, equipment failure, or small-vessel below-threshold operation.","Review track before/after gap; cross-check RF, SAR, patrol and VMS sources. Note whether the gap area coincides with known IUU activity.",Previous point 2026-04-10T03:09:53+00:00 → current point 2026-04-10T11:40:44+00:00 (8.5 h silence).,2026-04
BKB-0027,AIS_GAP,HIGH,95,17975949069,2026-04-11T01:56:19+00:00,-10.5207183333,143.092438333,,Fishing,AIS gap of 13.0 h,"The vessel disappeared from the AIS source feed for longer than the configured threshold. This may indicate intentional disabling, poor coverage, equipment failure, or small-vessel below-threshold operation.","Review track before/after gap; cross-check RF, SAR, patrol and VMS sources. Note whether the gap area coincides with known IUU activity.",Previous point 2026-04-10T12:56:51+00:00 → current point 2026-04-11T01:56:19+00:00 (13.0 h silence).,2026-04
BKB-0028,AIS_GAP,HIGH,95,17975949069,2026-04-18T00:02:16+00:00,-10.59507,142.24063,,Fishing,AIS gap of 66.6 h,"The vessel disappeared from the AIS source feed for longer than the configured threshold. This may indicate intentional disabling, poor coverage, equipment failure, or small-vessel below-threshold operation.","Review track before/after gap; cross-check RF, SAR, patrol and VMS sources. Note whether the gap area coincides with known IUU activity.",Previous point 2026-04-15T05:25:13+00:00 → current point 2026-04-18T00:02:16+00:00 (66.6 h silence).,2026-04
BKB-0029,AIS_GAP,HIGH,95,17975949069,2026-04-22T23:12:25+00:00,-10.021635,142.824323333,,Fishing,AIS gap of 13.5 h,"The vessel disappeared from the AIS source feed for longer than the configured threshold. This may indicate intentional disabling, poor coverage, equipment failure, or small-vessel below-threshold operation.","Review track before/after gap; cross-check RF, SAR, patrol and VMS sources. Note whether the gap area coincides with known IUU activity.",Previous point 2026-04-22T09:39:38+00:00 → current point 2026-04-22T23:12:25+00:00 (13.5 h silence).,2026-04
BKB-0030,AIS_GAP,HIGH,92,17975949069,2026-04-28T15:10:20+00:00,-11.417955,143.144375,,Fishing,AIS gap of 9.8 h,"The vessel disappeared from the AIS source feed for longer than the configured threshold. This may indicate intentional disabling, poor coverage, equipment failure, or small-vessel below-threshold operation.","Review track before/after gap; cross-check RF, SAR, patrol and VMS sources. Note whether the gap area coincides with known IUU activity.",Previous point 2026-04-28T05:20:52+00:00 → current point 2026-04-28T15:10:20+00:00 (9.8 h silence).,2026-04
BKB-0031,AIS_GAP,HIGH,95,18349406256,2026-04-27T18:41:51+00:00,-9.68861666667,141.423531667,,Other,AIS gap of 82.8 h,"The vessel disappeared from the AIS source feed for longer than the configured threshold. This may indicate intentional disabling, poor coverage, equipment failure, or small-vessel below-threshold operation.","Review track before/after gap; cross-check RF, SAR, patrol and VMS sources. Note whether the gap area coincides with known IUU activity.",Previous point 2026-04-24T07:52:39+00:00 → current point 2026-04-27T18:41:51+00:00 (82.8 h silence).,2026-04
BKB-0032,AIS_GAP,HIGH,95,18349406256,2026-04-28T06:36:51+00:00,-9.811325,141.621668333,,Other,AIS gap of 11.9 h,"The vessel disappeared from the AIS source feed for longer than the configured threshold. This may indicate intentional disabling, poor coverage, equipment failure, or small-vessel below-threshold operation.","Review track before/after gap; cross-check RF, SAR, patrol and VMS sources. Note whether the gap area coincides with known IUU activity.",Previous point 2026-04-27T18:41:51+00:00 → current point 2026-04-28T06:36:51+00:00 (11.9 h silence).,2026-04
BKB-0033,AIS_GAP,HIGH,80,18349406256,2026-04-28T19:44:51+00:00,-9.78096833333,141.611313333,,Other,AIS gap of 8.3 h,"The vessel disappeared from the AIS source feed for longer than the configured threshold. This may indicate intentional disabling, poor coverage, equipment failure, or small-vessel below-threshold operation.","Review track before/after gap; cross-check RF, SAR, patrol and VMS sources. Note whether the gap area coincides with known IUU activity.",Previous point 2026-04-28T11:23:51+00:00 → current point 2026-04-28T19:44:51+00:00 (8.3 h silence).,2026-04
BKB-0034,AIS_GAP,HIGH,95,18349406256,2026-04-29T11:20:51+00:00,-9.751775,141.715575,,Other,AIS gap of 15.6 h,"The vessel disappeared from the AIS source feed for longer than the configured threshold. This may indicate intentional disabling, poor coverage, equipment failure, or small-vessel below-threshold operation.","Review track before/after gap; cross-check RF, SAR, patrol and VMS sources. Note whether the gap area coincides with known IUU activity.",Previous point 2026-04-28T19:44:51+00:00 → current point 2026-04-29T11:20:51+00:00 (15.6 h silence).,2026-04
BKB-0035,AIS_GAP,MEDIUM,79,18349406256,2026-04-29T19:30:51+00:00,-9.72509166667,141.730006667,,Other,AIS gap of 8.2 h,"The vessel disappeared from the AIS source feed for longer than the configured threshold. This may indicate intentional disabling, poor coverage, equipment failure, or small-vessel below-threshold operation.","Review track before/after gap; cross-check RF, SAR, patrol and VMS sources. Note whether the gap area coincides with known IUU activity.",Previous point 2026-04-29T11:20:51+00:00 → current point 2026-04-29T19:30:51+00:00 (8.2 h silence).,2026-04
BKB-0036,AIS_GAP,HIGH,95,1862215,2026-04-11T05:04:50+00:00,-11.2552183333,142.969381667,,Cargo,AIS gap of 95.3 h,"The vessel disappeared from the AIS source feed for longer than the configured threshold. This may indicate intentional disabling, poor coverage, equipment failure, or small-vessel below-threshold operation.","Review track before/after gap; cross-check RF, SAR, patrol and VMS sources. Note whether the gap area coincides with known IUU activity.",Previous point 2026-04-07T05:44:55+00:00 → current point 2026-04-11T05:04:50+00:00 (95.3 h silence).,2026-04
BKB-0037,AIS_GAP,HIGH,95,19161811333,2026-04-22T23:04:54+00:00,-10.06132,143.016973333,,Cargo,AIS gap of 13.5 h,"The vessel disappeared from the AIS source feed for longer than the configured threshold. This may indicate intentional disabling, poor coverage, equipment failure, or small-vessel below-threshold operation.","Review track before/after gap; cross-check RF, SAR, patrol and VMS sources. Note whether the gap area coincides with known IUU activity.",Previous point 2026-04-22T09:34:14+00:00 → current point 2026-04-22T23:04:54+00:00 (13.5 h silence).,2026-04
BKB-0038,AIS_GAP,MEDIUM,61,19500548648,2026-04-05T08:56:17+00:00,-10.5740533333,142.33484,,Cargo,AIS gap of 6.9 h,"The vessel disappeared from the AIS source feed for longer than the configured threshold. This may indicate intentional disabling, poor coverage, equipment failure, or small-vessel below-threshold operation.","Review track before/after gap; cross-check RF, SAR, patrol and VMS sources. Note whether the gap area coincides with known IUU activity.",Previous point 2026-04-05T02:04:18+00:00 → current point 2026-04-05T08:56:17+00:00 (6.9 h silence).,2026-04
BKB-0039,AIS_GAP,HIGH,95,19500548648,2026-04-07T06:51:16+00:00,-9.379995,142.613423333,,Cargo,AIS gap of 11.5 h,"The vessel disappeared from the AIS source feed for longer than the configured threshold. This may indicate intentional disabling, poor coverage, equipment failure, or small-vessel below-threshold operation.","Review track before/after gap; cross-check RF, SAR, patrol and VMS sources. Note whether the gap area coincides with known IUU activity.",Previous point 2026-04-06T19:21:15+00:00 → current point 2026-04-07T06:51:16+00:00 (11.5 h silence).,2026-04
BKB-0040,AIS_GAP,HIGH,95,19500548648,2026-04-08T00:48:15+00:00,-9.37997333333,142.613378333,,Cargo,AIS gap of 13.6 h,"The vessel disappeared from the AIS source feed for longer than the configured threshold. This may indicate intentional disabling, poor coverage, equipment failure, or small-vessel below-threshold operation.","Review track before/after gap; cross-check RF, SAR, patrol and VMS sources. Note whether the gap area coincides with known IUU activity.",Previous point 2026-04-07T11:11:18+00:00 → current point 2026-04-08T00:48:15+00:00 (13.6 h silence).,2026-04
BKB-0041,AIS_GAP,HIGH,95,19500548648,2026-04-08T22:32:14+00:00,-9.59946833333,142.566831667,,Cargo,AIS gap of 13.2 h,"The vessel disappeared from the AIS source feed for longer than the configured threshold. This may indicate intentional disabling, poor coverage, equipment failure, or small-vessel below-threshold operation.","Review track before/after gap; cross-check RF, SAR, patrol and VMS sources. Note whether the gap area coincides with known IUU activity.",Previous point 2026-04-08T09:20:17+00:00 → current point 2026-04-08T22:32:14+00:00 (13.2 h silence).,2026-04
BKB-0042,AIS_GAP,HIGH,95,19978640788,2026-04-22T23:10:05+00:00,-10.58644,142.221531667,,Pilot,AIS gap of 12.6 h,"The vessel disappeared from the AIS source feed for longer than the configured threshold. This may indicate intentional disabling, poor coverage, equipment failure, or small-vessel below-threshold operation.","Review track before/after gap; cross-check RF, SAR, patrol and VMS sources. Note whether the gap area coincides with known IUU activity.",Previous point 2026-04-22T10:36:05+00:00 → current point 2026-04-22T23:10:05+00:00 (12.6 h silence).,2026-04
BKB-0043,AIS_GAP,HIGH,95,20646392196,2026-04-01T19:59:24+00:00,-10.5842066667,142.229906667,,Other,AIS gap of 11.2 h,"The vessel disappeared from the AIS source feed for longer than the configured threshold. This may indicate intentional disabling, poor coverage, equipment failure, or small-vessel below-threshold operation.","Review track before/after gap; cross-check RF, SAR, patrol and VMS sources. Note whether the gap area coincides with known IUU activity.",Previous point 2026-04-01T08:50:20+00:00 → current point 2026-04-01T19:59:24+00:00 (11.2 h silence).,2026-04
BKB-0044,AIS_GAP,HIGH,95,20646392196,2026-04-02T19:50:14+00:00,-10.58421,142.229895,,Other,AIS gap of 11.5 h,"The vessel disappeared from the AIS source feed for longer than the configured threshold. This may indicate intentional disabling, poor coverage, equipment failure, or small-vessel below-threshold operation.","Review track before/after gap; cross-check RF, SAR, patrol and VMS sources. Note whether the gap area coincides with known IUU activity.",Previous point 2026-04-02T08:22:53+00:00 → current point 2026-04-02T19:50:14+00:00 (11.5 h silence).,2026-04
BKB-0045,AIS_GAP,HIGH,95,20646392196,2026-04-03T19:48:43+00:00,-10.5842466667,142.229866667,,Other,AIS gap of 12.5 h,"The vessel disappeared from the AIS source feed for longer than the configured threshold. This may indicate intentional disabling, poor coverage, equipment failure, or small-vessel below-threshold operation.","Review track before/after gap; cross-check RF, SAR, patrol and VMS sources. Note whether the gap area coincides with known IUU activity.",Previous point 2026-04-03T07:19:32+00:00 → current point 2026-04-03T19:48:43+00:00 (12.5 h silence).,2026-04
BKB-0046,AIS_GAP,HIGH,95,20646392196,2026-04-04T21:49:28+00:00,-10.5842916667,142.228888333,,Other,AIS gap of 14.8 h,"The vessel disappeared from the AIS source feed for longer than the configured threshold. This may indicate intentional disabling, poor coverage, equipment failure, or small-vessel below-threshold operation.","Review track before/after gap; cross-check RF, SAR, patrol and VMS sources. Note whether the gap area coincides with known IUU activity.",Previous point 2026-04-04T07:00:41+00:00 → current point 2026-04-04T21:49:28+00:00 (14.8 h silence).,2026-04
BKB-0047,AIS_GAP,HIGH,95,20646392196,2026-04-05T19:45:30+00:00,-10.5843033333,142.229468333,,Other,AIS gap of 12.9 h,"The vessel disappeared from the AIS source feed for longer than the configured threshold. This may indicate intentional disabling, poor coverage, equipment failure, or small-vessel below-threshold operation.","Review track before/after gap; cross-check RF, SAR, patrol and VMS sources. Note whether the gap area coincides with known IUU activity.",Previous point 2026-04-05T06:49:09+00:00 → current point 2026-04-05T19:45:30+00:00 (12.9 h silence).,2026-04
BKB-0048,AIS_GAP,HIGH,95,20646392196,2026-04-08T00:02:48+00:00,-10.5866666667,142.219475,,Other,AIS gap of 40.1 h,"The vessel disappeared from the AIS source feed for longer than the configured threshold. This may indicate intentional disabling, poor coverage, equipment failure, or small-vessel below-threshold operation.","Review track before/after gap; cross-check RF, SAR, patrol and VMS sources. Note whether the gap area coincides with known IUU activity.",Previous point 2026-04-06T07:59:22+00:00 → current point 2026-04-08T00:02:48+00:00 (40.1 h silence).,2026-04
BKB-0049,AIS_GAP,HIGH,95,20646392196,2026-04-08T20:08:58+00:00,-10.5837016667,142.227535,,Other,AIS gap of 11.6 h,"The vessel disappeared from the AIS source feed for longer than the configured threshold. This may indicate intentional disabling, poor coverage, equipment failure, or small-vessel below-threshold operation.","Review track before/after gap; cross-check RF, SAR, patrol and VMS sources. Note whether the gap area coincides with known IUU activity.",Previous point 2026-04-08T08:31:40+00:00 → current point 2026-04-08T20:08:58+00:00 (11.6 h silence).,2026-04
BKB-0050,AIS_GAP,HIGH,95,20646392196,2026-04-13T22:28:20+00:00,-10.5866866667,142.228338333,,Other,AIS gap of 109.8 h,"The vessel disappeared from the AIS source feed for longer than the configured threshold. This may indicate intentional disabling, poor coverage, equipment failure, or small-vessel below-threshold operation.","Review track before/after gap; cross-check RF, SAR, patrol and VMS sources. Note whether the gap area coincides with known IUU activity.",Previous point 2026-04-09T08:37:57+00:00 → current point 2026-04-13T22:28:20+00:00 (109.8 h silence).,2026-04
BKB-0051,AIS_GAP,HIGH,95,20646392196,2026-04-14T20:14:01+00:00,-10.5881716667,142.220565,,Other,AIS gap of 12.8 h,"The vessel disappeared from the AIS source feed for longer than the configured threshold. This may indicate intentional disabling, poor coverage, equipment failure, or small-vessel below-threshold operation.","Review track before/after gap; cross-check RF, SAR, patrol and VMS sources. Note whether the gap area coincides with known IUU activity.",Previous point 2026-04-14T07:24:50+00:00 → current point 2026-04-14T20:14:01+00:00 (12.8 h silence).,2026-04
BKB-0052,AIS_GAP,HIGH,95,20646392196,2026-04-15T19:57:25+00:00,-10.5843633333,142.229926667,,Other,AIS gap of 12.5 h,"The vessel disappeared from the AIS source feed for longer than the configured threshold. This may indicate intentional disabling, poor coverage, equipment failure, or small-vessel below-threshold operation.","Review track before/after gap; cross-check RF, SAR, patrol and VMS sources. Note whether the gap area coincides with known IUU activity.",Previous point 2026-04-15T07:24:50+00:00 → current point 2026-04-15T19:57:25+00:00 (12.5 h silence).,2026-04
BKB-0053,AIS_GAP,HIGH,95,20646392196,2026-04-17T04:57:49+00:00,-10.5835283333,142.227606667,,Other,AIS gap of 20.5 h,"The vessel disappeared from the AIS source feed for longer than the configured threshold. This may indicate intentional disabling, poor coverage, equipment failure, or small-vessel below-threshold operation.","Review track before/after gap; cross-check RF, SAR, patrol and VMS sources. Note whether the gap area coincides with known IUU activity.",Previous point 2026-04-16T08:29:51+00:00 → current point 2026-04-17T04:57:49+00:00 (20.5 h silence).,2026-04
BKB-0054,AIS_GAP,HIGH,95,20646392196,2026-04-17T21:26:40+00:00,-10.58439,142.229645,,Other,AIS gap of 16.5 h,"The vessel disappeared from the AIS source feed for longer than the configured threshold. This may indicate intentional disabling, poor coverage, equipment failure, or small-vessel below-threshold operation.","Review track before/after gap; cross-check RF, SAR, patrol and VMS sources. Note whether the gap area coincides with known IUU activity.",Previous point 2026-04-17T04:57:49+00:00 → current point 2026-04-17T21:26:40+00:00 (16.5 h silence).,2026-04
BKB-0055,AIS_GAP,HIGH,95,20646392196,2026-04-18T21:22:11+00:00,-10.58424,142.229698333,,Other,AIS gap of 14.9 h,"The vessel disappeared from the AIS source feed for longer than the configured threshold. This may indicate intentional disabling, poor coverage, equipment failure, or small-vessel below-threshold operation.","Review track before/after gap; cross-check RF, SAR, patrol and VMS sources. Note whether the gap area coincides with known IUU activity.",Previous point 2026-04-18T06:28:08+00:00 → current point 2026-04-18T21:22:11+00:00 (14.9 h silence).,2026-04
BKB-0056,AIS_GAP,HIGH,95,20646392196,2026-04-19T20:22:37+00:00,-10.5844333333,142.229731667,,Other,AIS gap of 12.8 h,"The vessel disappeared from the AIS source feed for longer than the configured threshold. This may indicate intentional disabling, poor coverage, equipment failure, or small-vessel below-threshold operation.","Review track before/after gap; cross-check RF, SAR, patrol and VMS sources. Note whether the gap area coincides with known IUU activity.",Previous point 2026-04-19T07:34:27+00:00 → current point 2026-04-19T20:22:37+00:00 (12.8 h silence).,2026-04
BKB-0057,AIS_GAP,HIGH,95,20646392196,2026-04-20T20:32:52+00:00,-10.5843683333,142.229423333,,Other,AIS gap of 12.4 h,"The vessel disappeared from the AIS source feed for longer than the configured threshold. This may indicate intentional disabling, poor coverage, equipment failure, or small-vessel below-threshold operation.","Review track before/after gap; cross-check RF, SAR, patrol and VMS sources. Note whether the gap area coincides with known IUU activity.",Previous point 2026-04-20T08:09:08+00:00 → current point 2026-04-20T20:32:52+00:00 (12.4 h silence).,2026-04
BKB-0058,AIS_GAP,HIGH,95,20646392196,2026-04-21T20:18:33+00:00,-10.5845533333,142.229195,,Other,AIS gap of 11.7 h,"The vessel disappeared from the AIS source feed for longer than the configured threshold. This may indicate intentional disabling, poor coverage, equipment failure, or small-vessel below-threshold operation.","Review track before/after gap; cross-check RF, SAR, patrol and VMS sources. Note whether the gap area coincides with known IUU activity.",Previous point 2026-04-21T08:36:58+00:00 → current point 2026-04-21T20:18:33+00:00 (11.7 h silence).,2026-04
BKB-0059,AIS_GAP,HIGH,95,20646392196,2026-04-22T23:14:53+00:00,-10.592035,142.244788333,,Other,AIS gap of 15.0 h,"The vessel disappeared from the AIS source feed for longer than the configured threshold. This may indicate intentional disabling, poor coverage, equipment failure, or small-vessel below-threshold operation.","Review track before/after gap; cross-check RF, SAR, patrol and VMS sources. Note whether the gap area coincides with known IUU activity.",Previous point 2026-04-22T08:13:36+00:00 → current point 2026-04-22T23:14:53+00:00 (15.0 h silence).,2026-04
BKB-0060,AIS_GAP,HIGH,95,20646392196,2026-04-23T20:34:57+00:00,-10.5617816667,142.22756,,Other,AIS gap of 12.2 h,"The vessel disappeared from the AIS source feed for longer than the configured threshold. This may indicate intentional disabling, poor coverage, equipment failure, or small-vessel below-threshold operation.","Review track before/after gap; cross-check RF, SAR, patrol and VMS sources. Note whether the gap area coincides with known IUU activity.",Previous point 2026-04-23T08:20:43+00:00 → current point 2026-04-23T20:34:57+00:00 (12.2 h silence).,2026-04
BKB-0061,AIS_GAP,HIGH,95,20646392196,2026-04-24T19:48:33+00:00,-10.5846183333,142.229201667,,Other,AIS gap of 11.9 h,"The vessel disappeared from the AIS source feed for longer than the configured threshold. This may indicate intentional disabling, poor coverage, equipment failure, or small-vessel below-threshold operation.","Review track before/after gap; cross-check RF, SAR, patrol and VMS sources. Note whether the gap area coincides with known IUU activity.",Previous point 2026-04-24T07:54:24+00:00 → current point 2026-04-24T19:48:33+00:00 (11.9 h silence).,2026-04
BKB-0062,AIS_GAP,HIGH,95,20646392196,2026-04-25T21:32:11+00:00,-10.5865916667,142.21926,,Other,AIS gap of 15.5 h,"The vessel disappeared from the AIS source feed for longer than the configured threshold. This may indicate intentional disabling, poor coverage, equipment failure, or small-vessel below-threshold operation.","Review track before/after gap; cross-check RF, SAR, patrol and VMS sources. Note whether the gap area coincides with known IUU activity.",Previous point 2026-04-25T05:59:18+00:00 → current point 2026-04-25T21:32:11+00:00 (15.5 h silence).,2026-04
BKB-0063,AIS_GAP,HIGH,95,20646392196,2026-04-26T20:12:57+00:00,-10.5843433333,142.229398333,,Other,AIS gap of 14.0 h,"The vessel disappeared from the AIS source feed for longer than the configured threshold. This may indicate intentional disabling, poor coverage, equipment failure, or small-vessel below-threshold operation.","Review track before/after gap; cross-check RF, SAR, patrol and VMS sources. Note whether the gap area coincides with known IUU activity.",Previous point 2026-04-26T06:14:02+00:00 → current point 2026-04-26T20:12:57+00:00 (14.0 h silence).,2026-04
BKB-0064,AIS_GAP,HIGH,95,20646392196,2026-04-27T20:11:16+00:00,-10.58439,142.22963,,Other,AIS gap of 12.1 h,"The vessel disappeared from the AIS source feed for longer than the configured threshold. This may indicate intentional disabling, poor coverage, equipment failure, or small-vessel below-threshold operation.","Review track before/after gap; cross-check RF, SAR, patrol and VMS sources. Note whether the gap area coincides with known IUU activity.",Previous point 2026-04-27T08:03:41+00:00 → current point 2026-04-27T20:11:16+00:00 (12.1 h silence).,2026-04
BKB-0065,AIS_GAP,HIGH,95,20646392196,2026-04-28T20:24:17+00:00,-10.58353,142.227566667,,Other,AIS gap of 13.3 h,"The vessel disappeared from the AIS source feed for longer than the configured threshold. This may indicate intentional disabling, poor coverage, equipment failure, or small-vessel below-threshold operation.","Review track before/after gap; cross-check RF, SAR, patrol and VMS sources. Note whether the gap area coincides with known IUU activity.",Previous point 2026-04-28T07:06:58+00:00 → current point 2026-04-28T20:24:17+00:00 (13.3 h silence).,2026-04
BKB-0066,AIS_GAP,HIGH,95,20646392196,2026-04-29T20:37:19+00:00,-10.5843833333,142.229628333,,Other,AIS gap of 12.3 h,"The vessel disappeared from the AIS source feed for longer than the configured threshold. This may indicate intentional disabling, poor coverage, equipment failure, or small-vessel below-threshold operation.","Review track before/after gap; cross-check RF, SAR, patrol and VMS sources. Note whether the gap area coincides with known IUU activity.",Previous point 2026-04-29T08:21:49+00:00 → current point 2026-04-29T20:37:19+00:00 (12.3 h silence).,2026-04
BKB-0067,AIS_GAP,HIGH,95,20646392196,2026-04-30T20:49:53+00:00,-10.567555,142.239441667,,Other,AIS gap of 12.3 h,"The vessel disappeared from the AIS source feed for longer than the configured threshold. This may indicate intentional disabling, poor coverage, equipment failure, or small-vessel below-threshold operation.","Review track before/after gap; cross-check RF, SAR, patrol and VMS sources. Note whether the gap area coincides with known IUU activity.",Previous point 2026-04-30T08:30:53+00:00 → current point 2026-04-30T20:49:53+00:00 (12.3 h silence).,2026-04
BKB-0068,AIS_GAP,MEDIUM,68,20947519886,2026-04-29T19:30:35+00:00,-9.35666166667,141.860753333,,Unknown,AIS gap of 6.9 h,"The vessel disappeared from the AIS source feed for longer than the configured threshold. This may indicate intentional disabling, poor coverage, equipment failure, or small-vessel below-threshold operation.","Review track before/after gap; cross-check RF, SAR, patrol and VMS sources. Note whether the gap area coincides with known IUU activity.",Previous point 2026-04-29T12:38:56+00:00 → current point 2026-04-29T19:30:35+00:00 (6.9 h silence).,2026-04
BKB-0069,AIS_GAP,HIGH,95,2117432955,2026-04-07T11:10:50+00:00,-9.379715,142.613111667,,Tug,AIS gap of 11.9 h,"The vessel disappeared from the AIS source feed for longer than the configured threshold. This may indicate intentional disabling, poor coverage, equipment failure, or small-vessel below-threshold operation.","Review track before/after gap; cross-check RF, SAR, patrol and VMS sources. Note whether the gap area coincides with known IUU activity.",Previous point 2026-04-06T23:18:37+00:00 → current point 2026-04-07T11:10:50+00:00 (11.9 h silence).,2026-04
BKB-0070,AIS_GAP,HIGH,95,2117432955,2026-04-08T06:31:52+00:00,-9.37969,142.61307,,Tug,AIS gap of 19.4 h,"The vessel disappeared from the AIS source feed for longer than the configured threshold. This may indicate intentional disabling, poor coverage, equipment failure, or small-vessel below-threshold operation.","Review track before/after gap; cross-check RF, SAR, patrol and VMS sources. Note whether the gap area coincides with known IUU activity.",Previous point 2026-04-07T11:10:50+00:00 → current point 2026-04-08T06:31:52+00:00 (19.4 h silence).,2026-04
BKB-0071,AIS_GAP,HIGH,95,2117432955,2026-04-08T21:43:13+00:00,-9.50607333333,142.564951667,,Tug,AIS gap of 15.2 h,"The vessel disappeared from the AIS source feed for longer than the configured threshold. This may indicate intentional disabling, poor coverage, equipment failure, or small-vessel below-threshold operation.","Review track before/after gap; cross-check RF, SAR, patrol and VMS sources. Note whether the gap area coincides with known IUU activity.",Previous point 2026-04-08T06:31:52+00:00 → current point 2026-04-08T21:43:13+00:00 (15.2 h silence).,2026-04
BKB-0072,AIS_GAP,HIGH,95,2117432955,2026-04-16T18:34:28+00:00,-11.454205,142.929085,,Tug,AIS gap of 171.9 h,"The vessel disappeared from the AIS source feed for longer than the configured threshold. This may indicate intentional disabling, poor coverage, equipment failure, or small-vessel below-threshold operation.","Review track before/after gap; cross-check RF, SAR, patrol and VMS sources. Note whether the gap area coincides with known IUU activity.",Previous point 2026-04-09T14:39:46+00:00 → current point 2026-04-16T18:34:28+00:00 (171.9 h silence).,2026-04
BKB-0073,AIS_GAP,HIGH,95,2117432955,2026-04-27T18:54:39+00:00,-11.479785,142.938186667,,Tug,AIS gap of 190.9 h,"The vessel disappeared from the AIS source feed for longer than the configured threshold. This may indicate intentional disabling, poor coverage, equipment failure, or small-vessel below-threshold operation.","Review track before/after gap; cross-check RF, SAR, patrol and VMS sources. Note whether the gap area coincides with known IUU activity.",Previous point 2026-04-19T19:59:56+00:00 → current point 2026-04-27T18:54:39+00:00 (190.9 h silence).,2026-04
BKB-0074,AIS_GAP,HIGH,90,2117432955,2026-04-29T06:14:18+00:00,-9.37964,142.613118333,,Tug,AIS gap of 10.5 h,"The vessel disappeared from the AIS source feed for longer than the configured threshold. This may indicate intentional disabling, poor coverage, equipment failure, or small-vessel below-threshold operation.","Review track before/after gap; cross-check RF, SAR, patrol and VMS sources. Note whether the gap area coincides with known IUU activity.",Previous point 2026-04-28T19:44:46+00:00 → current point 2026-04-29T06:14:18+00:00 (10.5 h silence).,2026-04
BKB-0075,AIS_GAP,MEDIUM,60,2117432955,2026-04-29T12:54:26+00:00,-9.38043166667,142.581751667,,Tug,AIS gap of 6.7 h,"The vessel disappeared from the AIS source feed for longer than the configured threshold. This may indicate intentional disabling, poor coverage, equipment failure, or small-vessel below-threshold operation.","Review track before/after gap; cross-check RF, SAR, patrol and VMS sources. Note whether the gap area coincides with known IUU activity.",Previous point 2026-04-29T06:14:18+00:00 → current point 2026-04-29T12:54:26+00:00 (6.7 h silence).,2026-04
BKB-0076,AIS_GAP,MEDIUM,56,2117432955,2026-04-29T19:04:28+00:00,-9.77206,142.843203333,,Tug,AIS gap of 6.2 h,"The vessel disappeared from the AIS source feed for longer than the configured threshold. This may indicate intentional disabling, poor coverage, equipment failure, or small-vessel below-threshold operation.","Review track before/after gap; cross-check RF, SAR, patrol and VMS sources. Note whether the gap area coincides with known IUU activity.",Previous point 2026-04-29T12:54:26+00:00 → current point 2026-04-29T19:04:28+00:00 (6.2 h silence).,2026-04
BKB-0077,AIS_GAP,MEDIUM,55,21798599143,2026-04-17T18:46:47+00:00,-11.1166666667,142.096666667,,Pleasure,AIS gap of 6.1 h,"The vessel disappeared from the AIS source feed for longer than the configured threshold. This may indicate intentional disabling, poor coverage, equipment failure, or small-vessel below-threshold operation.","Review track before/after gap; cross-check RF, SAR, patrol and VMS sources. Note whether the gap area coincides with known IUU activity.",Previous point 2026-04-17T12:43:22+00:00 → current point 2026-04-17T18:46:47+00:00 (6.1 h silence).,2026-04
BKB-0078,AIS_GAP,HIGH,95,21798599143,2026-04-25T06:52:37+00:00,-11.1213866667,141.964278333,,Pleasure,AIS gap of 175.0 h,"The vessel disappeared from the AIS source feed for longer than the configured threshold. This may indicate intentional disabling, poor coverage, equipment failure, or small-vessel below-threshold operation.","Review track before/after gap; cross-check RF, SAR, patrol and VMS sources. Note whether the gap area coincides with known IUU activity.",Previous point 2026-04-17T23:50:08+00:00 → current point 2026-04-25T06:52:37+00:00 (175.0 h silence).,2026-04
BKB-0079,AIS_GAP,HIGH,95,21889300,2026-04-16T06:09:54+00:00,-11.3685516667,142.995718333,,Cargo,AIS gap of 333.1 h,"The vessel disappeared from the AIS source feed for longer than the configured threshold. This may indicate intentional disabling, poor coverage, equipment failure, or small-vessel below-threshold operation.","Review track before/after gap; cross-check RF, SAR, patrol and VMS sources. Note whether the gap area coincides with known IUU activity.",Previous point 2026-04-02T09:04:50+00:00 → current point 2026-04-16T06:09:54+00:00 (333.1 h silence).,2026-04
BKB-0080,AIS_GAP,HIGH,95,21889300,2026-04-20T22:41:32+00:00,-11.434215,141.523571667,,Cargo,AIS gap of 98.1 h,"The vessel disappeared from the AIS source feed for longer than the configured threshold. This may indicate intentional disabling, poor coverage, equipment failure, or small-vessel below-threshold operation.","Review track before/after gap; cross-check RF, SAR, patrol and VMS sources. Note whether the gap area coincides with known IUU activity.",Previous point 2026-04-16T20:34:43+00:00 → current point 2026-04-20T22:41:32+00:00 (98.1 h silence).,2026-04
BKB-0081,AIS_GAP,HIGH,95,21916325895,2026-04-03T08:49:40+00:00,-11.2154733333,143.22493,,Fishing,AIS gap of 15.8 h,"The vessel disappeared from the AIS source feed for longer than the configured threshold. This may indicate intentional disabling, poor coverage, equipment failure, or small-vessel below-threshold operation.","Review track before/after gap; cross-check RF, SAR, patrol and VMS sources. Note whether the gap area coincides with known IUU activity.",Previous point 2026-04-02T17:03:36+00:00 → current point 2026-04-03T08:49:40+00:00 (15.8 h silence).,2026-04
BKB-0082,AIS_GAP,HIGH,95,2217897,2026-04-04T22:09:33+00:00,-9.73265666667,143.394265,,Pilot,AIS gap of 41.2 h,"The vessel disappeared from the AIS source feed for longer than the configured threshold. This may indicate intentional disabling, poor coverage, equipment failure, or small-vessel below-threshold operation.","Review track before/after gap; cross-check RF, SAR, patrol and VMS sources. Note whether the gap area coincides with known IUU activity.",Previous point 2026-04-03T04:54:38+00:00 → current point 2026-04-04T22:09:33+00:00 (41.2 h silence).,2026-04
BKB-0083,AIS_GAP,HIGH,95,2217897,2026-04-06T04:34:11+00:00,-9.74605833333,143.402986667,,Pilot,AIS gap of 29.4 h,"The vessel disappeared from the AIS source feed for longer than the configured threshold. This may indicate intentional disabling, poor coverage, equipment failure, or small-vessel below-threshold operation.","Review track before/after gap; cross-check RF, SAR, patrol and VMS sources. Note whether the gap area coincides with known IUU activity.",Previous point 2026-04-04T23:09:33+00:00 → current point 2026-04-06T04:34:11+00:00 (29.4 h silence).,2026-04
BKB-0084,AIS_GAP,HIGH,95,2217897,2026-04-07T01:58:11+00:00,-9.74612833333,143.402573333,,Pilot,AIS gap of 18.5 h,"The vessel disappeared from the AIS source feed for longer than the configured threshold. This may indicate intentional disabling, poor coverage, equipment failure, or small-vessel below-threshold operation.","Review track before/after gap; cross-check RF, SAR, patrol and VMS sources. Note whether the gap area coincides with known IUU activity.",Previous point 2026-04-06T07:28:16+00:00 → current point 2026-04-07T01:58:11+00:00 (18.5 h silence).,2026-04
BKB-0085,AIS_GAP,HIGH,95,2217897,2026-04-08T02:49:49+00:00,-9.74610833333,143.402798333,,Pilot,AIS gap of 20.7 h,"The vessel disappeared from the AIS source feed for longer than the configured threshold. This may indicate intentional disabling, poor coverage, equipment failure, or small-vessel below-threshold operation.","Review track before/after gap; cross-check RF, SAR, patrol and VMS sources. Note whether the gap area coincides with known IUU activity.",Previous point 2026-04-07T06:04:55+00:00 → current point 2026-04-08T02:49:49+00:00 (20.7 h silence).,2026-04
BKB-0086,AIS_GAP,HIGH,95,2217897,2026-04-09T01:29:50+00:00,-9.74599333333,143.402975,,Pilot,AIS gap of 20.6 h,"The vessel disappeared from the AIS source feed for longer than the configured threshold. This may indicate intentional disabling, poor coverage, equipment failure, or small-vessel below-threshold operation.","Review track before/after gap; cross-check RF, SAR, patrol and VMS sources. Note whether the gap area coincides with known IUU activity.",Previous point 2026-04-08T04:53:50+00:00 → current point 2026-04-09T01:29:50+00:00 (20.6 h silence).,2026-04
BKB-0087,AIS_GAP,HIGH,95,2217897,2026-04-10T00:34:32+00:00,-9.7451,143.403145,,Pilot,AIS gap of 23.1 h,"The vessel disappeared from the AIS source feed for longer than the configured threshold. This may indicate intentional disabling, poor coverage, equipment failure, or small-vessel below-threshold operation.","Review track before/after gap; cross-check RF, SAR, patrol and VMS sources. Note whether the gap area coincides with known IUU activity.",Previous point 2026-04-09T01:29:50+00:00 → current point 2026-04-10T00:34:32+00:00 (23.1 h silence).,2026-04
BKB-0088,AIS_GAP,MEDIUM,58,2217897,2026-04-10T06:59:35+00:00,-9.742725,143.402751667,,Pilot,AIS gap of 6.4 h,"The vessel disappeared from the AIS source feed for longer than the configured threshold. This may indicate intentional disabling, poor coverage, equipment failure, or small-vessel below-threshold operation.","Review track before/after gap; cross-check RF, SAR, patrol and VMS sources. Note whether the gap area coincides with known IUU activity.",Previous point 2026-04-10T00:34:32+00:00 → current point 2026-04-10T06:59:35+00:00 (6.4 h silence).,2026-04
BKB-0089,AIS_GAP,HIGH,95,2217897,2026-04-12T04:24:56+00:00,-9.74428,143.401643333,,Pilot,AIS gap of 44.4 h,"The vessel disappeared from the AIS source feed for longer than the configured threshold. This may indicate intentional disabling, poor coverage, equipment failure, or small-vessel below-threshold operation.","Review track before/after gap; cross-check RF, SAR, patrol and VMS sources. Note whether the gap area coincides with known IUU activity.",Previous point 2026-04-10T07:59:35+00:00 → current point 2026-04-12T04:24:56+00:00 (44.4 h silence).,2026-04
BKB-0090,AIS_GAP,HIGH,95,2217897,2026-04-15T21:34:58+00:00,-9.74632166667,143.402523333,,Pilot,AIS gap of 87.9 h,"The vessel disappeared from the AIS source feed for longer than the configured threshold. This may indicate intentional disabling, poor coverage, equipment failure, or small-vessel below-threshold operation.","Review track before/after gap; cross-check RF, SAR, patrol and VMS sources. Note whether the gap area coincides with known IUU activity.",Previous point 2026-04-12T05:38:54+00:00 → current point 2026-04-15T21:34:58+00:00 (87.9 h silence).,2026-04
BKB-0091,AIS_GAP,HIGH,95,2217897,2026-04-18T04:39:55+00:00,-9.74380666667,143.402036667,,Pilot,AIS gap of 55.1 h,"The vessel disappeared from the AIS source feed for longer than the configured threshold. This may indicate intentional disabling, poor coverage, equipment failure, or small-vessel below-threshold operation.","Review track before/after gap; cross-check RF, SAR, patrol and VMS sources. Note whether the gap area coincides with known IUU activity.",Previous point 2026-04-15T21:34:58+00:00 → current point 2026-04-18T04:39:55+00:00 (55.1 h silence).,2026-04
BKB-0092,AIS_GAP,HIGH,95,2217897,2026-04-26T03:34:46+00:00,-9.74276166667,143.402625,,Pilot,AIS gap of 189.8 h,"The vessel disappeared from the AIS source feed for longer than the configured threshold. This may indicate intentional disabling, poor coverage, equipment failure, or small-vessel below-threshold operation.","Review track before/after gap; cross-check RF, SAR, patrol and VMS sources. Note whether the gap area coincides with known IUU activity.",Previous point 2026-04-18T05:44:55+00:00 → current point 2026-04-26T03:34:46+00:00 (189.8 h silence).,2026-04
BKB-0093,AIS_GAP,HIGH,95,22426092421,2026-04-18T19:49:55+00:00,-11.4817683333,142.980515,,Cargo,AIS gap of 361.5 h,"The vessel disappeared from the AIS source feed for longer than the configured threshold. This may indicate intentional disabling, poor coverage, equipment failure, or small-vessel below-threshold operation.","Review track before/after gap; cross-check RF, SAR, patrol and VMS sources. Note whether the gap area coincides with known IUU activity.",Previous point 2026-04-03T18:19:51+00:00 → current point 2026-04-18T19:49:55+00:00 (361.5 h silence).,2026-04
BKB-0094,AIS_GAP,HIGH,95,22459109467,2026-04-13T22:17:37+00:00,-10.58604,142.221893333,,Other,AIS gap of 17.7 h,"The vessel disappeared from the AIS source feed for longer than the configured threshold. This may indicate intentional disabling, poor coverage, equipment failure, or small-vessel below-threshold operation.","Review track before/after gap; cross-check RF, SAR, patrol and VMS sources. Note whether the gap area coincides with known IUU activity.",Previous point 2026-04-13T04:37:18+00:00 → current point 2026-04-13T22:17:37+00:00 (17.7 h silence).,2026-04
BKB-0095,AIS_GAP,HIGH,95,22459109467,2026-04-17T04:06:00+00:00,-10.58651,142.222395,,Other,AIS gap of 76.8 h,"The vessel disappeared from the AIS source feed for longer than the configured threshold. This may indicate intentional disabling, poor coverage, equipment failure, or small-vessel below-threshold operation.","Review track before/after gap; cross-check RF, SAR, patrol and VMS sources. Note whether the gap area coincides with known IUU activity.",Previous point 2026-04-13T23:19:29+00:00 → current point 2026-04-17T04:06:00+00:00 (76.8 h silence).,2026-04
BKB-0096,AIS_GAP,HIGH,95,22459109467,2026-04-22T05:06:28+00:00,-10.583455,142.227623333,,Other,AIS gap of 119.9 h,"The vessel disappeared from the AIS source feed for longer than the configured threshold. This may indicate intentional disabling, poor coverage, equipment failure, or small-vessel below-threshold operation.","Review track before/after gap; cross-check RF, SAR, patrol and VMS sources. Note whether the gap area coincides with known IUU activity.",Previous point 2026-04-17T05:14:40+00:00 → current point 2026-04-22T05:06:28+00:00 (119.9 h silence).,2026-04
BKB-0097,AIS_GAP,HIGH,95,22459109467,2026-04-28T01:16:27+00:00,-10.5834416667,142.227591667,,Other,AIS gap of 140.2 h,"The vessel disappeared from the AIS source feed for longer than the configured threshold. This may indicate intentional disabling, poor coverage, equipment failure, or small-vessel below-threshold operation.","Review track before/after gap; cross-check RF, SAR, patrol and VMS sources. Note whether the gap area coincides with known IUU activity.",Previous point 2026-04-22T05:06:28+00:00 → current point 2026-04-28T01:16:27+00:00 (140.2 h silence).,2026-04
BKB-0098,AIS_GAP,HIGH,95,22795718026,2026-04-20T05:59:51+00:00,-11.3846983333,142.994178333,,Cargo,AIS gap of 173.1 h,"The vessel disappeared from the AIS source feed for longer than the configured threshold. This may indicate intentional disabling, poor coverage, equipment failure, or small-vessel below-threshold operation.","Review track before/after gap; cross-check RF, SAR, patrol and VMS sources. Note whether the gap area coincides with known IUU activity.",Previous point 2026-04-13T00:54:44+00:00 → current point 2026-04-20T05:59:51+00:00 (173.1 h silence).,2026-04
BKB-0099,AIS_GAP,HIGH,95,23010076982,2026-04-04T07:20:20+00:00,-9.53568,141.770078333,,Unknown,AIS gap of 11.6 h,"The vessel disappeared from the AIS source feed for longer than the configured threshold. This may indicate intentional disabling, poor coverage, equipment failure, or small-vessel below-threshold operation.","Review track before/after gap; cross-check RF, SAR, patrol and VMS sources. Note whether the gap area coincides with known IUU activity.",Previous point 2026-04-03T19:45:08+00:00 → current point 2026-04-04T07:20:20+00:00 (11.6 h silence).,2026-04
BKB-0100,AIS_GAP,HIGH,95,23010076982,2026-04-05T06:07:21+00:00,-9.35617333333,141.828531667,,Unknown,AIS gap of 22.8 h,"The vessel disappeared from the AIS source feed for longer than the configured threshold. This may indicate intentional disabling, poor coverage, equipment failure, or small-vessel below-threshold operation.","Review track before/after gap; cross-check RF, SAR, patrol and VMS sources. Note whether the gap area coincides with known IUU activity.",Previous point 2026-04-04T07:20:20+00:00 → current point 2026-04-05T06:07:21+00:00 (22.8 h silence).,2026-04
BKB-0101,AIS_GAP,HIGH,95,23010076982,2026-04-17T22:18:56+00:00,-9.696095,141.385918333,,Unknown,AIS gap of 304.2 h,"The vessel disappeared from the AIS source feed for longer than the configured threshold. This may indicate intentional disabling, poor coverage, equipment failure, or small-vessel below-threshold operation.","Review track before/after gap; cross-check RF, SAR, patrol and VMS sources. Note whether the gap area coincides with known IUU activity.",Previous point 2026-04-05T06:07:21+00:00 → current point 2026-04-17T22:18:56+00:00 (304.2 h silence).,2026-04
BKB-0102,AIS_GAP,HIGH,95,23920,2026-04-11T07:55:55+00:00,-11.2747633333,142.908765,,Law_enforcement,AIS gap of 143.4 h,"The vessel disappeared from the AIS source feed for longer than the configured threshold. This may indicate intentional disabling, poor coverage, equipment failure, or small-vessel below-threshold operation.","Review track before/after gap; cross-check RF, SAR, patrol and VMS sources. Note whether the gap area coincides with known IUU activity.",Previous point 2026-04-05T08:29:51+00:00 → current point 2026-04-11T07:55:55+00:00 (143.4 h silence).,2026-04
BKB-0103,AIS_GAP,HIGH,95,23920,2026-04-13T03:44:52+00:00,-10.5881616667,141.984783333,,Law_enforcement,AIS gap of 43.8 h,"The vessel disappeared from the AIS source feed for longer than the configured threshold. This may indicate intentional disabling, poor coverage, equipment failure, or small-vessel below-threshold operation.","Review track before/after gap; cross-check RF, SAR, patrol and VMS sources. Note whether the gap area coincides with known IUU activity.",Previous point 2026-04-11T07:55:55+00:00 → current point 2026-04-13T03:44:52+00:00 (43.8 h silence).,2026-04
BKB-0104,AIS_GAP,HIGH,95,24274199870,2026-04-17T10:49:57+00:00,-11.4430583333,142.927825,,Tug,AIS gap of 389.3 h,"The vessel disappeared from the AIS source feed for longer than the configured threshold. This may indicate intentional disabling, poor coverage, equipment failure, or small-vessel below-threshold operation.","Review track before/after gap; cross-check RF, SAR, patrol and VMS sources. Note whether the gap area coincides with known IUU activity.",Previous point 2026-04-01T05:29:48+00:00 → current point 2026-04-17T10:49:57+00:00 (389.3 h silence).,2026-04
BKB-0105,AIS_GAP,HIGH,95,24274199870,2026-04-22T23:04:38+00:00,-11.08882,142.009418333,,Tug,AIS gap of 113.8 h,"The vessel disappeared from the AIS source feed for longer than the configured threshold. This may indicate intentional disabling, poor coverage, equipment failure, or small-vessel below-threshold operation.","Review track before/after gap; cross-check RF, SAR, patrol and VMS sources. Note whether the gap area coincides with known IUU activity.",Previous point 2026-04-18T05:15:30+00:00 → current point 2026-04-22T23:04:38+00:00 (113.8 h silence).,2026-04
BKB-0106,AIS_GAP,HIGH,95,247379285,2026-04-27T03:39:52+00:00,-11.3643666667,142.997493333,,Cargo,AIS gap of 332.2 h,"The vessel disappeared from the AIS source feed for longer than the configured threshold. This may indicate intentional disabling, poor coverage, equipment failure, or small-vessel below-threshold operation.","Review track before/after gap; cross-check RF, SAR, patrol and VMS sources. Note whether the gap area coincides with known IUU activity.",Previous point 2026-04-13T07:26:43+00:00 → current point 2026-04-27T03:39:52+00:00 (332.2 h silence).,2026-04
BKB-0107,AIS_GAP,HIGH,95,25521754794,2026-04-26T07:34:51+00:00,-10.28185,142.350326667,,Fishing,AIS gap of 94.1 h,"The vessel disappeared from the AIS source feed for longer than the configured threshold. This may indicate intentional disabling, poor coverage, equipment failure, or small-vessel below-threshold operation.","Review track before/after gap; cross-check RF, SAR, patrol and VMS sources. Note whether the gap area coincides with known IUU activity.",Previous point 2026-04-22T09:29:31+00:00 → current point 2026-04-26T07:34:51+00:00 (94.1 h silence).,2026-04
BKB-0108,AIS_GAP,HIGH,95,25521754794,2026-04-30T07:40:32+00:00,-9.76894666667,142.982465,,Fishing,AIS gap of 11.9 h,"The vessel disappeared from the AIS source feed for longer than the configured threshold. This may indicate intentional disabling, poor coverage, equipment failure, or small-vessel below-threshold operation.","Review track before/after gap; cross-check RF, SAR, patrol and VMS sources. Note whether the gap area coincides with known IUU activity.",Previous point 2026-04-29T19:45:15+00:00 → current point 2026-04-30T07:40:32+00:00 (11.9 h silence).,2026-04
BKB-0109,AIS_GAP,MEDIUM,59,26043550742,2026-04-29T17:42:40+00:00,-10.7284516667,142.371391667,,Military,AIS gap of 6.6 h,"The vessel disappeared from the AIS source feed for longer than the configured threshold. This may indicate intentional disabling, poor coverage, equipment failure, or small-vessel below-threshold operation.","Review track before/after gap; cross-check RF, SAR, patrol and VMS sources. Note whether the gap area coincides with known IUU activity.",Previous point 2026-04-29T11:08:31+00:00 → current point 2026-04-29T17:42:40+00:00 (6.6 h silence).,2026-04
BKB-0110,AIS_GAP,HIGH,95,26731472736,2026-04-06T19:14:53+00:00,-9.74959333333,143.402555,,Pilot,AIS gap of 133.7 h,"The vessel disappeared from the AIS source feed for longer than the configured threshold. This may indicate intentional disabling, poor coverage, equipment failure, or small-vessel below-threshold operation.","Review track before/after gap; cross-check RF, SAR, patrol and VMS sources. Note whether the gap area coincides with known IUU activity.",Previous point 2026-04-01T05:34:56+00:00 → current point 2026-04-06T19:14:53+00:00 (133.7 h silence).,2026-04
BKB-0111,AIS_GAP,HIGH,95,26731472736,2026-04-07T16:14:49+00:00,-9.74878833333,143.401573333,,Pilot,AIS gap of 19.9 h,"The vessel disappeared from the AIS source feed for longer than the configured threshold. This may indicate intentional disabling, poor coverage, equipment failure, or small-vessel below-threshold operation.","Review track before/after gap; cross-check RF, SAR, patrol and VMS sources. Note whether the gap area coincides with known IUU activity.",Previous point 2026-04-06T20:19:52+00:00 → current point 2026-04-07T16:14:49+00:00 (19.9 h silence).,2026-04
BKB-0112,AIS_GAP,HIGH,95,26731472736,2026-04-08T11:44:51+00:00,-9.74912166667,143.401838333,,Pilot,AIS gap of 19.5 h,"The vessel disappeared from the AIS source feed for longer than the configured threshold. This may indicate intentional disabling, poor coverage, equipment failure, or small-vessel below-threshold operation.","Review track before/after gap; cross-check RF, SAR, patrol and VMS sources. Note whether the gap area coincides with known IUU activity.",Previous point 2026-04-07T16:14:49+00:00 → current point 2026-04-08T11:44:51+00:00 (19.5 h silence).,2026-04
BKB-0113,AIS_GAP,HIGH,95,26731472736,2026-04-09T17:44:47+00:00,-9.74881666667,143.401596667,,Pilot,AIS gap of 28.9 h,"The vessel disappeared from the AIS source feed for longer than the configured threshold. This may indicate intentional disabling, poor coverage, equipment failure, or small-vessel below-threshold operation.","Review track before/after gap; cross-check RF, SAR, patrol and VMS sources. Note whether the gap area coincides with known IUU activity.",Previous point 2026-04-08T12:49:48+00:00 → current point 2026-04-09T17:44:47+00:00 (28.9 h silence).,2026-04
BKB-0114,AIS_GAP,HIGH,95,26731472736,2026-04-11T16:44:16+00:00,-9.74957,143.40255,,Pilot,AIS gap of 46.0 h,"The vessel disappeared from the AIS source feed for longer than the configured threshold. This may indicate intentional disabling, poor coverage, equipment failure, or small-vessel below-threshold operation.","Review track before/after gap; cross-check RF, SAR, patrol and VMS sources. Note whether the gap area coincides with known IUU activity.",Previous point 2026-04-09T18:44:53+00:00 → current point 2026-04-11T16:44:16+00:00 (46.0 h silence).,2026-04
BKB-0115,AIS_GAP,HIGH,95,26731472736,2026-04-12T09:04:55+00:00,-9.74797666667,143.400956667,,Pilot,AIS gap of 12.5 h,"The vessel disappeared from the AIS source feed for longer than the configured threshold. This may indicate intentional disabling, poor coverage, equipment failure, or small-vessel below-threshold operation.","Review track before/after gap; cross-check RF, SAR, patrol and VMS sources. Note whether the gap area coincides with known IUU activity.",Previous point 2026-04-11T20:34:57+00:00 → current point 2026-04-12T09:04:55+00:00 (12.5 h silence).,2026-04
BKB-0116,AIS_GAP,MEDIUM,79,26731472736,2026-04-12T18:09:44+00:00,-9.74891666667,143.401721667,,Pilot,AIS gap of 9.1 h,"The vessel disappeared from the AIS source feed for longer than the configured threshold. This may indicate intentional disabling, poor coverage, equipment failure, or small-vessel below-threshold operation.","Review track before/after gap; cross-check RF, SAR, patrol and VMS sources. Note whether the gap area coincides with known IUU activity.",Previous point 2026-04-12T09:04:55+00:00 → current point 2026-04-12T18:09:44+00:00 (9.1 h silence).,2026-04
BKB-0117,AIS_GAP,HIGH,90,26731472736,2026-04-13T05:34:54+00:00,-9.74967333333,143.402551667,,Pilot,AIS gap of 10.4 h,"The vessel disappeared from the AIS source feed for longer than the configured threshold. This may indicate intentional disabling, poor coverage, equipment failure, or small-vessel below-threshold operation.","Review track before/after gap; cross-check RF, SAR, patrol and VMS sources. Note whether the gap area coincides with known IUU activity.",Previous point 2026-04-12T19:09:57+00:00 → current point 2026-04-13T05:34:54+00:00 (10.4 h silence).,2026-04
BKB-0118,AIS_GAP,HIGH,95,26731472736,2026-04-13T21:39:49+00:00,-9.749045,143.401826667,,Pilot,AIS gap of 15.0 h,"The vessel disappeared from the AIS source feed for longer than the configured threshold. This may indicate intentional disabling, poor coverage, equipment failure, or small-vessel below-threshold operation.","Review track before/after gap; cross-check RF, SAR, patrol and VMS sources. Note whether the gap area coincides with known IUU activity.",Previous point 2026-04-13T06:39:58+00:00 → current point 2026-04-13T21:39:49+00:00 (15.0 h silence).,2026-04
BKB-0119,AIS_GAP,HIGH,95,26731472736,2026-04-16T03:19:55+00:00,-9.74858666667,143.40153,,Pilot,AIS gap of 52.4 h,"The vessel disappeared from the AIS source feed for longer than the configured threshold. This may indicate intentional disabling, poor coverage, equipment failure, or small-vessel below-threshold operation.","Review track before/after gap; cross-check RF, SAR, patrol and VMS sources. Note whether the gap area coincides with known IUU activity.",Previous point 2026-04-13T22:54:47+00:00 → current point 2026-04-16T03:19:55+00:00 (52.4 h silence).,2026-04
BKB-0120,AIS_GAP,HIGH,95,26731472736,2026-04-17T13:44:57+00:00,-9.73070833333,143.402563333,,Pilot,AIS gap of 34.4 h,"The vessel disappeared from the AIS source feed for longer than the configured threshold. This may indicate intentional disabling, poor coverage, equipment failure, or small-vessel below-threshold operation.","Review track before/after gap; cross-check RF, SAR, patrol and VMS sources. Note whether the gap area coincides with known IUU activity.",Previous point 2026-04-16T03:19:55+00:00 → current point 2026-04-17T13:44:57+00:00 (34.4 h silence).,2026-04
BKB-0121,AIS_GAP,HIGH,95,26731472736,2026-04-18T16:04:57+00:00,-9.74961,143.402583333,,Pilot,AIS gap of 25.3 h,"The vessel disappeared from the AIS source feed for longer than the configured threshold. This may indicate intentional disabling, poor coverage, equipment failure, or small-vessel below-threshold operation.","Review track before/after gap; cross-check RF, SAR, patrol and VMS sources. Note whether the gap area coincides with known IUU activity.",Previous point 2026-04-17T14:49:55+00:00 → current point 2026-04-18T16:04:57+00:00 (25.3 h silence).,2026-04
BKB-0122,AIS_GAP,HIGH,95,26731472736,2026-04-19T23:39:58+00:00,-9.748865,143.40165,,Pilot,AIS gap of 27.6 h,"The vessel disappeared from the AIS source feed for longer than the configured threshold. This may indicate intentional disabling, poor coverage, equipment failure, or small-vessel below-threshold operation.","Review track before/after gap; cross-check RF, SAR, patrol and VMS sources. Note whether the gap area coincides with known IUU activity.",Previous point 2026-04-18T20:04:46+00:00 → current point 2026-04-19T23:39:58+00:00 (27.6 h silence).,2026-04
BKB-0123,AIS_GAP,HIGH,95,26731472736,2026-04-20T19:39:47+00:00,-9.74875666667,143.401608333,,Pilot,AIS gap of 18.9 h,"The vessel disappeared from the AIS source feed for longer than the configured threshold. This may indicate intentional disabling, poor coverage, equipment failure, or small-vessel below-threshold operation.","Review track before/after gap; cross-check RF, SAR, patrol and VMS sources. Note whether the gap area coincides with known IUU activity.",Previous point 2026-04-20T00:44:44+00:00 → current point 2026-04-20T19:39:47+00:00 (18.9 h silence).,2026-04
BKB-0124,AIS_GAP,HIGH,95,26731472736,2026-04-21T19:09:50+00:00,-9.73722333333,143.4016,,Pilot,AIS gap of 23.5 h,"The vessel disappeared from the AIS source feed for longer than the configured threshold. This may indicate intentional disabling, poor coverage, equipment failure, or small-vessel below-threshold operation.","Review track before/after gap; cross-check RF, SAR, patrol and VMS sources. Note whether the gap area coincides with known IUU activity.",Previous point 2026-04-20T19:39:47+00:00 → current point 2026-04-21T19:09:50+00:00 (23.5 h silence).,2026-04
BKB-0125,AIS_GAP,HIGH,95,26731472736,2026-04-23T03:49:50+00:00,-9.74961,143.40262,,Pilot,AIS gap of 31.6 h,"The vessel disappeared from the AIS source feed for longer than the configured threshold. This may indicate intentional disabling, poor coverage, equipment failure, or small-vessel below-threshold operation.","Review track before/after gap; cross-check RF, SAR, patrol and VMS sources. Note whether the gap area coincides with known IUU activity.",Previous point 2026-04-21T20:14:47+00:00 → current point 2026-04-23T03:49:50+00:00 (31.6 h silence).,2026-04
BKB-0126,AIS_GAP,HIGH,95,26731472736,2026-04-23T23:19:58+00:00,-9.67016666667,143.40653,,Pilot,AIS gap of 18.5 h,"The vessel disappeared from the AIS source feed for longer than the configured threshold. This may indicate intentional disabling, poor coverage, equipment failure, or small-vessel below-threshold operation.","Review track before/after gap; cross-check RF, SAR, patrol and VMS sources. Note whether the gap area coincides with known IUU activity.",Previous point 2026-04-23T04:49:56+00:00 → current point 2026-04-23T23:19:58+00:00 (18.5 h silence).,2026-04
BKB-0127,AIS_GAP,HIGH,95,26731472736,2026-04-25T06:09:54+00:00,-9.73209333333,143.388775,,Pilot,AIS gap of 29.8 h,"The vessel disappeared from the AIS source feed for longer than the configured threshold. This may indicate intentional disabling, poor coverage, equipment failure, or small-vessel below-threshold operation.","Review track before/after gap; cross-check RF, SAR, patrol and VMS sources. Note whether the gap area coincides with known IUU activity.",Previous point 2026-04-24T00:24:44+00:00 → current point 2026-04-25T06:09:54+00:00 (29.8 h silence).,2026-04
BKB-0128,AIS_GAP,HIGH,95,26731472736,2026-04-26T15:39:31+00:00,-9.743245,143.400846667,,Pilot,AIS gap of 33.5 h,"The vessel disappeared from the AIS source feed for longer than the configured threshold. This may indicate intentional disabling, poor coverage, equipment failure, or small-vessel below-threshold operation.","Review track before/after gap; cross-check RF, SAR, patrol and VMS sources. Note whether the gap area coincides with known IUU activity.",Previous point 2026-04-25T06:09:54+00:00 → current point 2026-04-26T15:39:31+00:00 (33.5 h silence).,2026-04
BKB-0129,AIS_GAP,HIGH,95,26731472736,2026-04-27T14:34:57+00:00,-9.67784666667,143.39559,,Pilot,AIS gap of 21.8 h,"The vessel disappeared from the AIS source feed for longer than the configured threshold. This may indicate intentional disabling, poor coverage, equipment failure, or small-vessel below-threshold operation.","Review track before/after gap; cross-check RF, SAR, patrol and VMS sources. Note whether the gap area coincides with known IUU activity.",Previous point 2026-04-26T16:45:02+00:00 → current point 2026-04-27T14:34:57+00:00 (21.8 h silence).,2026-04
BKB-0130,AIS_GAP,HIGH,95,26731472736,2026-04-28T19:58:31+00:00,-9.74954333333,143.402568333,,Pilot,AIS gap of 24.8 h,"The vessel disappeared from the AIS source feed for longer than the configured threshold. This may indicate intentional disabling, poor coverage, equipment failure, or small-vessel below-threshold operation.","Review track before/after gap; cross-check RF, SAR, patrol and VMS sources. Note whether the gap area coincides with known IUU activity.",Previous point 2026-04-27T19:09:48+00:00 → current point 2026-04-28T19:58:31+00:00 (24.8 h silence).,2026-04
BKB-0131,AIS_GAP,HIGH,95,26731472736,2026-04-30T20:44:51+00:00,-9.573945,143.415496667,,Pilot,AIS gap of 48.8 h,"The vessel disappeared from the AIS source feed for longer than the configured threshold. This may indicate intentional disabling, poor coverage, equipment failure, or small-vessel below-threshold operation.","Review track before/after gap; cross-check RF, SAR, patrol and VMS sources. Note whether the gap area coincides with known IUU activity.",Previous point 2026-04-28T19:58:31+00:00 → current point 2026-04-30T20:44:51+00:00 (48.8 h silence).,2026-04
BKB-0132,AIS_GAP,HIGH,95,27391050941,2026-04-12T23:54:51+00:00,-10.4817366667,142.406896667,,Military,AIS gap of 32.1 h,"The vessel disappeared from the AIS source feed for longer than the configured threshold. This may indicate intentional disabling, poor coverage, equipment failure, or small-vessel below-threshold operation.","Review track before/after gap; cross-check RF, SAR, patrol and VMS sources. Note whether the gap area coincides with known IUU activity.",Previous point 2026-04-11T15:48:31+00:00 → current point 2026-04-12T23:54:51+00:00 (32.1 h silence).,2026-04
BKB-0133,AIS_GAP,HIGH,95,27391050941,2026-04-19T21:39:13+00:00,-10.5956516667,142.21545,,Military,AIS gap of 160.4 h,"The vessel disappeared from the AIS source feed for longer than the configured threshold. This may indicate intentional disabling, poor coverage, equipment failure, or small-vessel below-threshold operation.","Review track before/after gap; cross-check RF, SAR, patrol and VMS sources. Note whether the gap area coincides with known IUU activity.",Previous point 2026-04-13T05:12:58+00:00 → current point 2026-04-19T21:39:13+00:00 (160.4 h silence).,2026-04
BKB-0134,AIS_GAP,HIGH,95,27391050941,2026-04-22T08:14:48+00:00,-10.9890733333,142.844648333,,Military,AIS gap of 55.2 h,"The vessel disappeared from the AIS source feed for longer than the configured threshold. This may indicate intentional disabling, poor coverage, equipment failure, or small-vessel below-threshold operation.","Review track before/after gap; cross-check RF, SAR, patrol and VMS sources. Note whether the gap area coincides with known IUU activity.",Previous point 2026-04-20T01:04:09+00:00 → current point 2026-04-22T08:14:48+00:00 (55.2 h silence).,2026-04
BKB-0135,AIS_GAP,HIGH,95,27442111294,2026-04-01T21:27:13+00:00,-10.5852766667,142.22616,,Passenger,AIS gap of 14.6 h,"The vessel disappeared from the AIS source feed for longer than the configured threshold. This may indicate intentional disabling, poor coverage, equipment failure, or small-vessel below-threshold operation.","Review track before/after gap; cross-check RF, SAR, patrol and VMS sources. Note whether the gap area coincides with known IUU activity.",Previous point 2026-04-01T06:54:01+00:00 → current point 2026-04-01T21:27:13+00:00 (14.6 h silence).,2026-04
BKB-0136,AIS_GAP,HIGH,95,27442111294,2026-04-02T22:19:12+00:00,-10.5868066667,142.224008333,,Passenger,AIS gap of 15.0 h,"The vessel disappeared from the AIS source feed for longer than the configured threshold. This may indicate intentional disabling, poor coverage, equipment failure, or small-vessel below-threshold operation.","Review track before/after gap; cross-check RF, SAR, patrol and VMS sources. Note whether the gap area coincides with known IUU activity.",Previous point 2026-04-02T07:17:50+00:00 → current point 2026-04-02T22:19:12+00:00 (15.0 h silence).,2026-04
BKB-0137,AIS_GAP,HIGH,95,27442111294,2026-04-03T22:08:35+00:00,-10.5868866667,142.223731667,,Passenger,AIS gap of 16.2 h,"The vessel disappeared from the AIS source feed for longer than the configured threshold. This may indicate intentional disabling, poor coverage, equipment failure, or small-vessel below-threshold operation.","Review track before/after gap; cross-check RF, SAR, patrol and VMS sources. Note whether the gap area coincides with known IUU activity.",Previous point 2026-04-03T05:54:12+00:00 → current point 2026-04-03T22:08:35+00:00 (16.2 h silence).,2026-04
BKB-0138,AIS_GAP,HIGH,95,27442111294,2026-04-05T03:04:04+00:00,-10.58686,142.224896667,,Passenger,AIS gap of 21.4 h,"The vessel disappeared from the AIS source feed for longer than the configured threshold. This may indicate intentional disabling, poor coverage, equipment failure, or small-vessel below-threshold operation.","Review track before/after gap; cross-check RF, SAR, patrol and VMS sources. Note whether the gap area coincides with known IUU activity.",Previous point 2026-04-04T05:41:56+00:00 → current point 2026-04-05T03:04:04+00:00 (21.4 h silence).,2026-04
BKB-0139,AIS_GAP,HIGH,95,27442111294,2026-04-05T22:13:48+00:00,-10.58659,142.219376667,,Passenger,AIS gap of 15.6 h,"The vessel disappeared from the AIS source feed for longer than the configured threshold. This may indicate intentional disabling, poor coverage, equipment failure, or small-vessel below-threshold operation.","Review track before/after gap; cross-check RF, SAR, patrol and VMS sources. Note whether the gap area coincides with known IUU activity.",Previous point 2026-04-05T06:37:34+00:00 → current point 2026-04-05T22:13:48+00:00 (15.6 h silence).,2026-04
BKB-0140,AIS_GAP,HIGH,95,27442111294,2026-04-06T21:24:04+00:00,-10.5854316667,142.22674,,Passenger,AIS gap of 14.4 h,"The vessel disappeared from the AIS source feed for longer than the configured threshold. This may indicate intentional disabling, poor coverage, equipment failure, or small-vessel below-threshold operation.","Review track before/after gap; cross-check RF, SAR, patrol and VMS sources. Note whether the gap area coincides with known IUU activity.",Previous point 2026-04-06T06:59:31+00:00 → current point 2026-04-06T21:24:04+00:00 (14.4 h silence).,2026-04
BKB-0141,AIS_GAP,HIGH,95,27442111294,2026-04-07T21:31:25+00:00,-10.5857733333,142.225848333,,Passenger,AIS gap of 14.1 h,"The vessel disappeared from the AIS source feed for longer than the configured threshold. This may indicate intentional disabling, poor coverage, equipment failure, or small-vessel below-threshold operation.","Review track before/after gap; cross-check RF, SAR, patrol and VMS sources. Note whether the gap area coincides with known IUU activity.",Previous point 2026-04-07T07:27:21+00:00 → current point 2026-04-07T21:31:25+00:00 (14.1 h silence).,2026-04
BKB-0142,AIS_GAP,HIGH,95,27442111294,2026-04-08T21:24:54+00:00,-10.58734,142.22145,,Passenger,AIS gap of 14.2 h,"The vessel disappeared from the AIS source feed for longer than the configured threshold. This may indicate intentional disabling, poor coverage, equipment failure, or small-vessel below-threshold operation.","Review track before/after gap; cross-check RF, SAR, patrol and VMS sources. Note whether the gap area coincides with known IUU activity.",Previous point 2026-04-08T07:14:23+00:00 → current point 2026-04-08T21:24:54+00:00 (14.2 h silence).,2026-04
BKB-0143,AIS_GAP,HIGH,95,27442111294,2026-04-09T21:15:55+00:00,-10.5867616667,142.224101667,,Passenger,AIS gap of 13.6 h,"The vessel disappeared from the AIS source feed for longer than the configured threshold. This may indicate intentional disabling, poor coverage, equipment failure, or small-vessel below-threshold operation.","Review track before/after gap; cross-check RF, SAR, patrol and VMS sources. Note whether the gap area coincides with known IUU activity.",Previous point 2026-04-09T07:42:09+00:00 → current point 2026-04-09T21:15:55+00:00 (13.6 h silence).,2026-04
BKB-0144,AIS_GAP,HIGH,95,27442111294,2026-04-10T21:13:22+00:00,-10.5853233333,142.226053333,,Passenger,AIS gap of 13.8 h,"The vessel disappeared from the AIS source feed for longer than the configured threshold. This may indicate intentional disabling, poor coverage, equipment failure, or small-vessel below-threshold operation.","Review track before/after gap; cross-check RF, SAR, patrol and VMS sources. Note whether the gap area coincides with known IUU activity.",Previous point 2026-04-10T07:24:56+00:00 → current point 2026-04-10T21:13:22+00:00 (13.8 h silence).,2026-04
BKB-0145,AIS_GAP,HIGH,95,27442111294,2026-04-11T22:19:31+00:00,-10.587165,142.221255,,Passenger,AIS gap of 16.5 h,"The vessel disappeared from the AIS source feed for longer than the configured threshold. This may indicate intentional disabling, poor coverage, equipment failure, or small-vessel below-threshold operation.","Review track before/after gap; cross-check RF, SAR, patrol and VMS sources. Note whether the gap area coincides with known IUU activity.",Previous point 2026-04-11T05:48:21+00:00 → current point 2026-04-11T22:19:31+00:00 (16.5 h silence).,2026-04
BKB-0146,AIS_GAP,HIGH,95,27442111294,2026-04-16T01:02:43+00:00,-10.5867733333,142.224966667,,Passenger,AIS gap of 74.4 h,"The vessel disappeared from the AIS source feed for longer than the configured threshold. This may indicate intentional disabling, poor coverage, equipment failure, or small-vessel below-threshold operation.","Review track before/after gap; cross-check RF, SAR, patrol and VMS sources. Note whether the gap area coincides with known IUU activity.",Previous point 2026-04-12T22:37:22+00:00 → current point 2026-04-16T01:02:43+00:00 (74.4 h silence).,2026-04
BKB-0147,AIS_GAP,HIGH,95,27442111294,2026-04-16T21:16:21+00:00,-10.5853433333,142.226006667,,Passenger,AIS gap of 14.5 h,"The vessel disappeared from the AIS source feed for longer than the configured threshold. This may indicate intentional disabling, poor coverage, equipment failure, or small-vessel below-threshold operation.","Review track before/after gap; cross-check RF, SAR, patrol and VMS sources. Note whether the gap area coincides with known IUU activity.",Previous point 2026-04-16T06:48:40+00:00 → current point 2026-04-16T21:16:21+00:00 (14.5 h silence).,2026-04
BKB-0148,AIS_GAP,HIGH,95,27442111294,2026-04-17T21:21:11+00:00,-10.585625,142.226146667,,Passenger,AIS gap of 13.5 h,"The vessel disappeared from the AIS source feed for longer than the configured threshold. This may indicate intentional disabling, poor coverage, equipment failure, or small-vessel below-threshold operation.","Review track before/after gap; cross-check RF, SAR, patrol and VMS sources. Note whether the gap area coincides with known IUU activity.",Previous point 2026-04-17T07:50:35+00:00 → current point 2026-04-17T21:21:11+00:00 (13.5 h silence).,2026-04
BKB-0149,AIS_GAP,HIGH,95,27442111294,2026-04-18T21:50:47+00:00,-10.58699,142.222988333,,Passenger,AIS gap of 15.6 h,"The vessel disappeared from the AIS source feed for longer than the configured threshold. This may indicate intentional disabling, poor coverage, equipment failure, or small-vessel below-threshold operation.","Review track before/after gap; cross-check RF, SAR, patrol and VMS sources. Note whether the gap area coincides with known IUU activity.",Previous point 2026-04-18T06:16:26+00:00 → current point 2026-04-18T21:50:47+00:00 (15.6 h silence).,2026-04
BKB-0150,AIS_GAP,HIGH,95,27442111294,2026-04-19T21:14:09+00:00,-10.5870316667,142.223545,,Passenger,AIS gap of 13.5 h,"The vessel disappeared from the AIS source feed for longer than the configured threshold. This may indicate intentional disabling, poor coverage, equipment failure, or small-vessel below-threshold operation.","Review track before/after gap; cross-check RF, SAR, patrol and VMS sources. Note whether the gap area coincides with known IUU activity.",Previous point 2026-04-19T07:46:48+00:00 → current point 2026-04-19T21:14:09+00:00 (13.5 h silence).,2026-04
BKB-0151,AIS_GAP,HIGH,95,27442111294,2026-04-20T21:34:46+00:00,-10.5862683333,142.226016667,,Passenger,AIS gap of 14.3 h,"The vessel disappeared from the AIS source feed for longer than the configured threshold. This may indicate intentional disabling, poor coverage, equipment failure, or small-vessel below-threshold operation.","Review track before/after gap; cross-check RF, SAR, patrol and VMS sources. Note whether the gap area coincides with known IUU activity.",Previous point 2026-04-20T07:16:18+00:00 → current point 2026-04-20T21:34:46+00:00 (14.3 h silence).,2026-04
BKB-0152,AIS_GAP,HIGH,95,27442111294,2026-04-21T21:31:30+00:00,-10.5851416667,142.226163333,,Passenger,AIS gap of 14.5 h,"The vessel disappeared from the AIS source feed for longer than the configured threshold. This may indicate intentional disabling, poor coverage, equipment failure, or small-vessel below-threshold operation.","Review track before/after gap; cross-check RF, SAR, patrol and VMS sources. Note whether the gap area coincides with known IUU activity.",Previous point 2026-04-21T07:01:04+00:00 → current point 2026-04-21T21:31:30+00:00 (14.5 h silence).,2026-04
BKB-0153,AIS_GAP,HIGH,95,27442111294,2026-04-22T23:07:49+00:00,-10.5906316667,142.23792,,Passenger,AIS gap of 15.5 h,"The vessel disappeared from the AIS source feed for longer than the configured threshold. This may indicate intentional disabling, poor coverage, equipment failure, or small-vessel below-threshold operation.","Review track before/after gap; cross-check RF, SAR, patrol and VMS sources. Note whether the gap area coincides with known IUU activity.",Previous point 2026-04-22T07:35:45+00:00 → current point 2026-04-22T23:07:49+00:00 (15.5 h silence).,2026-04
BKB-0154,AIS_GAP,HIGH,95,27442111294,2026-04-23T21:18:48+00:00,-10.5854866667,142.225986667,,Passenger,AIS gap of 13.8 h,"The vessel disappeared from the AIS source feed for longer than the configured threshold. This may indicate intentional disabling, poor coverage, equipment failure, or small-vessel below-threshold operation.","Review track before/after gap; cross-check RF, SAR, patrol and VMS sources. Note whether the gap area coincides with known IUU activity.",Previous point 2026-04-23T07:32:05+00:00 → current point 2026-04-23T21:18:48+00:00 (13.8 h silence).,2026-04
BKB-0155,AIS_GAP,HIGH,95,27442111294,2026-04-26T21:40:52+00:00,-10.5865783333,142.21937,,Passenger,AIS gap of 15.5 h,"The vessel disappeared from the AIS source feed for longer than the configured threshold. This may indicate intentional disabling, poor coverage, equipment failure, or small-vessel below-threshold operation.","Review track before/after gap; cross-check RF, SAR, patrol and VMS sources. Note whether the gap area coincides with known IUU activity.",Previous point 2026-04-26T06:13:49+00:00 → current point 2026-04-26T21:40:52+00:00 (15.5 h silence).,2026-04
BKB-0156,AIS_GAP,HIGH,95,27442111294,2026-04-27T21:26:44+00:00,-10.586585,142.21927,,Passenger,AIS gap of 14.2 h,"The vessel disappeared from the AIS source feed for longer than the configured threshold. This may indicate intentional disabling, poor coverage, equipment failure, or small-vessel below-threshold operation.","Review track before/after gap; cross-check RF, SAR, patrol and VMS sources. Note whether the gap area coincides with known IUU activity.",Previous point 2026-04-27T07:13:05+00:00 → current point 2026-04-27T21:26:44+00:00 (14.2 h silence).,2026-04
BKB-0157,AIS_GAP,HIGH,95,27442111294,2026-04-28T21:19:36+00:00,-10.5864233333,142.222966667,,Passenger,AIS gap of 13.8 h,"The vessel disappeared from the AIS source feed for longer than the configured threshold. This may indicate intentional disabling, poor coverage, equipment failure, or small-vessel below-threshold operation.","Review track before/after gap; cross-check RF, SAR, patrol and VMS sources. Note whether the gap area coincides with known IUU activity.",Previous point 2026-04-28T07:29:56+00:00 → current point 2026-04-28T21:19:36+00:00 (13.8 h silence).,2026-04
BKB-0158,AIS_GAP,HIGH,91,27442111294,2026-04-29T21:18:51+00:00,-10.5860083333,142.225578333,,Passenger,AIS gap of 10.6 h,"The vessel disappeared from the AIS source feed for longer than the configured threshold. This may indicate intentional disabling, poor coverage, equipment failure, or small-vessel below-threshold operation.","Review track before/after gap; cross-check RF, SAR, patrol and VMS sources. Note whether the gap area coincides with known IUU activity.",Previous point 2026-04-29T10:42:29+00:00 → current point 2026-04-29T21:18:51+00:00 (10.6 h silence).,2026-04
BKB-0159,AIS_GAP,HIGH,91,27442111294,2026-04-30T21:15:02+00:00,-10.58627,142.224301667,,Passenger,AIS gap of 10.5 h,"The vessel disappeared from the AIS source feed for longer than the configured threshold. This may indicate intentional disabling, poor coverage, equipment failure, or small-vessel below-threshold operation.","Review track before/after gap; cross-check RF, SAR, patrol and VMS sources. Note whether the gap area coincides with known IUU activity.",Previous point 2026-04-30T10:42:56+00:00 → current point 2026-04-30T21:15:02+00:00 (10.5 h silence).,2026-04
BKB-0160,AIS_GAP,HIGH,95,27459411060,2026-04-03T17:16:44+00:00,-10.8018883333,141.861898333,,Other,AIS gap of 10.7 h,"The vessel disappeared from the AIS source feed for longer than the configured threshold. This may indicate intentional disabling, poor coverage, equipment failure, or small-vessel below-threshold operation.","Review track before/after gap; cross-check RF, SAR, patrol and VMS sources. Note whether the gap area coincides with known IUU activity.",Previous point 2026-04-03T06:34:43+00:00 → current point 2026-04-03T17:16:44+00:00 (10.7 h silence).,2026-04
BKB-0161,AIS_GAP,HIGH,95,28051189,2026-04-12T06:39:57+00:00,-9.74712166667,142.473343333,,Cargo,AIS gap of 22.0 h,"The vessel disappeared from the AIS source feed for longer than the configured threshold. This may indicate intentional disabling, poor coverage, equipment failure, or small-vessel below-threshold operation.","Review track before/after gap; cross-check RF, SAR, patrol and VMS sources. Note whether the gap area coincides with known IUU activity.",Previous point 2026-04-11T08:40:27+00:00 → current point 2026-04-12T06:39:57+00:00 (22.0 h silence).,2026-04
BKB-0162,AIS_GAP,HIGH,95,28051189,2026-04-17T01:25:26+00:00,-9.83528166667,143.76891,,Cargo,AIS gap of 13.8 h,"The vessel disappeared from the AIS source feed for longer than the configured threshold. This may indicate intentional disabling, poor coverage, equipment failure, or small-vessel below-threshold operation.","Review track before/after gap; cross-check RF, SAR, patrol and VMS sources. Note whether the gap area coincides with known IUU activity.",Previous point 2026-04-16T11:37:15+00:00 → current point 2026-04-17T01:25:26+00:00 (13.8 h silence).,2026-04
BKB-0163,AIS_GAP,HIGH,95,28051189,2026-04-19T05:09:02+00:00,-9.66568666667,142.641103333,,Cargo,AIS gap of 18.7 h,"The vessel disappeared from the AIS source feed for longer than the configured threshold. This may indicate intentional disabling, poor coverage, equipment failure, or small-vessel below-threshold operation.","Review track before/after gap; cross-check RF, SAR, patrol and VMS sources. Note whether the gap area coincides with known IUU activity.",Previous point 2026-04-18T10:29:59+00:00 → current point 2026-04-19T05:09:02+00:00 (18.7 h silence).,2026-04
BKB-0164,AIS_GAP,HIGH,95,28051189,2026-04-22T23:11:21+00:00,-10.5867316667,142.221575,,Cargo,AIS gap of 12.5 h,"The vessel disappeared from the AIS source feed for longer than the configured threshold. This may indicate intentional disabling, poor coverage, equipment failure, or small-vessel below-threshold operation.","Review track before/after gap; cross-check RF, SAR, patrol and VMS sources. Note whether the gap area coincides with known IUU activity.",Previous point 2026-04-22T10:38:26+00:00 → current point 2026-04-22T23:11:21+00:00 (12.5 h silence).,2026-04
BKB-0165,AIS_GAP,HIGH,95,28051189,2026-04-27T01:28:43+00:00,-10.5905966667,142.238263333,,Cargo,AIS gap of 94.5 h,"The vessel disappeared from the AIS source feed for longer than the configured threshold. This may indicate intentional disabling, poor coverage, equipment failure, or small-vessel below-threshold operation.","Review track before/after gap; cross-check RF, SAR, patrol and VMS sources. Note whether the gap area coincides with known IUU activity.",Previous point 2026-04-23T02:57:21+00:00 → current point 2026-04-27T01:28:43+00:00 (94.5 h silence).,2026-04
BKB-0166,AIS_GAP,HIGH,95,29105753621,2026-04-22T23:18:51+00:00,-10.5861616667,142.224195,,Sailing,AIS gap of 12.5 h,"The vessel disappeared from the AIS source feed for longer than the configured threshold. This may indicate intentional disabling, poor coverage, equipment failure, or small-vessel below-threshold operation.","Review track before/after gap; cross-check RF, SAR, patrol and VMS sources. Note whether the gap area coincides with known IUU activity.",Previous point 2026-04-22T10:47:48+00:00 → current point 2026-04-22T23:18:51+00:00 (12.5 h silence).,2026-04
BKB-0167,AIS_GAP,HIGH,95,29105753621,2026-04-23T22:08:47+00:00,-10.5948616667,142.241511667,,Sailing,AIS gap of 21.7 h,"The vessel disappeared from the AIS source feed for longer than the configured threshold. This may indicate intentional disabling, poor coverage, equipment failure, or small-vessel below-threshold operation.","Review track before/after gap; cross-check RF, SAR, patrol and VMS sources. Note whether the gap area coincides with known IUU activity.",Previous point 2026-04-23T00:24:41+00:00 → current point 2026-04-23T22:08:47+00:00 (21.7 h silence).,2026-04
BKB-0168,AIS_GAP,MEDIUM,74,29105753621,2026-04-26T11:46:07+00:00,-10.691325,142.526058333,,Sailing,AIS gap of 8.4 h,"The vessel disappeared from the AIS source feed for longer than the configured threshold. This may indicate intentional disabling, poor coverage, equipment failure, or small-vessel below-threshold operation.","Review track before/after gap; cross-check RF, SAR, patrol and VMS sources. Note whether the gap area coincides with known IUU activity.",Previous point 2026-04-26T03:19:42+00:00 → current point 2026-04-26T11:46:07+00:00 (8.4 h silence).,2026-04
BKB-0169,AIS_GAP,HIGH,95,29105753621,2026-04-27T00:52:18+00:00,-10.9038483333,142.710248333,,Sailing,AIS gap of 13.1 h,"The vessel disappeared from the AIS source feed for longer than the configured threshold. This may indicate intentional disabling, poor coverage, equipment failure, or small-vessel below-threshold operation.","Review track before/after gap; cross-check RF, SAR, patrol and VMS sources. Note whether the gap area coincides with known IUU activity.",Previous point 2026-04-26T11:46:07+00:00 → current point 2026-04-27T00:52:18+00:00 (13.1 h silence).,2026-04
BKB-0170,AIS_GAP,HIGH,95,2970873394,2026-04-09T02:03:14+00:00,-11.39127,141.461693333,,Cargo,AIS gap of 111.8 h,"The vessel disappeared from the AIS source feed for longer than the configured threshold. This may indicate intentional disabling, poor coverage, equipment failure, or small-vessel below-threshold operation.","Review track before/after gap; cross-check RF, SAR, patrol and VMS sources. Note whether the gap area coincides with known IUU activity.",Previous point 2026-04-04T10:14:37+00:00 → current point 2026-04-09T02:03:14+00:00 (111.8 h silence).,2026-04
BKB-0171,AIS_GAP,HIGH,95,2970873394,2026-04-29T14:24:50+00:00,-11.3040266667,142.985345,,Cargo,AIS gap of 473.8 h,"The vessel disappeared from the AIS source feed for longer than the configured threshold. This may indicate intentional disabling, poor coverage, equipment failure, or small-vessel below-threshold operation.","Review track before/after gap; cross-check RF, SAR, patrol and VMS sources. Note whether the gap area coincides with known IUU activity.",Previous point 2026-04-09T20:34:52+00:00 → current point 2026-04-29T14:24:50+00:00 (473.8 h silence).,2026-04
BKB-0172,AIS_GAP,HIGH,95,29762513115,2026-04-17T06:11:58+00:00,-9.283005,142.010221667,,Cargo,AIS gap of 43.5 h,"The vessel disappeared from the AIS source feed for longer than the configured threshold. This may indicate intentional disabling, poor coverage, equipment failure, or small-vessel below-threshold operation.","Review track before/after gap; cross-check RF, SAR, patrol and VMS sources. Note whether the gap area coincides with known IUU activity.",Previous point 2026-04-15T10:39:04+00:00 → current point 2026-04-17T06:11:58+00:00 (43.5 h silence).,2026-04
BKB-0173,AIS_GAP,HIGH,95,29762513115,2026-04-23T05:47:58+00:00,-9.21333333333,142.206666667,,Cargo,AIS gap of 143.6 h,"The vessel disappeared from the AIS source feed for longer than the configured threshold. This may indicate intentional disabling, poor coverage, equipment failure, or small-vessel below-threshold operation.","Review track before/after gap; cross-check RF, SAR, patrol and VMS sources. Note whether the gap area coincides with known IUU activity.",Previous point 2026-04-17T06:11:58+00:00 → current point 2026-04-23T05:47:58+00:00 (143.6 h silence).,2026-04
BKB-0174,AIS_GAP,HIGH,95,29989678846,2026-04-13T00:09:49+00:00,-10.586715,142.219513333,,SAR,AIS gap of 45.8 h,"The vessel disappeared from the AIS source feed for longer than the configured threshold. This may indicate intentional disabling, poor coverage, equipment failure, or small-vessel below-threshold operation.","Review track before/after gap; cross-check RF, SAR, patrol and VMS sources. Note whether the gap area coincides with known IUU activity.",Previous point 2026-04-11T02:19:41+00:00 → current point 2026-04-13T00:09:49+00:00 (45.8 h silence).,2026-04
BKB-0175,AIS_GAP,HIGH,95,29989678846,2026-04-18T04:34:59+00:00,-10.58006,142.17525,,SAR,AIS gap of 123.4 h,"The vessel disappeared from the AIS source feed for longer than the configured threshold. This may indicate intentional disabling, poor coverage, equipment failure, or small-vessel below-threshold operation.","Review track before/after gap; cross-check RF, SAR, patrol and VMS sources. Note whether the gap area coincides with known IUU activity.",Previous point 2026-04-13T01:09:49+00:00 → current point 2026-04-18T04:34:59+00:00 (123.4 h silence).,2026-04
BKB-0176,AIS_GAP,HIGH,95,29989678846,2026-04-20T01:47:12+00:00,-10.586725,142.219515,,SAR,AIS gap of 44.2 h,"The vessel disappeared from the AIS source feed for longer than the configured threshold. This may indicate intentional disabling, poor coverage, equipment failure, or small-vessel below-threshold operation.","Review track before/after gap; cross-check RF, SAR, patrol and VMS sources. Note whether the gap area coincides with known IUU activity.",Previous point 2026-04-18T05:37:35+00:00 → current point 2026-04-20T01:47:12+00:00 (44.2 h silence).,2026-04
BKB-0177,AIS_GAP,HIGH,95,29989678846,2026-04-21T03:49:00+00:00,-10.5877533333,142.22028,,SAR,AIS gap of 26.0 h,"The vessel disappeared from the AIS source feed for longer than the configured threshold. This may indicate intentional disabling, poor coverage, equipment failure, or small-vessel below-threshold operation.","Review track before/after gap; cross-check RF, SAR, patrol and VMS sources. Note whether the gap area coincides with known IUU activity.",Previous point 2026-04-20T01:47:12+00:00 → current point 2026-04-21T03:49:00+00:00 (26.0 h silence).,2026-04
BKB-0178,AIS_GAP,HIGH,95,29989678846,2026-04-22T23:16:46+00:00,-10.5865116667,142.223708333,,SAR,AIS gap of 43.5 h,"The vessel disappeared from the AIS source feed for longer than the configured threshold. This may indicate intentional disabling, poor coverage, equipment failure, or small-vessel below-threshold operation.","Review track before/after gap; cross-check RF, SAR, patrol and VMS sources. Note whether the gap area coincides with known IUU activity.",Previous point 2026-04-21T03:49:00+00:00 → current point 2026-04-22T23:16:46+00:00 (43.5 h silence).,2026-04
BKB-0179,AIS_GAP,HIGH,95,29989678846,2026-04-24T04:59:37+00:00,-10.5844366667,142.247716667,,SAR,AIS gap of 24.2 h,"The vessel disappeared from the AIS source feed for longer than the configured threshold. This may indicate intentional disabling, poor coverage, equipment failure, or small-vessel below-threshold operation.","Review track before/after gap; cross-check RF, SAR, patrol and VMS sources. Note whether the gap area coincides with known IUU activity.",Previous point 2026-04-23T04:49:21+00:00 → current point 2026-04-24T04:59:37+00:00 (24.2 h silence).,2026-04
BKB-0180,AIS_GAP,HIGH,95,3081688885,2026-04-02T06:20:55+00:00,-10.58618,142.22146,,Pilot,AIS gap of 29.0 h,"The vessel disappeared from the AIS source feed for longer than the configured threshold. This may indicate intentional disabling, poor coverage, equipment failure, or small-vessel below-threshold operation.","Review track before/after gap; cross-check RF, SAR, patrol and VMS sources. Note whether the gap area coincides with known IUU activity.",Previous point 2026-04-01T01:19:18+00:00 → current point 2026-04-02T06:20:55+00:00 (29.0 h silence).,2026-04
BKB-0181,AIS_GAP,HIGH,95,3081688885,2026-04-02T22:57:04+00:00,-10.5861616667,142.221425,,Pilot,AIS gap of 16.6 h,"The vessel disappeared from the AIS source feed for longer than the configured threshold. This may indicate intentional disabling, poor coverage, equipment failure, or small-vessel below-threshold operation.","Review track before/after gap; cross-check RF, SAR, patrol and VMS sources. Note whether the gap area coincides with known IUU activity.",Previous point 2026-04-02T06:20:55+00:00 → current point 2026-04-02T22:57:04+00:00 (16.6 h silence).,2026-04
BKB-0182,AIS_GAP,MEDIUM,59,3081688885,2026-04-03T09:37:08+00:00,-10.5862466667,142.221401667,,Pilot,AIS gap of 6.5 h,"The vessel disappeared from the AIS source feed for longer than the configured threshold. This may indicate intentional disabling, poor coverage, equipment failure, or small-vessel below-threshold operation.","Review track before/after gap; cross-check RF, SAR, patrol and VMS sources. Note whether the gap area coincides with known IUU activity.",Previous point 2026-04-03T03:04:56+00:00 → current point 2026-04-03T09:37:08+00:00 (6.5 h silence).,2026-04
BKB-0183,AIS_GAP,HIGH,85,3081688885,2026-04-04T02:58:58+00:00,-10.5862066667,142.221433333,,Pilot,AIS gap of 9.8 h,"The vessel disappeared from the AIS source feed for longer than the configured threshold. This may indicate intentional disabling, poor coverage, equipment failure, or small-vessel below-threshold operation.","Review track before/after gap; cross-check RF, SAR, patrol and VMS sources. Note whether the gap area coincides with known IUU activity.",Previous point 2026-04-03T17:09:38+00:00 → current point 2026-04-04T02:58:58+00:00 (9.8 h silence).,2026-04
BKB-0184,AIS_GAP,MEDIUM,59,3081688885,2026-04-04T10:33:05+00:00,-10.586205,142.221425,,Pilot,AIS gap of 6.6 h,"The vessel disappeared from the AIS source feed for longer than the configured threshold. This may indicate intentional disabling, poor coverage, equipment failure, or small-vessel below-threshold operation.","Review track before/after gap; cross-check RF, SAR, patrol and VMS sources. Note whether the gap area coincides with known IUU activity.",Previous point 2026-04-04T03:59:17+00:00 → current point 2026-04-04T10:33:05+00:00 (6.6 h silence).,2026-04
BKB-0185,AIS_GAP,HIGH,95,3081688885,2026-04-05T08:07:24+00:00,-10.5862533333,142.221501667,,Pilot,AIS gap of 16.3 h,"The vessel disappeared from the AIS source feed for longer than the configured threshold. This may indicate intentional disabling, poor coverage, equipment failure, or small-vessel below-threshold operation.","Review track before/after gap; cross-check RF, SAR, patrol and VMS sources. Note whether the gap area coincides with known IUU activity.",Previous point 2026-04-04T15:47:58+00:00 → current point 2026-04-05T08:07:24+00:00 (16.3 h silence).,2026-04
BKB-0186,AIS_GAP,HIGH,80,3081688885,2026-04-05T19:27:14+00:00,-10.5861566667,142.221438333,,Pilot,AIS gap of 9.2 h,"The vessel disappeared from the AIS source feed for longer than the configured threshold. This may indicate intentional disabling, poor coverage, equipment failure, or small-vessel below-threshold operation.","Review track before/after gap; cross-check RF, SAR, patrol and VMS sources. Note whether the gap area coincides with known IUU activity.",Previous point 2026-04-05T10:12:19+00:00 → current point 2026-04-05T19:27:14+00:00 (9.2 h silence).,2026-04
BKB-0187,AIS_GAP,HIGH,90,3081688885,2026-04-06T08:58:03+00:00,-10.5866733333,142.21971,,Pilot,AIS gap of 10.4 h,"The vessel disappeared from the AIS source feed for longer than the configured threshold. This may indicate intentional disabling, poor coverage, equipment failure, or small-vessel below-threshold operation.","Review track before/after gap; cross-check RF, SAR, patrol and VMS sources. Note whether the gap area coincides with known IUU activity.",Previous point 2026-04-05T22:34:34+00:00 → current point 2026-04-06T08:58:03+00:00 (10.4 h silence).,2026-04
BKB-0188,AIS_GAP,MEDIUM,71,3081688885,2026-04-07T07:45:33+00:00,-10.58627,142.221483333,,Pilot,AIS gap of 8.0 h,"The vessel disappeared from the AIS source feed for longer than the configured threshold. This may indicate intentional disabling, poor coverage, equipment failure, or small-vessel below-threshold operation.","Review track before/after gap; cross-check RF, SAR, patrol and VMS sources. Note whether the gap area coincides with known IUU activity.",Previous point 2026-04-06T23:44:35+00:00 → current point 2026-04-07T07:45:33+00:00 (8.0 h silence).,2026-04
BKB-0189,AIS_GAP,MEDIUM,65,3081688885,2026-04-08T03:58:44+00:00,-10.5862333333,142.221435,,Pilot,AIS gap of 7.3 h,"The vessel disappeared from the AIS source feed for longer than the configured threshold. This may indicate intentional disabling, poor coverage, equipment failure, or small-vessel below-threshold operation.","Review track before/after gap; cross-check RF, SAR, patrol and VMS sources. Note whether the gap area coincides with known IUU activity.",Previous point 2026-04-07T20:39:59+00:00 → current point 2026-04-08T03:58:44+00:00 (7.3 h silence).,2026-04
BKB-0190,AIS_GAP,HIGH,95,3081688885,2026-04-08T18:40:13+00:00,-10.5861616667,142.221438333,,Pilot,AIS gap of 13.5 h,"The vessel disappeared from the AIS source feed for longer than the configured threshold. This may indicate intentional disabling, poor coverage, equipment failure, or small-vessel below-threshold operation.","Review track before/after gap; cross-check RF, SAR, patrol and VMS sources. Note whether the gap area coincides with known IUU activity.",Previous point 2026-04-08T05:08:10+00:00 → current point 2026-04-08T18:40:13+00:00 (13.5 h silence).,2026-04
BKB-0191,AIS_GAP,HIGH,95,3081688885,2026-04-09T18:28:17+00:00,-10.5861566667,142.22145,,Pilot,AIS gap of 17.6 h,"The vessel disappeared from the AIS source feed for longer than the configured threshold. This may indicate intentional disabling, poor coverage, equipment failure, or small-vessel below-threshold operation.","Review track before/after gap; cross-check RF, SAR, patrol and VMS sources. Note whether the gap area coincides with known IUU activity.",Previous point 2026-04-09T00:54:11+00:00 → current point 2026-04-09T18:28:17+00:00 (17.6 h silence).,2026-04
BKB-0192,AIS_GAP,MEDIUM,67,3081688885,2026-04-10T03:09:44+00:00,-10.5862133333,142.22142,,Pilot,AIS gap of 7.6 h,"The vessel disappeared from the AIS source feed for longer than the configured threshold. This may indicate intentional disabling, poor coverage, equipment failure, or small-vessel below-threshold operation.","Review track before/after gap; cross-check RF, SAR, patrol and VMS sources. Note whether the gap area coincides with known IUU activity.",Previous point 2026-04-09T19:34:00+00:00 → current point 2026-04-10T03:09:44+00:00 (7.6 h silence).,2026-04
BKB-0193,AIS_GAP,HIGH,95,3081688885,2026-04-15T02:21:39+00:00,-10.5862183333,142.221438333,,Pilot,AIS gap of 119.2 h,"The vessel disappeared from the AIS source feed for longer than the configured threshold. This may indicate intentional disabling, poor coverage, equipment failure, or small-vessel below-threshold operation.","Review track before/after gap; cross-check RF, SAR, patrol and VMS sources. Note whether the gap area coincides with known IUU activity.",Previous point 2026-04-10T03:09:44+00:00 → current point 2026-04-15T02:21:39+00:00 (119.2 h silence).,2026-04
BKB-0194,AIS_GAP,HIGH,95,3081688885,2026-04-20T07:21:11+00:00,-10.5821966667,142.189148333,,Pilot,AIS gap of 123.9 h,"The vessel disappeared from the AIS source feed for longer than the configured threshold. This may indicate intentional disabling, poor coverage, equipment failure, or small-vessel below-threshold operation.","Review track before/after gap; cross-check RF, SAR, patrol and VMS sources. Note whether the gap area coincides with known IUU activity.",Previous point 2026-04-15T03:24:29+00:00 → current point 2026-04-20T07:21:11+00:00 (123.9 h silence).,2026-04
BKB-0195,AIS_GAP,HIGH,95,3081688885,2026-04-21T10:27:46+00:00,-10.58625,142.221486667,,Pilot,AIS gap of 14.8 h,"The vessel disappeared from the AIS source feed for longer than the configured threshold. This may indicate intentional disabling, poor coverage, equipment failure, or small-vessel below-threshold operation.","Review track before/after gap; cross-check RF, SAR, patrol and VMS sources. Note whether the gap area coincides with known IUU activity.",Previous point 2026-04-20T19:39:26+00:00 → current point 2026-04-21T10:27:46+00:00 (14.8 h silence).,2026-04
BKB-0196,AIS_GAP,MEDIUM,74,3081688885,2026-04-22T07:12:32+00:00,-10.5862416667,142.221483333,,Pilot,AIS gap of 8.5 h,"The vessel disappeared from the AIS source feed for longer than the configured threshold. This may indicate intentional disabling, poor coverage, equipment failure, or small-vessel below-threshold operation.","Review track before/after gap; cross-check RF, SAR, patrol and VMS sources. Note whether the gap area coincides with known IUU activity.",Previous point 2026-04-21T22:44:55+00:00 → current point 2026-04-22T07:12:32+00:00 (8.5 h silence).,2026-04
BKB-0197,AIS_GAP,HIGH,95,3081688885,2026-04-23T06:07:55+00:00,-10.5862133333,142.221455,,Pilot,AIS gap of 20.7 h,"The vessel disappeared from the AIS source feed for longer than the configured threshold. This may indicate intentional disabling, poor coverage, equipment failure, or small-vessel below-threshold operation.","Review track before/after gap; cross-check RF, SAR, patrol and VMS sources. Note whether the gap area coincides with known IUU activity.",Previous point 2026-04-22T09:24:50+00:00 → current point 2026-04-23T06:07:55+00:00 (20.7 h silence).,2026-04
BKB-0198,AIS_GAP,MEDIUM,78,3081688885,2026-04-24T01:45:56+00:00,-10.5862166667,142.221443333,,Pilot,AIS gap of 9.0 h,"The vessel disappeared from the AIS source feed for longer than the configured threshold. This may indicate intentional disabling, poor coverage, equipment failure, or small-vessel below-threshold operation.","Review track before/after gap; cross-check RF, SAR, patrol and VMS sources. Note whether the gap area coincides with known IUU activity.",Previous point 2026-04-23T16:48:32+00:00 → current point 2026-04-24T01:45:56+00:00 (9.0 h silence).,2026-04
BKB-0199,AIS_GAP,MEDIUM,79,3081688885,2026-04-24T14:02:13+00:00,-10.586205,142.221463333,,Pilot,AIS gap of 9.0 h,"The vessel disappeared from the AIS source feed for longer than the configured threshold. This may indicate intentional disabling, poor coverage, equipment failure, or small-vessel below-threshold operation.","Review track before/after gap; cross-check RF, SAR, patrol and VMS sources. Note whether the gap area coincides with known IUU activity.",Previous point 2026-04-24T04:59:14+00:00 → current point 2026-04-24T14:02:13+00:00 (9.0 h silence).,2026-04
BKB-0200,AIS_GAP,HIGH,95,3081688885,2026-04-27T00:08:59+00:00,-10.5863133333,142.221056667,,Pilot,AIS gap of 37.5 h,"The vessel disappeared from the AIS source feed for longer than the configured threshold. This may indicate intentional disabling, poor coverage, equipment failure, or small-vessel below-threshold operation.","Review track before/after gap; cross-check RF, SAR, patrol and VMS sources. Note whether the gap area coincides with known IUU activity.",Previous point 2026-04-25T10:39:45+00:00 → current point 2026-04-27T00:08:59+00:00 (37.5 h silence).,2026-04
BKB-0201,AIS_GAP,MEDIUM,79,3081688885,2026-04-27T09:15:04+00:00,-10.5866933333,142.219675,,Pilot,AIS gap of 9.1 h,"The vessel disappeared from the AIS source feed for longer than the configured threshold. This may indicate intentional disabling, poor coverage, equipment failure, or small-vessel below-threshold operation.","Review track before/after gap; cross-check RF, SAR, patrol and VMS sources. Note whether the gap area coincides with known IUU activity.",Previous point 2026-04-27T00:08:59+00:00 → current point 2026-04-27T09:15:04+00:00 (9.1 h silence).,2026-04
BKB-0202,AIS_GAP,HIGH,95,3081688885,2026-04-27T23:50:08+00:00,-10.58664,142.219653333,,Pilot,AIS gap of 11.3 h,"The vessel disappeared from the AIS source feed for longer than the configured threshold. This may indicate intentional disabling, poor coverage, equipment failure, or small-vessel below-threshold operation.","Review track before/after gap; cross-check RF, SAR, patrol and VMS sources. Note whether the gap area coincides with known IUU activity.",Previous point 2026-04-27T12:29:54+00:00 → current point 2026-04-27T23:50:08+00:00 (11.3 h silence).,2026-04
BKB-0203,AIS_GAP,MEDIUM,59,3081688885,2026-04-29T03:21:34+00:00,-10.586675,142.219663333,,Pilot,AIS gap of 6.5 h,"The vessel disappeared from the AIS source feed for longer than the configured threshold. This may indicate intentional disabling, poor coverage, equipment failure, or small-vessel below-threshold operation.","Review track before/after gap; cross-check RF, SAR, patrol and VMS sources. Note whether the gap area coincides with known IUU activity.",Previous point 2026-04-28T20:50:13+00:00 → current point 2026-04-29T03:21:34+00:00 (6.5 h silence).,2026-04
BKB-0204,AIS_GAP,MEDIUM,61,3081688885,2026-04-29T10:10:57+00:00,-10.5867433333,142.219695,,Pilot,AIS gap of 6.8 h,"The vessel disappeared from the AIS source feed for longer than the configured threshold. This may indicate intentional disabling, poor coverage, equipment failure, or small-vessel below-threshold operation.","Review track before/after gap; cross-check RF, SAR, patrol and VMS sources. Note whether the gap area coincides with known IUU activity.",Previous point 2026-04-29T03:21:34+00:00 → current point 2026-04-29T10:10:57+00:00 (6.8 h silence).,2026-04
BKB-0205,AIS_GAP,HIGH,95,3081688885,2026-04-30T12:35:54+00:00,-10.5867083333,142.219675,,Pilot,AIS gap of 18.0 h,"The vessel disappeared from the AIS source feed for longer than the configured threshold. This may indicate intentional disabling, poor coverage, equipment failure, or small-vessel below-threshold operation.","Review track before/after gap; cross-check RF, SAR, patrol and VMS sources. Note whether the gap area coincides with known IUU activity.",Previous point 2026-04-29T18:34:45+00:00 → current point 2026-04-30T12:35:54+00:00 (18.0 h silence).,2026-04
BKB-0206,AIS_GAP,MEDIUM,60,3081688885,2026-04-30T21:27:43+00:00,-10.586635,142.219675,,Pilot,AIS gap of 6.7 h,"The vessel disappeared from the AIS source feed for longer than the configured threshold. This may indicate intentional disabling, poor coverage, equipment failure, or small-vessel below-threshold operation.","Review track before/after gap; cross-check RF, SAR, patrol and VMS sources. Note whether the gap area coincides with known IUU activity.",Previous point 2026-04-30T14:44:47+00:00 → current point 2026-04-30T21:27:43+00:00 (6.7 h silence).,2026-04
BKB-0207,AIS_GAP,HIGH,95,30920628601,2026-04-30T22:14:18+00:00,-11.3803133333,143.000271667,,Tug,AIS gap of 390.9 h,"The vessel disappeared from the AIS source feed for longer than the configured threshold. This may indicate intentional disabling, poor coverage, equipment failure, or small-vessel below-threshold operation.","Review track before/after gap; cross-check RF, SAR, patrol and VMS sources. Note whether the gap area coincides with known IUU activity.",Previous point 2026-04-14T15:22:00+00:00 → current point 2026-04-30T22:14:18+00:00 (390.9 h silence).,2026-04
BKB-0208,AIS_GAP,HIGH,95,31300004461,2026-04-03T22:49:54+00:00,-10.5904416667,142.245998333,,Law_enforcement,AIS gap of 65.9 h,"The vessel disappeared from the AIS source feed for longer than the configured threshold. This may indicate intentional disabling, poor coverage, equipment failure, or small-vessel below-threshold operation.","Review track before/after gap; cross-check RF, SAR, patrol and VMS sources. Note whether the gap area coincides with known IUU activity.",Previous point 2026-04-01T04:58:30+00:00 → current point 2026-04-03T22:49:54+00:00 (65.9 h silence).,2026-04
BKB-0209,AIS_GAP,HIGH,95,31300004461,2026-04-05T01:19:39+00:00,-10.5893616667,142.21991,,Law_enforcement,AIS gap of 25.4 h,"The vessel disappeared from the AIS source feed for longer than the configured threshold. This may indicate intentional disabling, poor coverage, equipment failure, or small-vessel below-threshold operation.","Review track before/after gap; cross-check RF, SAR, patrol and VMS sources. Note whether the gap area coincides with known IUU activity.",Previous point 2026-04-03T23:54:51+00:00 → current point 2026-04-05T01:19:39+00:00 (25.4 h silence).,2026-04
BKB-0210,AIS_GAP,HIGH,95,31300004461,2026-04-07T08:24:39+00:00,-10.5905466667,142.216191667,,Law_enforcement,AIS gap of 54.1 h,"The vessel disappeared from the AIS source feed for longer than the configured threshold. This may indicate intentional disabling, poor coverage, equipment failure, or small-vessel below-threshold operation.","Review track before/after gap; cross-check RF, SAR, patrol and VMS sources. Note whether the gap area coincides with known IUU activity.",Previous point 2026-04-05T02:19:57+00:00 → current point 2026-04-07T08:24:39+00:00 (54.1 h silence).,2026-04
BKB-0211,AIS_GAP,HIGH,95,31300004461,2026-04-07T23:19:45+00:00,-10.5865266667,142.221565,,Law_enforcement,AIS gap of 11.6 h,"The vessel disappeared from the AIS source feed for longer than the configured threshold. This may indicate intentional disabling, poor coverage, equipment failure, or small-vessel below-threshold operation.","Review track before/after gap; cross-check RF, SAR, patrol and VMS sources. Note whether the gap area coincides with known IUU activity.",Previous point 2026-04-07T11:41:18+00:00 → current point 2026-04-07T23:19:45+00:00 (11.6 h silence).,2026-04
BKB-0212,AIS_GAP,HIGH,95,31300004461,2026-04-08T23:03:26+00:00,-10.5869966667,142.219386667,,Law_enforcement,AIS gap of 23.7 h,"The vessel disappeared from the AIS source feed for longer than the configured threshold. This may indicate intentional disabling, poor coverage, equipment failure, or small-vessel below-threshold operation.","Review track before/after gap; cross-check RF, SAR, patrol and VMS sources. Note whether the gap area coincides with known IUU activity.",Previous point 2026-04-07T23:19:45+00:00 → current point 2026-04-08T23:03:26+00:00 (23.7 h silence).,2026-04
BKB-0213,AIS_GAP,HIGH,95,31300004461,2026-04-11T02:54:54+00:00,-10.58687,142.221626667,,Law_enforcement,AIS gap of 51.9 h,"The vessel disappeared from the AIS source feed for longer than the configured threshold. This may indicate intentional disabling, poor coverage, equipment failure, or small-vessel below-threshold operation.","Review track before/after gap; cross-check RF, SAR, patrol and VMS sources. Note whether the gap area coincides with known IUU activity.",Previous point 2026-04-08T23:03:26+00:00 → current point 2026-04-11T02:54:54+00:00 (51.9 h silence).,2026-04
BKB-0214,AIS_GAP,HIGH,95,31300004461,2026-04-12T20:54:54+00:00,-10.5866033333,142.21919,,Law_enforcement,AIS gap of 42.0 h,"The vessel disappeared from the AIS source feed for longer than the configured threshold. This may indicate intentional disabling, poor coverage, equipment failure, or small-vessel below-threshold operation.","Review track before/after gap; cross-check RF, SAR, patrol and VMS sources. Note whether the gap area coincides with known IUU activity.",Previous point 2026-04-11T02:54:54+00:00 → current point 2026-04-12T20:54:54+00:00 (42.0 h silence).,2026-04
BKB-0215,AIS_GAP,HIGH,95,31300004461,2026-04-15T06:34:41+00:00,-10.58655,142.22159,,Law_enforcement,AIS gap of 51.3 h,"The vessel disappeared from the AIS source feed for longer than the configured threshold. This may indicate intentional disabling, poor coverage, equipment failure, or small-vessel below-threshold operation.","Review track before/after gap; cross-check RF, SAR, patrol and VMS sources. Note whether the gap area coincides with known IUU activity.",Previous point 2026-04-13T03:14:56+00:00 → current point 2026-04-15T06:34:41+00:00 (51.3 h silence).,2026-04
BKB-0216,AIS_GAP,HIGH,95,31300004461,2026-04-19T15:09:58+00:00,-10.5889566667,142.244993333,,Law_enforcement,AIS gap of 104.6 h,"The vessel disappeared from the AIS source feed for longer than the configured threshold. This may indicate intentional disabling, poor coverage, equipment failure, or small-vessel below-threshold operation.","Review track before/after gap; cross-check RF, SAR, patrol and VMS sources. Note whether the gap area coincides with known IUU activity.",Previous point 2026-04-15T06:34:41+00:00 → current point 2026-04-19T15:09:58+00:00 (104.6 h silence).,2026-04
BKB-0217,AIS_GAP,HIGH,95,31300004461,2026-04-21T02:49:56+00:00,-10.590175,142.244235,,Law_enforcement,AIS gap of 35.7 h,"The vessel disappeared from the AIS source feed for longer than the configured threshold. This may indicate intentional disabling, poor coverage, equipment failure, or small-vessel below-threshold operation.","Review track before/after gap; cross-check RF, SAR, patrol and VMS sources. Note whether the gap area coincides with known IUU activity.",Previous point 2026-04-19T15:09:58+00:00 → current point 2026-04-21T02:49:56+00:00 (35.7 h silence).,2026-04
BKB-0218,AIS_GAP,HIGH,95,31300004461,2026-04-21T21:19:37+00:00,-10.5883133333,142.219816667,,Law_enforcement,AIS gap of 17.5 h,"The vessel disappeared from the AIS source feed for longer than the configured threshold. This may indicate intentional disabling, poor coverage, equipment failure, or small-vessel below-threshold operation.","Review track before/after gap; cross-check RF, SAR, patrol and VMS sources. Note whether the gap area coincides with known IUU activity.",Previous point 2026-04-21T03:49:57+00:00 → current point 2026-04-21T21:19:37+00:00 (17.5 h silence).,2026-04
BKB-0219,AIS_GAP,HIGH,95,31300004461,2026-04-23T22:39:24+00:00,-10.6046166667,142.224213333,,Law_enforcement,AIS gap of 41.0 h,"The vessel disappeared from the AIS source feed for longer than the configured threshold. This may indicate intentional disabling, poor coverage, equipment failure, or small-vessel below-threshold operation.","Review track before/after gap; cross-check RF, SAR, patrol and VMS sources. Note whether the gap area coincides with known IUU activity.",Previous point 2026-04-22T05:39:59+00:00 → current point 2026-04-23T22:39:24+00:00 (41.0 h silence).,2026-04
BKB-0220,AIS_GAP,HIGH,95,31300004461,2026-04-26T22:02:44+00:00,-10.5865416667,142.221575,,Law_enforcement,AIS gap of 64.7 h,"The vessel disappeared from the AIS source feed for longer than the configured threshold. This may indicate intentional disabling, poor coverage, equipment failure, or small-vessel below-threshold operation.","Review track before/after gap; cross-check RF, SAR, patrol and VMS sources. Note whether the gap area coincides with known IUU activity.",Previous point 2026-04-24T05:19:45+00:00 → current point 2026-04-26T22:02:44+00:00 (64.7 h silence).,2026-04
BKB-0221,AIS_GAP,HIGH,95,31300004461,2026-04-28T03:19:51+00:00,-10.5924283333,142.248153333,,Law_enforcement,AIS gap of 28.3 h,"The vessel disappeared from the AIS source feed for longer than the configured threshold. This may indicate intentional disabling, poor coverage, equipment failure, or small-vessel below-threshold operation.","Review track before/after gap; cross-check RF, SAR, patrol and VMS sources. Note whether the gap area coincides with known IUU activity.",Previous point 2026-04-26T23:04:48+00:00 → current point 2026-04-28T03:19:51+00:00 (28.3 h silence).,2026-04
BKB-0222,AIS_GAP,HIGH,95,31300004461,2026-04-28T23:15:21+00:00,-10.590815,142.246285,,Law_enforcement,AIS gap of 19.9 h,"The vessel disappeared from the AIS source feed for longer than the configured threshold. This may indicate intentional disabling, poor coverage, equipment failure, or small-vessel below-threshold operation.","Review track before/after gap; cross-check RF, SAR, patrol and VMS sources. Note whether the gap area coincides with known IUU activity.",Previous point 2026-04-28T03:19:51+00:00 → current point 2026-04-28T23:15:21+00:00 (19.9 h silence).,2026-04
BKB-0223,AIS_GAP,HIGH,95,31300004461,2026-04-30T22:34:57+00:00,-10.5894583333,142.231526667,,Law_enforcement,AIS gap of 46.2 h,"The vessel disappeared from the AIS source feed for longer than the configured threshold. This may indicate intentional disabling, poor coverage, equipment failure, or small-vessel below-threshold operation.","Review track before/after gap; cross-check RF, SAR, patrol and VMS sources. Note whether the gap area coincides with known IUU activity.",Previous point 2026-04-29T00:19:57+00:00 → current point 2026-04-30T22:34:57+00:00 (46.2 h silence).,2026-04
BKB-0224,AIS_GAP,HIGH,95,31542082691,2026-04-06T00:14:50+00:00,-10.585685,142.35878,,Fishing,AIS gap of 12.3 h,"The vessel disappeared from the AIS source feed for longer than the configured threshold. This may indicate intentional disabling, poor coverage, equipment failure, or small-vessel below-threshold operation.","Review track before/after gap; cross-check RF, SAR, patrol and VMS sources. Note whether the gap area coincides with known IUU activity.",Previous point 2026-04-05T11:54:50+00:00 → current point 2026-04-06T00:14:50+00:00 (12.3 h silence).,2026-04
BKB-0225,AIS_GAP,HIGH,95,31922002033,2026-04-07T04:19:53+00:00,-11.3140666667,141.721375,,Cargo,AIS gap of 36.1 h,"The vessel disappeared from the AIS source feed for longer than the configured threshold. This may indicate intentional disabling, poor coverage, equipment failure, or small-vessel below-threshold operation.","Review track before/after gap; cross-check RF, SAR, patrol and VMS sources. Note whether the gap area coincides with known IUU activity.",Previous point 2026-04-05T16:14:57+00:00 → current point 2026-04-07T04:19:53+00:00 (36.1 h silence).,2026-04
BKB-0226,AIS_GAP,HIGH,95,31922002033,2026-04-12T02:09:48+00:00,-11.3591616667,142.99802,,Cargo,AIS gap of 106.3 h,"The vessel disappeared from the AIS source feed for longer than the configured threshold. This may indicate intentional disabling, poor coverage, equipment failure, or small-vessel below-threshold operation.","Review track before/after gap; cross-check RF, SAR, patrol and VMS sources. Note whether the gap area coincides with known IUU activity.",Previous point 2026-04-07T15:49:53+00:00 → current point 2026-04-12T02:09:48+00:00 (106.3 h silence).,2026-04
BKB-0227,AIS_GAP,HIGH,95,31922002033,2026-04-13T15:09:53+00:00,-11.372975,141.71397,,Cargo,AIS gap of 25.4 h,"The vessel disappeared from the AIS source feed for longer than the configured threshold. This may indicate intentional disabling, poor coverage, equipment failure, or small-vessel below-threshold operation.","Review track before/after gap; cross-check RF, SAR, patrol and VMS sources. Note whether the gap area coincides with known IUU activity.",Previous point 2026-04-12T13:44:57+00:00 → current point 2026-04-13T15:09:53+00:00 (25.4 h silence).,2026-04
BKB-0228,AIS_GAP,HIGH,95,31922002033,2026-04-18T14:09:55+00:00,-11.3877583333,142.994875,,Cargo,AIS gap of 94.6 h,"The vessel disappeared from the AIS source feed for longer than the configured threshold. This may indicate intentional disabling, poor coverage, equipment failure, or small-vessel below-threshold operation.","Review track before/after gap; cross-check RF, SAR, patrol and VMS sources. Note whether the gap area coincides with known IUU activity.",Previous point 2026-04-14T15:34:00+00:00 → current point 2026-04-18T14:09:55+00:00 (94.6 h silence).,2026-04
BKB-0229,AIS_GAP,HIGH,95,31922002033,2026-04-20T21:32:00+00:00,-11.286,141.727341,,Cargo,AIS gap of 24.5 h,"The vessel disappeared from the AIS source feed for longer than the configured threshold. This may indicate intentional disabling, poor coverage, equipment failure, or small-vessel below-threshold operation.","Review track before/after gap; cross-check RF, SAR, patrol and VMS sources. Note whether the gap area coincides with known IUU activity.",Previous point 2026-04-19T21:04:11+00:00 → current point 2026-04-20T21:32:00+00:00 (24.5 h silence).,2026-04
BKB-0230,AIS_GAP,HIGH,95,31922002033,2026-04-25T10:39:53+00:00,-11.3600566667,142.997131667,,Cargo,AIS gap of 97.3 h,"The vessel disappeared from the AIS source feed for longer than the configured threshold. This may indicate intentional disabling, poor coverage, equipment failure, or small-vessel below-threshold operation.","Review track before/after gap; cross-check RF, SAR, patrol and VMS sources. Note whether the gap area coincides with known IUU activity.",Previous point 2026-04-21T09:19:52+00:00 → current point 2026-04-25T10:39:53+00:00 (97.3 h silence).,2026-04
BKB-0231,AIS_GAP,HIGH,95,31922002033,2026-04-27T14:54:55+00:00,-11.3415416667,141.71642,,Cargo,AIS gap of 27.9 h,"The vessel disappeared from the AIS source feed for longer than the configured threshold. This may indicate intentional disabling, poor coverage, equipment failure, or small-vessel below-threshold operation.","Review track before/after gap; cross-check RF, SAR, patrol and VMS sources. Note whether the gap area coincides with known IUU activity.",Previous point 2026-04-26T11:00:10+00:00 → current point 2026-04-27T14:54:55+00:00 (27.9 h silence).,2026-04
BKB-0232,AIS_GAP,HIGH,95,32161948553,2026-04-06T23:18:16+00:00,-9.34407333333,141.845011667,,Unknown,AIS gap of 10.3 h,"The vessel disappeared from the AIS source feed for longer than the configured threshold. This may indicate intentional disabling, poor coverage, equipment failure, or small-vessel below-threshold operation.","Review track before/after gap; cross-check RF, SAR, patrol and VMS sources. Note whether the gap area coincides with known IUU activity.",Previous point 2026-04-06T12:59:32+00:00 → current point 2026-04-06T23:18:16+00:00 (10.3 h silence).,2026-04
BKB-0233,AIS_GAP,HIGH,95,32161948553,2026-04-09T11:09:48+00:00,-9.35364,141.800691667,,Unknown,AIS gap of 59.9 h,"The vessel disappeared from the AIS source feed for longer than the configured threshold. This may indicate intentional disabling, poor coverage, equipment failure, or small-vessel below-threshold operation.","Review track before/after gap; cross-check RF, SAR, patrol and VMS sources. Note whether the gap area coincides with known IUU activity.",Previous point 2026-04-06T23:18:16+00:00 → current point 2026-04-09T11:09:48+00:00 (59.9 h silence).,2026-04
BKB-0234,AIS_GAP,HIGH,95,32161948553,2026-04-24T19:35:35+00:00,-9.71865333333,141.301011667,,Unknown,AIS gap of 368.4 h,"The vessel disappeared from the AIS source feed for longer than the configured threshold. This may indicate intentional disabling, poor coverage, equipment failure, or small-vessel below-threshold operation.","Review track before/after gap; cross-check RF, SAR, patrol and VMS sources. Note whether the gap area coincides with known IUU activity.",Previous point 2026-04-09T11:09:48+00:00 → current point 2026-04-24T19:35:35+00:00 (368.4 h silence).,2026-04
BKB-0235,AIS_GAP,HIGH,95,32161948553,2026-04-25T18:51:52+00:00,-9.61995666667,141.434078333,,Unknown,AIS gap of 23.3 h,"The vessel disappeared from the AIS source feed for longer than the configured threshold. This may indicate intentional disabling, poor coverage, equipment failure, or small-vessel below-threshold operation.","Review track before/after gap; cross-check RF, SAR, patrol and VMS sources. Note whether the gap area coincides with known IUU activity.",Previous point 2026-04-24T19:35:35+00:00 → current point 2026-04-25T18:51:52+00:00 (23.3 h silence).,2026-04
BKB-0236,AIS_GAP,HIGH,95,3220567378,2026-04-18T01:49:37+00:00,-10.9817216667,141.159428333,,Cargo,AIS gap of 126.0 h,"The vessel disappeared from the AIS source feed for longer than the configured threshold. This may indicate intentional disabling, poor coverage, equipment failure, or small-vessel below-threshold operation.","Review track before/after gap; cross-check RF, SAR, patrol and VMS sources. Note whether the gap area coincides with known IUU activity.",Previous point 2026-04-12T19:47:42+00:00 → current point 2026-04-18T01:49:37+00:00 (126.0 h silence).,2026-04
BKB-0237,AIS_GAP,HIGH,95,3220567378,2026-04-30T20:14:07+00:00,-11.4472783333,142.98385,,Cargo,AIS gap of 281.5 h,"The vessel disappeared from the AIS source feed for longer than the configured threshold. This may indicate intentional disabling, poor coverage, equipment failure, or small-vessel below-threshold operation.","Review track before/after gap; cross-check RF, SAR, patrol and VMS sources. Note whether the gap area coincides with known IUU activity.",Previous point 2026-04-19T02:44:53+00:00 → current point 2026-04-30T20:14:07+00:00 (281.5 h silence).,2026-04
BKB-0238,AIS_GAP,HIGH,95,32335339303,2026-04-13T13:49:41+00:00,-11.335985,142.992576667,,Cargo,AIS gap of 245.9 h,"The vessel disappeared from the AIS source feed for longer than the configured threshold. This may indicate intentional disabling, poor coverage, equipment failure, or small-vessel below-threshold operation.","Review track before/after gap; cross-check RF, SAR, patrol and VMS sources. Note whether the gap area coincides with known IUU activity.",Previous point 2026-04-03T07:54:48+00:00 → current point 2026-04-13T13:49:41+00:00 (245.9 h silence).,2026-04
BKB-0239,AIS_GAP,HIGH,95,32335339303,2026-04-15T17:46:27+00:00,-11.3145466667,141.431691667,,Cargo,AIS gap of 39.4 h,"The vessel disappeared from the AIS source feed for longer than the configured threshold. This may indicate intentional disabling, poor coverage, equipment failure, or small-vessel below-threshold operation.","Review track before/after gap; cross-check RF, SAR, patrol and VMS sources. Note whether the gap area coincides with known IUU activity.",Previous point 2026-04-14T02:24:52+00:00 → current point 2026-04-15T17:46:27+00:00 (39.4 h silence).,2026-04
BKB-0240,AIS_GAP,HIGH,95,32455410765,2026-04-22T23:08:48+00:00,-10.5975483333,142.239,,Pleasure,AIS gap of 12.2 h,"The vessel disappeared from the AIS source feed for longer than the configured threshold. This may indicate intentional disabling, poor coverage, equipment failure, or small-vessel below-threshold operation.","Review track before/after gap; cross-check RF, SAR, patrol and VMS sources. Note whether the gap area coincides with known IUU activity.",Previous point 2026-04-22T10:56:48+00:00 → current point 2026-04-22T23:08:48+00:00 (12.2 h silence).,2026-04
BKB-0241,AIS_GAP,HIGH,95,3277236545,2026-04-15T22:56:36+00:00,-10.586815,142.219361667,,Passenger,AIS gap of 328.1 h,"The vessel disappeared from the AIS source feed for longer than the configured threshold. This may indicate intentional disabling, poor coverage, equipment failure, or small-vessel below-threshold operation.","Review track before/after gap; cross-check RF, SAR, patrol and VMS sources. Note whether the gap area coincides with known IUU activity.",Previous point 2026-04-02T06:48:49+00:00 → current point 2026-04-15T22:56:36+00:00 (328.1 h silence).,2026-04
BKB-0242,AIS_GAP,HIGH,95,3277236545,2026-04-28T03:54:35+00:00,-10.5884083333,142.218038333,,Passenger,AIS gap of 287.2 h,"The vessel disappeared from the AIS source feed for longer than the configured threshold. This may indicate intentional disabling, poor coverage, equipment failure, or small-vessel below-threshold operation.","Review track before/after gap; cross-check RF, SAR, patrol and VMS sources. Note whether the gap area coincides with known IUU activity.",Previous point 2026-04-16T04:44:39+00:00 → current point 2026-04-28T03:54:35+00:00 (287.2 h silence).,2026-04
BKB-0243,AIS_GAP,HIGH,95,3277236545,2026-04-28T19:59:54+00:00,-10.5882266667,142.2181,,Passenger,AIS gap of 14.9 h,"The vessel disappeared from the AIS source feed for longer than the configured threshold. This may indicate intentional disabling, poor coverage, equipment failure, or small-vessel below-threshold operation.","Review track before/after gap; cross-check RF, SAR, patrol and VMS sources. Note whether the gap area coincides with known IUU activity.",Previous point 2026-04-28T05:06:56+00:00 → current point 2026-04-28T19:59:54+00:00 (14.9 h silence).,2026-04
BKB-0244,AIS_GAP,HIGH,95,3277236545,2026-04-29T22:46:44+00:00,-10.58839,142.218021667,,Passenger,AIS gap of 15.0 h,"The vessel disappeared from the AIS source feed for longer than the configured threshold. This may indicate intentional disabling, poor coverage, equipment failure, or small-vessel below-threshold operation.","Review track before/after gap; cross-check RF, SAR, patrol and VMS sources. Note whether the gap area coincides with known IUU activity.",Previous point 2026-04-29T07:44:26+00:00 → current point 2026-04-29T22:46:44+00:00 (15.0 h silence).,2026-04
BKB-0245,AIS_GAP,HIGH,95,3277236545,2026-04-30T19:52:37+00:00,-10.588345,142.218053333,,Passenger,AIS gap of 15.0 h,"The vessel disappeared from the AIS source feed for longer than the configured threshold. This may indicate intentional disabling, poor coverage, equipment failure, or small-vessel below-threshold operation.","Review track before/after gap; cross-check RF, SAR, patrol and VMS sources. Note whether the gap area coincides with known IUU activity.",Previous point 2026-04-30T04:51:18+00:00 → current point 2026-04-30T19:52:37+00:00 (15.0 h silence).,2026-04
BKB-0246,AIS_GAP,HIGH,95,33317680714,2026-04-04T18:34:42+00:00,-11.38742,141.919866667,,Other,AIS gap of 50.7 h,"The vessel disappeared from the AIS source feed for longer than the configured threshold. This may indicate intentional disabling, poor coverage, equipment failure, or small-vessel below-threshold operation.","Review track before/after gap; cross-check RF, SAR, patrol and VMS sources. Note whether the gap area coincides with known IUU activity.",Previous point 2026-04-02T15:54:34+00:00 → current point 2026-04-04T18:34:42+00:00 (50.7 h silence).,2026-04
BKB-0247,AIS_GAP,HIGH,95,33317680714,2026-04-12T12:16:29+00:00,-11.38012,141.92142,,Other,AIS gap of 67.4 h,"The vessel disappeared from the AIS source feed for longer than the configured threshold. This may indicate intentional disabling, poor coverage, equipment failure, or small-vessel below-threshold operation.","Review track before/after gap; cross-check RF, SAR, patrol and VMS sources. Note whether the gap area coincides with known IUU activity.",Previous point 2026-04-09T16:54:52+00:00 → current point 2026-04-12T12:16:29+00:00 (67.4 h silence).,2026-04
BKB-0248,AIS_GAP,HIGH,95,33317680714,2026-04-19T19:09:53+00:00,-11.4251733333,141.908068333,,Other,AIS gap of 49.4 h,"The vessel disappeared from the AIS source feed for longer than the configured threshold. This may indicate intentional disabling, poor coverage, equipment failure, or small-vessel below-threshold operation.","Review track before/after gap; cross-check RF, SAR, patrol and VMS sources. Note whether the gap area coincides with known IUU activity.",Previous point 2026-04-17T17:43:48+00:00 → current point 2026-04-19T19:09:53+00:00 (49.4 h silence).,2026-04
BKB-0249,AIS_GAP,HIGH,95,33317680714,2026-04-22T23:29:57+00:00,-9.223665,142.222338333,,Other,AIS gap of 17.9 h,"The vessel disappeared from the AIS source feed for longer than the configured threshold. This may indicate intentional disabling, poor coverage, equipment failure, or small-vessel below-threshold operation.","Review track before/after gap; cross-check RF, SAR, patrol and VMS sources. Note whether the gap area coincides with known IUU activity.",Previous point 2026-04-22T05:34:17+00:00 → current point 2026-04-22T23:29:57+00:00 (17.9 h silence).,2026-04
BKB-0250,AIS_GAP,HIGH,95,33317680714,2026-04-25T16:39:39+00:00,-11.3829383333,141.920548333,,Other,AIS gap of 39.0 h,"The vessel disappeared from the AIS source feed for longer than the configured threshold. This may indicate intentional disabling, poor coverage, equipment failure, or small-vessel below-threshold operation.","Review track before/after gap; cross-check RF, SAR, patrol and VMS sources. Note whether the gap area coincides with known IUU activity.",Previous point 2026-04-24T01:42:26+00:00 → current point 2026-04-25T16:39:39+00:00 (39.0 h silence).,2026-04
BKB-0251,AIS_GAP,HIGH,95,33924832003,2026-04-24T18:57:43+00:00,-9.73727666667,141.459035,,Unknown,AIS gap of 11.7 h,"The vessel disappeared from the AIS source feed for longer than the configured threshold. This may indicate intentional disabling, poor coverage, equipment failure, or small-vessel below-threshold operation.","Review track before/after gap; cross-check RF, SAR, patrol and VMS sources. Note whether the gap area coincides with known IUU activity.",Previous point 2026-04-24T07:16:01+00:00 → current point 2026-04-24T18:57:43+00:00 (11.7 h silence).,2026-04
BKB-0252,AIS_GAP,HIGH,95,33924832003,2026-04-25T06:57:36+00:00,-9.78427833333,141.395221667,,Unknown,AIS gap of 12.0 h,"The vessel disappeared from the AIS source feed for longer than the configured threshold. This may indicate intentional disabling, poor coverage, equipment failure, or small-vessel below-threshold operation.","Review track before/after gap; cross-check RF, SAR, patrol and VMS sources. Note whether the gap area coincides with known IUU activity.",Previous point 2026-04-24T18:57:43+00:00 → current point 2026-04-25T06:57:36+00:00 (12.0 h silence).,2026-04
BKB-0253,AIS_GAP,HIGH,95,33924832003,2026-04-26T06:50:33+00:00,-9.78802,141.411108333,,Unknown,AIS gap of 19.2 h,"The vessel disappeared from the AIS source feed for longer than the configured threshold. This may indicate intentional disabling, poor coverage, equipment failure, or small-vessel below-threshold operation.","Review track before/after gap; cross-check RF, SAR, patrol and VMS sources. Note whether the gap area coincides with known IUU activity.",Previous point 2026-04-25T11:36:06+00:00 → current point 2026-04-26T06:50:33+00:00 (19.2 h silence).,2026-04
BKB-0254,AIS_GAP,MEDIUM,73,33924832003,2026-04-26T18:54:34+00:00,-9.75862333333,141.438845,,Unknown,AIS gap of 7.4 h,"The vessel disappeared from the AIS source feed for longer than the configured threshold. This may indicate intentional disabling, poor coverage, equipment failure, or small-vessel below-threshold operation.","Review track before/after gap; cross-check RF, SAR, patrol and VMS sources. Note whether the gap area coincides with known IUU activity.",Previous point 2026-04-26T11:30:01+00:00 → current point 2026-04-26T18:54:34+00:00 (7.4 h silence).,2026-04
BKB-0255,AIS_GAP,HIGH,95,33924832003,2026-04-27T11:27:21+00:00,-9.77325,141.40136,,Unknown,AIS gap of 11.9 h,"The vessel disappeared from the AIS source feed for longer than the configured threshold. This may indicate intentional disabling, poor coverage, equipment failure, or small-vessel below-threshold operation.","Review track before/after gap; cross-check RF, SAR, patrol and VMS sources. Note whether the gap area coincides with known IUU activity.",Previous point 2026-04-26T23:34:37+00:00 → current point 2026-04-27T11:27:21+00:00 (11.9 h silence).,2026-04
BKB-0256,AIS_GAP,HIGH,95,33924832003,2026-04-28T13:27:38+00:00,-9.761315,141.437961667,,Unknown,AIS gap of 26.0 h,"The vessel disappeared from the AIS source feed for longer than the configured threshold. This may indicate intentional disabling, poor coverage, equipment failure, or small-vessel below-threshold operation.","Review track before/after gap; cross-check RF, SAR, patrol and VMS sources. Note whether the gap area coincides with known IUU activity.",Previous point 2026-04-27T11:27:21+00:00 → current point 2026-04-28T13:27:38+00:00 (26.0 h silence).,2026-04
BKB-0257,AIS_GAP,HIGH,95,33924832003,2026-04-28T23:35:14+00:00,-9.76563,141.426721667,,Unknown,AIS gap of 10.1 h,"The vessel disappeared from the AIS source feed for longer than the configured threshold. This may indicate intentional disabling, poor coverage, equipment failure, or small-vessel below-threshold operation.","Review track before/after gap; cross-check RF, SAR, patrol and VMS sources. Note whether the gap area coincides with known IUU activity.",Previous point 2026-04-28T13:27:38+00:00 → current point 2026-04-28T23:35:14+00:00 (10.1 h silence).,2026-04
BKB-0258,AIS_GAP,HIGH,80,33924832003,2026-04-29T07:53:01+00:00,-9.83377166667,141.750216667,,Unknown,AIS gap of 8.3 h,"The vessel disappeared from the AIS source feed for longer than the configured threshold. This may indicate intentional disabling, poor coverage, equipment failure, or small-vessel below-threshold operation.","Review track before/after gap; cross-check RF, SAR, patrol and VMS sources. Note whether the gap area coincides with known IUU activity.",Previous point 2026-04-28T23:35:14+00:00 → current point 2026-04-29T07:53:01+00:00 (8.3 h silence).,2026-04
BKB-0259,AIS_GAP,HIGH,80,33924832003,2026-04-29T19:34:12+00:00,-9.81519666667,141.733878333,,Unknown,AIS gap of 8.3 h,"The vessel disappeared from the AIS source feed for longer than the configured threshold. This may indicate intentional disabling, poor coverage, equipment failure, or small-vessel below-threshold operation.","Review track before/after gap; cross-check RF, SAR, patrol and VMS sources. Note whether the gap area coincides with known IUU activity.",Previous point 2026-04-29T11:19:01+00:00 → current point 2026-04-29T19:34:12+00:00 (8.3 h silence).,2026-04
BKB-0260,AIS_GAP,MEDIUM,79,33924832003,2026-04-30T07:33:44+00:00,-9.48276,141.855151667,,Unknown,AIS gap of 8.1 h,"The vessel disappeared from the AIS source feed for longer than the configured threshold. This may indicate intentional disabling, poor coverage, equipment failure, or small-vessel below-threshold operation.","Review track before/after gap; cross-check RF, SAR, patrol and VMS sources. Note whether the gap area coincides with known IUU activity.",Previous point 2026-04-29T23:25:45+00:00 → current point 2026-04-30T07:33:44+00:00 (8.1 h silence).,2026-04
BKB-0261,AIS_GAP,MEDIUM,77,33924832003,2026-04-30T19:15:49+00:00,-9.469905,141.831936667,,Unknown,AIS gap of 8.0 h,"The vessel disappeared from the AIS source feed for longer than the configured threshold. This may indicate intentional disabling, poor coverage, equipment failure, or small-vessel below-threshold operation.","Review track before/after gap; cross-check RF, SAR, patrol and VMS sources. Note whether the gap area coincides with known IUU activity.",Previous point 2026-04-30T11:18:42+00:00 → current point 2026-04-30T19:15:49+00:00 (8.0 h silence).,2026-04
BKB-0262,AIS_GAP,HIGH,95,34606660965,2026-04-17T19:35:16+00:00,-10.6400616667,142.642101667,,Pleasure,AIS gap of 15.8 h,"The vessel disappeared from the AIS source feed for longer than the configured threshold. This may indicate intentional disabling, poor coverage, equipment failure, or small-vessel below-threshold operation.","Review track before/after gap; cross-check RF, SAR, patrol and VMS sources. Note whether the gap area coincides with known IUU activity.",Previous point 2026-04-17T03:49:45+00:00 → current point 2026-04-17T19:35:16+00:00 (15.8 h silence).,2026-04
BKB-0263,AIS_GAP,HIGH,95,3514468007,2026-04-16T04:59:51+00:00,-11.3344366667,142.99494,,Cargo,AIS gap of 227.3 h,"The vessel disappeared from the AIS source feed for longer than the configured threshold. This may indicate intentional disabling, poor coverage, equipment failure, or small-vessel below-threshold operation.","Review track before/after gap; cross-check RF, SAR, patrol and VMS sources. Note whether the gap area coincides with known IUU activity.",Previous point 2026-04-06T17:39:52+00:00 → current point 2026-04-16T04:59:51+00:00 (227.3 h silence).,2026-04
BKB-0264,AIS_GAP,HIGH,95,35360679651,2026-04-03T02:29:39+00:00,-11.23907,142.919973333,,Other,AIS gap of 45.9 h,"The vessel disappeared from the AIS source feed for longer than the configured threshold. This may indicate intentional disabling, poor coverage, equipment failure, or small-vessel below-threshold operation.","Review track before/after gap; cross-check RF, SAR, patrol and VMS sources. Note whether the gap area coincides with known IUU activity.",Previous point 2026-04-01T04:33:03+00:00 → current point 2026-04-03T02:29:39+00:00 (45.9 h silence).,2026-04
BKB-0265,AIS_GAP,HIGH,95,35360679651,2026-04-03T22:39:39+00:00,-10.5908416667,142.218263333,,Other,AIS gap of 15.9 h,"The vessel disappeared from the AIS source feed for longer than the configured threshold. This may indicate intentional disabling, poor coverage, equipment failure, or small-vessel below-threshold operation.","Review track before/after gap; cross-check RF, SAR, patrol and VMS sources. Note whether the gap area coincides with known IUU activity.",Previous point 2026-04-03T06:44:45+00:00 → current point 2026-04-03T22:39:39+00:00 (15.9 h silence).,2026-04
BKB-0266,AIS_GAP,HIGH,95,35360679651,2026-04-04T21:45:11+00:00,-10.5597383333,142.151971667,,Other,AIS gap of 16.7 h,"The vessel disappeared from the AIS source feed for longer than the configured threshold. This may indicate intentional disabling, poor coverage, equipment failure, or small-vessel below-threshold operation.","Review track before/after gap; cross-check RF, SAR, patrol and VMS sources. Note whether the gap area coincides with known IUU activity.",Previous point 2026-04-04T05:05:48+00:00 → current point 2026-04-04T21:45:11+00:00 (16.7 h silence).,2026-04
BKB-0267,AIS_GAP,HIGH,95,35360679651,2026-04-13T23:07:31+00:00,-10.5914066667,142.217521667,,Other,AIS gap of 211.5 h,"The vessel disappeared from the AIS source feed for longer than the configured threshold. This may indicate intentional disabling, poor coverage, equipment failure, or small-vessel below-threshold operation.","Review track before/after gap; cross-check RF, SAR, patrol and VMS sources. Note whether the gap area coincides with known IUU activity.",Previous point 2026-04-05T03:40:22+00:00 → current point 2026-04-13T23:07:31+00:00 (211.5 h silence).,2026-04
BKB-0268,AIS_GAP,HIGH,95,36240444986,2026-04-07T16:09:56+00:00,-11.2894916667,141.517458333,,Cargo,AIS gap of 127.4 h,"The vessel disappeared from the AIS source feed for longer than the configured threshold. This may indicate intentional disabling, poor coverage, equipment failure, or small-vessel below-threshold operation.","Review track before/after gap; cross-check RF, SAR, patrol and VMS sources. Note whether the gap area coincides with known IUU activity.",Previous point 2026-04-02T08:43:50+00:00 → current point 2026-04-07T16:09:56+00:00 (127.4 h silence).,2026-04
BKB-0269,AIS_GAP,HIGH,95,36240444986,2026-04-23T02:19:51+00:00,-11.4895566667,142.980931667,,Cargo,AIS gap of 356.2 h,"The vessel disappeared from the AIS source feed for longer than the configured threshold. This may indicate intentional disabling, poor coverage, equipment failure, or small-vessel below-threshold operation.","Review track before/after gap; cross-check RF, SAR, patrol and VMS sources. Note whether the gap area coincides with known IUU activity.",Previous point 2026-04-08T06:04:55+00:00 → current point 2026-04-23T02:19:51+00:00 (356.2 h silence).,2026-04
BKB-0270,AIS_GAP,HIGH,95,36240444986,2026-04-27T13:09:58+00:00,-11.4204683333,141.475091667,,Cargo,AIS gap of 94.1 h,"The vessel disappeared from the AIS source feed for longer than the configured threshold. This may indicate intentional disabling, poor coverage, equipment failure, or small-vessel below-threshold operation.","Review track before/after gap; cross-check RF, SAR, patrol and VMS sources. Note whether the gap area coincides with known IUU activity.",Previous point 2026-04-23T15:04:52+00:00 → current point 2026-04-27T13:09:58+00:00 (94.1 h silence).,2026-04
BKB-0271,AIS_GAP,HIGH,95,37613639248,2026-04-19T11:54:44+00:00,-9.34313833333,141.867625,,Unknown,AIS gap of 76.7 h,"The vessel disappeared from the AIS source feed for longer than the configured threshold. This may indicate intentional disabling, poor coverage, equipment failure, or small-vessel below-threshold operation.","Review track before/after gap; cross-check RF, SAR, patrol and VMS sources. Note whether the gap area coincides with known IUU activity.",Previous point 2026-04-16T07:13:25+00:00 → current point 2026-04-19T11:54:44+00:00 (76.7 h silence).,2026-04
BKB-0272,AIS_GAP,HIGH,95,37613639248,2026-04-19T22:29:38+00:00,-9.34418333333,141.838771667,,Unknown,AIS gap of 10.6 h,"The vessel disappeared from the AIS source feed for longer than the configured threshold. This may indicate intentional disabling, poor coverage, equipment failure, or small-vessel below-threshold operation.","Review track before/after gap; cross-check RF, SAR, patrol and VMS sources. Note whether the gap area coincides with known IUU activity.",Previous point 2026-04-19T11:54:44+00:00 → current point 2026-04-19T22:29:38+00:00 (10.6 h silence).,2026-04
BKB-0273,AIS_GAP,MEDIUM,65,37613639248,2026-04-20T06:26:00+00:00,-9.36674,141.783145,,Unknown,AIS gap of 6.4 h,"The vessel disappeared from the AIS source feed for longer than the configured threshold. This may indicate intentional disabling, poor coverage, equipment failure, or small-vessel below-threshold operation.","Review track before/after gap; cross-check RF, SAR, patrol and VMS sources. Note whether the gap area coincides with known IUU activity.",Previous point 2026-04-20T00:02:05+00:00 → current point 2026-04-20T06:26:00+00:00 (6.4 h silence).,2026-04
BKB-0274,AIS_GAP,HIGH,95,37613639248,2026-04-21T06:18:28+00:00,-9.45397833333,141.646451667,,Unknown,AIS gap of 23.9 h,"The vessel disappeared from the AIS source feed for longer than the configured threshold. This may indicate intentional disabling, poor coverage, equipment failure, or small-vessel below-threshold operation.","Review track before/after gap; cross-check RF, SAR, patrol and VMS sources. Note whether the gap area coincides with known IUU activity.",Previous point 2026-04-20T06:26:00+00:00 → current point 2026-04-21T06:18:28+00:00 (23.9 h silence).,2026-04
BKB-0275,AIS_GAP,HIGH,95,37613639248,2026-04-21T18:00:48+00:00,-9.42808666667,141.710718333,,Unknown,AIS gap of 11.7 h,"The vessel disappeared from the AIS source feed for longer than the configured threshold. This may indicate intentional disabling, poor coverage, equipment failure, or small-vessel below-threshold operation.","Review track before/after gap; cross-check RF, SAR, patrol and VMS sources. Note whether the gap area coincides with known IUU activity.",Previous point 2026-04-21T06:18:28+00:00 → current point 2026-04-21T18:00:48+00:00 (11.7 h silence).,2026-04
BKB-0276,AIS_GAP,HIGH,95,37927007642,2026-04-26T03:34:38+00:00,-10.8125166667,141.050708333,,Other,AIS gap of 419.5 h,"The vessel disappeared from the AIS source feed for longer than the configured threshold. This may indicate intentional disabling, poor coverage, equipment failure, or small-vessel below-threshold operation.","Review track before/after gap; cross-check RF, SAR, patrol and VMS sources. Note whether the gap area coincides with known IUU activity.",Previous point 2026-04-08T16:06:26+00:00 → current point 2026-04-26T03:34:38+00:00 (419.5 h silence).,2026-04
BKB-0277,AIS_GAP,HIGH,95,38521784112,2026-04-04T23:26:02+00:00,-9.49145166667,141.815421667,,Unknown,AIS gap of 15.7 h,"The vessel disappeared from the AIS source feed for longer than the configured threshold. This may indicate intentional disabling, poor coverage, equipment failure, or small-vessel below-threshold operation.","Review track before/after gap; cross-check RF, SAR, patrol and VMS sources. Note whether the gap area coincides with known IUU activity.",Previous point 2026-04-04T07:41:20+00:00 → current point 2026-04-04T23:26:02+00:00 (15.7 h silence).,2026-04
BKB-0278,AIS_GAP,HIGH,95,38521784112,2026-04-09T06:40:16+00:00,-9.74901,141.080843333,,Unknown,AIS gap of 103.2 h,"The vessel disappeared from the AIS source feed for longer than the configured threshold. This may indicate intentional disabling, poor coverage, equipment failure, or small-vessel below-threshold operation.","Review track before/after gap; cross-check RF, SAR, patrol and VMS sources. Note whether the gap area coincides with known IUU activity.",Previous point 2026-04-04T23:26:02+00:00 → current point 2026-04-09T06:40:16+00:00 (103.2 h silence).,2026-04
BKB-0279,AIS_GAP,HIGH,88,38521784112,2026-04-09T22:03:55+00:00,-9.66758166667,141.163691667,,Unknown,AIS gap of 9.3 h,"The vessel disappeared from the AIS source feed for longer than the configured threshold. This may indicate intentional disabling, poor coverage, equipment failure, or small-vessel below-threshold operation.","Review track before/after gap; cross-check RF, SAR, patrol and VMS sources. Note whether the gap area coincides with known IUU activity.",Previous point 2026-04-09T12:43:52+00:00 → current point 2026-04-09T22:03:55+00:00 (9.3 h silence).,2026-04
BKB-0280,AIS_GAP,HIGH,95,38521784112,2026-04-10T23:04:51+00:00,-9.69355833333,141.142698333,,Unknown,AIS gap of 19.3 h,"The vessel disappeared from the AIS source feed for longer than the configured threshold. This may indicate intentional disabling, poor coverage, equipment failure, or small-vessel below-threshold operation.","Review track before/after gap; cross-check RF, SAR, patrol and VMS sources. Note whether the gap area coincides with known IUU activity.",Previous point 2026-04-10T03:47:35+00:00 → current point 2026-04-10T23:04:51+00:00 (19.3 h silence).,2026-04
BKB-0281,AIS_GAP,HIGH,95,38521784112,2026-04-15T10:37:53+00:00,-9.74679,141.091693333,,Unknown,AIS gap of 107.6 h,"The vessel disappeared from the AIS source feed for longer than the configured threshold. This may indicate intentional disabling, poor coverage, equipment failure, or small-vessel below-threshold operation.","Review track before/after gap; cross-check RF, SAR, patrol and VMS sources. Note whether the gap area coincides with known IUU activity.",Previous point 2026-04-10T23:04:51+00:00 → current point 2026-04-15T10:37:53+00:00 (107.6 h silence).,2026-04
BKB-0282,AIS_GAP,HIGH,95,38521784112,2026-04-20T12:50:56+00:00,-9.66311166667,141.376505,,Unknown,AIS gap of 122.2 h,"The vessel disappeared from the AIS source feed for longer than the configured threshold. This may indicate intentional disabling, poor coverage, equipment failure, or small-vessel below-threshold operation.","Review track before/after gap; cross-check RF, SAR, patrol and VMS sources. Note whether the gap area coincides with known IUU activity.",Previous point 2026-04-15T10:37:53+00:00 → current point 2026-04-20T12:50:56+00:00 (122.2 h silence).,2026-04
BKB-0283,AIS_GAP,HIGH,95,38688437021,2026-04-05T13:29:59+00:00,-11.3833333333,141.92,,Unknown,AIS gap of 72.3 h,"The vessel disappeared from the AIS source feed for longer than the configured threshold. This may indicate intentional disabling, poor coverage, equipment failure, or small-vessel below-threshold operation.","Review track before/after gap; cross-check RF, SAR, patrol and VMS sources. Note whether the gap area coincides with known IUU activity.",Previous point 2026-04-02T13:10:12+00:00 → current point 2026-04-05T13:29:59+00:00 (72.3 h silence).,2026-04
BKB-0284,AIS_GAP,HIGH,95,38688437021,2026-04-08T12:48:14+00:00,-11.3466666667,142.0,,Unknown,AIS gap of 71.3 h,"The vessel disappeared from the AIS source feed for longer than the configured threshold. This may indicate intentional disabling, poor coverage, equipment failure, or small-vessel below-threshold operation.","Review track before/after gap; cross-check RF, SAR, patrol and VMS sources. Note whether the gap area coincides with known IUU activity.",Previous point 2026-04-05T13:29:59+00:00 → current point 2026-04-08T12:48:14+00:00 (71.3 h silence).,2026-04
BKB-0285,AIS_GAP,HIGH,83,38688437021,2026-04-08T21:30:11+00:00,-11.4933333333,141.973333333,,Unknown,AIS gap of 8.7 h,"The vessel disappeared from the AIS source feed for longer than the configured threshold. This may indicate intentional disabling, poor coverage, equipment failure, or small-vessel below-threshold operation.","Review track before/after gap; cross-check RF, SAR, patrol and VMS sources. Note whether the gap area coincides with known IUU activity.",Previous point 2026-04-08T12:48:14+00:00 → current point 2026-04-08T21:30:11+00:00 (8.7 h silence).,2026-04
BKB-0286,AIS_GAP,HIGH,94,38688437021,2026-04-09T07:36:09+00:00,-11.47,141.946666667,,Unknown,AIS gap of 10.1 h,"The vessel disappeared from the AIS source feed for longer than the configured threshold. This may indicate intentional disabling, poor coverage, equipment failure, or small-vessel below-threshold operation.","Review track before/after gap; cross-check RF, SAR, patrol and VMS sources. Note whether the gap area coincides with known IUU activity.",Previous point 2026-04-08T21:30:11+00:00 → current point 2026-04-09T07:36:09+00:00 (10.1 h silence).,2026-04
BKB-0287,AIS_GAP,HIGH,82,399878,2026-04-01T18:22:34+00:00,-10.5861616667,142.221436667,,Pilot,AIS gap of 9.4 h,"The vessel disappeared from the AIS source feed for longer than the configured threshold. This may indicate intentional disabling, poor coverage, equipment failure, or small-vessel below-threshold operation.","Review track before/after gap; cross-check RF, SAR, patrol and VMS sources. Note whether the gap area coincides with known IUU activity.",Previous point 2026-04-01T08:56:46+00:00 → current point 2026-04-01T18:22:34+00:00 (9.4 h silence).,2026-04
BKB-0288,AIS_GAP,HIGH,95,399878,2026-04-02T19:02:35+00:00,-10.5862716667,142.221506667,,Pilot,AIS gap of 11.9 h,"The vessel disappeared from the AIS source feed for longer than the configured threshold. This may indicate intentional disabling, poor coverage, equipment failure, or small-vessel below-threshold operation.","Review track before/after gap; cross-check RF, SAR, patrol and VMS sources. Note whether the gap area coincides with known IUU activity.",Previous point 2026-04-02T07:07:10+00:00 → current point 2026-04-02T19:02:35+00:00 (11.9 h silence).,2026-04
BKB-0289,AIS_GAP,MEDIUM,56,399878,2026-04-03T05:39:57+00:00,-10.5863666667,142.221508333,,Pilot,AIS gap of 6.2 h,"The vessel disappeared from the AIS source feed for longer than the configured threshold. This may indicate intentional disabling, poor coverage, equipment failure, or small-vessel below-threshold operation.","Review track before/after gap; cross-check RF, SAR, patrol and VMS sources. Note whether the gap area coincides with known IUU activity.",Previous point 2026-04-02T23:27:27+00:00 → current point 2026-04-03T05:39:57+00:00 (6.2 h silence).,2026-04
BKB-0290,AIS_GAP,HIGH,93,399878,2026-04-03T19:40:14+00:00,-10.5862616667,142.221518333,,Pilot,AIS gap of 10.8 h,"The vessel disappeared from the AIS source feed for longer than the configured threshold. This may indicate intentional disabling, poor coverage, equipment failure, or small-vessel below-threshold operation.","Review track before/after gap; cross-check RF, SAR, patrol and VMS sources. Note whether the gap area coincides with known IUU activity.",Previous point 2026-04-03T08:49:42+00:00 → current point 2026-04-03T19:40:14+00:00 (10.8 h silence).,2026-04
BKB-0291,AIS_GAP,HIGH,95,399878,2026-04-04T18:48:16+00:00,-10.5862633333,142.221478333,,Pilot,AIS gap of 14.2 h,"The vessel disappeared from the AIS source feed for longer than the configured threshold. This may indicate intentional disabling, poor coverage, equipment failure, or small-vessel below-threshold operation.","Review track before/after gap; cross-check RF, SAR, patrol and VMS sources. Note whether the gap area coincides with known IUU activity.",Previous point 2026-04-04T04:39:13+00:00 → current point 2026-04-04T18:48:16+00:00 (14.2 h silence).,2026-04
BKB-0292,AIS_GAP,HIGH,95,399878,2026-04-05T18:39:51+00:00,-10.5862766667,142.221486667,,Pilot,AIS gap of 20.7 h,"The vessel disappeared from the AIS source feed for longer than the configured threshold. This may indicate intentional disabling, poor coverage, equipment failure, or small-vessel below-threshold operation.","Review track before/after gap; cross-check RF, SAR, patrol and VMS sources. Note whether the gap area coincides with known IUU activity.",Previous point 2026-04-04T21:54:52+00:00 → current point 2026-04-05T18:39:51+00:00 (20.7 h silence).,2026-04
BKB-0293,AIS_GAP,HIGH,84,399878,2026-04-06T05:25:16+00:00,-10.5863333333,142.221506667,,Pilot,AIS gap of 9.7 h,"The vessel disappeared from the AIS source feed for longer than the configured threshold. This may indicate intentional disabling, poor coverage, equipment failure, or small-vessel below-threshold operation.","Review track before/after gap; cross-check RF, SAR, patrol and VMS sources. Note whether the gap area coincides with known IUU activity.",Previous point 2026-04-05T19:44:45+00:00 → current point 2026-04-06T05:25:16+00:00 (9.7 h silence).,2026-04
BKB-0294,AIS_GAP,HIGH,95,399878,2026-04-07T11:05:15+00:00,-10.5862333333,142.221528333,,Pilot,AIS gap of 26.5 h,"The vessel disappeared from the AIS source feed for longer than the configured threshold. This may indicate intentional disabling, poor coverage, equipment failure, or small-vessel below-threshold operation.","Review track before/after gap; cross-check RF, SAR, patrol and VMS sources. Note whether the gap area coincides with known IUU activity.",Previous point 2026-04-06T08:34:33+00:00 → current point 2026-04-07T11:05:15+00:00 (26.5 h silence).,2026-04
BKB-0295,AIS_GAP,HIGH,95,399878,2026-04-09T01:10:35+00:00,-10.5862833333,142.2215,,Pilot,AIS gap of 16.0 h,"The vessel disappeared from the AIS source feed for longer than the configured threshold. This may indicate intentional disabling, poor coverage, equipment failure, or small-vessel below-threshold operation.","Review track before/after gap; cross-check RF, SAR, patrol and VMS sources. Note whether the gap area coincides with known IUU activity.",Previous point 2026-04-08T09:12:17+00:00 → current point 2026-04-09T01:10:35+00:00 (16.0 h silence).,2026-04
BKB-0296,AIS_GAP,HIGH,95,399878,2026-04-09T20:37:07+00:00,-10.5862716667,142.22148,,Pilot,AIS gap of 14.9 h,"The vessel disappeared from the AIS source feed for longer than the configured threshold. This may indicate intentional disabling, poor coverage, equipment failure, or small-vessel below-threshold operation.","Review track before/after gap; cross-check RF, SAR, patrol and VMS sources. Note whether the gap area coincides with known IUU activity.",Previous point 2026-04-09T05:44:42+00:00 → current point 2026-04-09T20:37:07+00:00 (14.9 h silence).,2026-04
BKB-0297,AIS_GAP,MEDIUM,59,399878,2026-04-10T13:33:52+00:00,-10.5862616667,142.221491667,,Pilot,AIS gap of 6.6 h,"The vessel disappeared from the AIS source feed for longer than the configured threshold. This may indicate intentional disabling, poor coverage, equipment failure, or small-vessel below-threshold operation.","Review track before/after gap; cross-check RF, SAR, patrol and VMS sources. Note whether the gap area coincides with known IUU activity.",Previous point 2026-04-10T06:57:05+00:00 → current point 2026-04-10T13:33:52+00:00 (6.6 h silence).,2026-04
BKB-0298,AIS_GAP,HIGH,95,399878,2026-04-11T00:54:33+00:00,-10.58391,142.242428333,,Pilot,AIS gap of 11.3 h,"The vessel disappeared from the AIS source feed for longer than the configured threshold. This may indicate intentional disabling, poor coverage, equipment failure, or small-vessel below-threshold operation.","Review track before/after gap; cross-check RF, SAR, patrol and VMS sources. Note whether the gap area coincides with known IUU activity.",Previous point 2026-04-10T13:33:52+00:00 → current point 2026-04-11T00:54:33+00:00 (11.3 h silence).,2026-04
BKB-0299,AIS_GAP,HIGH,95,399878,2026-04-11T17:02:03+00:00,-10.586265,142.221506667,,Pilot,AIS gap of 15.1 h,"The vessel disappeared from the AIS source feed for longer than the configured threshold. This may indicate intentional disabling, poor coverage, equipment failure, or small-vessel below-threshold operation.","Review track before/after gap; cross-check RF, SAR, patrol and VMS sources. Note whether the gap area coincides with known IUU activity.",Previous point 2026-04-11T01:54:33+00:00 → current point 2026-04-11T17:02:03+00:00 (15.1 h silence).,2026-04
BKB-0300,AIS_GAP,HIGH,95,399878,2026-04-12T06:49:05+00:00,-10.5863,142.221506667,,Pilot,AIS gap of 11.6 h,"The vessel disappeared from the AIS source feed for longer than the configured threshold. This may indicate intentional disabling, poor coverage, equipment failure, or small-vessel below-threshold operation.","Review track before/after gap; cross-check RF, SAR, patrol and VMS sources. Note whether the gap area coincides with known IUU activity.",Previous point 2026-04-11T19:14:57+00:00 → current point 2026-04-12T06:49:05+00:00 (11.6 h silence).,2026-04
BKB-0301,AIS_GAP,HIGH,95,399878,2026-04-13T14:01:50+00:00,-10.5863133333,142.221475,,Pilot,AIS gap of 22.5 h,"The vessel disappeared from the AIS source feed for longer than the configured threshold. This may indicate intentional disabling, poor coverage, equipment failure, or small-vessel below-threshold operation.","Review track before/after gap; cross-check RF, SAR, patrol and VMS sources. Note whether the gap area coincides with known IUU activity.",Previous point 2026-04-12T15:34:41+00:00 → current point 2026-04-13T14:01:50+00:00 (22.5 h silence).,2026-04
BKB-0302,AIS_GAP,HIGH,82,399878,2026-04-14T02:31:26+00:00,-10.586315,142.22149,,Pilot,AIS gap of 9.4 h,"The vessel disappeared from the AIS source feed for longer than the configured threshold. This may indicate intentional disabling, poor coverage, equipment failure, or small-vessel below-threshold operation.","Review track before/after gap; cross-check RF, SAR, patrol and VMS sources. Note whether the gap area coincides with known IUU activity.",Previous point 2026-04-13T17:04:43+00:00 → current point 2026-04-14T02:31:26+00:00 (9.4 h silence).,2026-04
BKB-0303,AIS_GAP,HIGH,95,399878,2026-04-15T01:27:47+00:00,-10.58629,142.221456667,,Pilot,AIS gap of 20.8 h,"The vessel disappeared from the AIS source feed for longer than the configured threshold. This may indicate intentional disabling, poor coverage, equipment failure, or small-vessel below-threshold operation.","Review track before/after gap; cross-check RF, SAR, patrol and VMS sources. Note whether the gap area coincides with known IUU activity.",Previous point 2026-04-14T04:41:15+00:00 → current point 2026-04-15T01:27:47+00:00 (20.8 h silence).,2026-04
BKB-0304,AIS_GAP,HIGH,95,399878,2026-04-15T20:34:17+00:00,-10.5861683333,142.221421667,,Pilot,AIS gap of 16.1 h,"The vessel disappeared from the AIS source feed for longer than the configured threshold. This may indicate intentional disabling, poor coverage, equipment failure, or small-vessel below-threshold operation.","Review track before/after gap; cross-check RF, SAR, patrol and VMS sources. Note whether the gap area coincides with known IUU activity.",Previous point 2026-04-15T04:31:12+00:00 → current point 2026-04-15T20:34:17+00:00 (16.1 h silence).,2026-04
BKB-0305,AIS_GAP,MEDIUM,61,399878,2026-04-16T20:34:41+00:00,-10.586165,142.221438333,,Pilot,AIS gap of 6.8 h,"The vessel disappeared from the AIS source feed for longer than the configured threshold. This may indicate intentional disabling, poor coverage, equipment failure, or small-vessel below-threshold operation.","Review track before/after gap; cross-check RF, SAR, patrol and VMS sources. Note whether the gap area coincides with known IUU activity.",Previous point 2026-04-16T13:44:53+00:00 → current point 2026-04-16T20:34:41+00:00 (6.8 h silence).,2026-04
BKB-0306,AIS_GAP,HIGH,95,399878,2026-04-17T18:34:55+00:00,-10.5866316667,142.219675,,Pilot,AIS gap of 13.7 h,"The vessel disappeared from the AIS source feed for longer than the configured threshold. This may indicate intentional disabling, poor coverage, equipment failure, or small-vessel below-threshold operation.","Review track before/after gap; cross-check RF, SAR, patrol and VMS sources. Note whether the gap area coincides with known IUU activity.",Previous point 2026-04-17T04:52:47+00:00 → current point 2026-04-17T18:34:55+00:00 (13.7 h silence).,2026-04
BKB-0307,AIS_GAP,HIGH,95,399878,2026-04-18T22:43:50+00:00,-10.592165,142.2155,,Pilot,AIS gap of 26.0 h,"The vessel disappeared from the AIS source feed for longer than the configured threshold. This may indicate intentional disabling, poor coverage, equipment failure, or small-vessel below-threshold operation.","Review track before/after gap; cross-check RF, SAR, patrol and VMS sources. Note whether the gap area coincides with known IUU activity.",Previous point 2026-04-17T20:46:22+00:00 → current point 2026-04-18T22:43:50+00:00 (26.0 h silence).,2026-04
BKB-0308,AIS_GAP,HIGH,95,399878,2026-04-20T03:49:19+00:00,-10.586635,142.219671667,,Pilot,AIS gap of 23.1 h,"The vessel disappeared from the AIS source feed for longer than the configured threshold. This may indicate intentional disabling, poor coverage, equipment failure, or small-vessel below-threshold operation.","Review track before/after gap; cross-check RF, SAR, patrol and VMS sources. Note whether the gap area coincides with known IUU activity.",Previous point 2026-04-19T04:44:16+00:00 → current point 2026-04-20T03:49:19+00:00 (23.1 h silence).,2026-04
BKB-0309,AIS_GAP,HIGH,95,399878,2026-04-21T04:00:46+00:00,-10.58667,142.219681667,,Pilot,AIS gap of 22.2 h,"The vessel disappeared from the AIS source feed for longer than the configured threshold. This may indicate intentional disabling, poor coverage, equipment failure, or small-vessel below-threshold operation.","Review track before/after gap; cross-check RF, SAR, patrol and VMS sources. Note whether the gap area coincides with known IUU activity.",Previous point 2026-04-20T05:49:43+00:00 → current point 2026-04-21T04:00:46+00:00 (22.2 h silence).,2026-04
BKB-0310,AIS_GAP,HIGH,95,399878,2026-04-22T04:58:29+00:00,-10.58666,142.21968,,Pilot,AIS gap of 19.2 h,"The vessel disappeared from the AIS source feed for longer than the configured threshold. This may indicate intentional disabling, poor coverage, equipment failure, or small-vessel below-threshold operation.","Review track before/after gap; cross-check RF, SAR, patrol and VMS sources. Note whether the gap area coincides with known IUU activity.",Previous point 2026-04-21T09:47:34+00:00 → current point 2026-04-22T04:58:29+00:00 (19.2 h silence).,2026-04
BKB-0311,AIS_GAP,HIGH,95,399878,2026-04-23T08:15:41+00:00,-10.5866683333,142.219673333,,Pilot,AIS gap of 24.2 h,"The vessel disappeared from the AIS source feed for longer than the configured threshold. This may indicate intentional disabling, poor coverage, equipment failure, or small-vessel below-threshold operation.","Review track before/after gap; cross-check RF, SAR, patrol and VMS sources. Note whether the gap area coincides with known IUU activity.",Previous point 2026-04-22T08:06:00+00:00 → current point 2026-04-23T08:15:41+00:00 (24.2 h silence).,2026-04
BKB-0312,AIS_GAP,HIGH,95,399878,2026-04-25T07:08:22+00:00,-10.5918183333,142.211008333,,Pilot,AIS gap of 44.7 h,"The vessel disappeared from the AIS source feed for longer than the configured threshold. This may indicate intentional disabling, poor coverage, equipment failure, or small-vessel below-threshold operation.","Review track before/after gap; cross-check RF, SAR, patrol and VMS sources. Note whether the gap area coincides with known IUU activity.",Previous point 2026-04-23T10:24:31+00:00 → current point 2026-04-25T07:08:22+00:00 (44.7 h silence).,2026-04
BKB-0313,AIS_GAP,HIGH,95,399878,2026-04-26T04:33:27+00:00,-10.5866933333,142.219668333,,Pilot,AIS gap of 18.2 h,"The vessel disappeared from the AIS source feed for longer than the configured threshold. This may indicate intentional disabling, poor coverage, equipment failure, or small-vessel below-threshold operation.","Review track before/after gap; cross-check RF, SAR, patrol and VMS sources. Note whether the gap area coincides with known IUU activity.",Previous point 2026-04-25T10:24:14+00:00 → current point 2026-04-26T04:33:27+00:00 (18.2 h silence).,2026-04
BKB-0314,AIS_GAP,HIGH,89,399878,2026-04-26T20:07:01+00:00,-10.5866183333,142.219663333,,Pilot,AIS gap of 10.3 h,"The vessel disappeared from the AIS source feed for longer than the configured threshold. This may indicate intentional disabling, poor coverage, equipment failure, or small-vessel below-threshold operation.","Review track before/after gap; cross-check RF, SAR, patrol and VMS sources. Note whether the gap area coincides with known IUU activity.",Previous point 2026-04-26T09:48:02+00:00 → current point 2026-04-26T20:07:01+00:00 (10.3 h silence).,2026-04
BKB-0315,AIS_GAP,MEDIUM,57,399878,2026-04-27T05:40:07+00:00,-10.5862366667,142.221468333,,Pilot,AIS gap of 6.3 h,"The vessel disappeared from the AIS source feed for longer than the configured threshold. This may indicate intentional disabling, poor coverage, equipment failure, or small-vessel below-threshold operation.","Review track before/after gap; cross-check RF, SAR, patrol and VMS sources. Note whether the gap area coincides with known IUU activity.",Previous point 2026-04-26T23:24:56+00:00 → current point 2026-04-27T05:40:07+00:00 (6.3 h silence).,2026-04
BKB-0316,AIS_GAP,HIGH,95,399878,2026-04-28T21:46:03+00:00,-10.5862016667,142.221476667,,Pilot,AIS gap of 26.9 h,"The vessel disappeared from the AIS source feed for longer than the configured threshold. This may indicate intentional disabling, poor coverage, equipment failure, or small-vessel below-threshold operation.","Review track before/after gap; cross-check RF, SAR, patrol and VMS sources. Note whether the gap area coincides with known IUU activity.",Previous point 2026-04-27T18:49:49+00:00 → current point 2026-04-28T21:46:03+00:00 (26.9 h silence).,2026-04
BKB-0317,AIS_GAP,MEDIUM,62,399878,2026-04-29T07:53:12+00:00,-10.586245,142.221473333,,Pilot,AIS gap of 6.9 h,"The vessel disappeared from the AIS source feed for longer than the configured threshold. This may indicate intentional disabling, poor coverage, equipment failure, or small-vessel below-threshold operation.","Review track before/after gap; cross-check RF, SAR, patrol and VMS sources. Note whether the gap area coincides with known IUU activity.",Previous point 2026-04-29T00:59:11+00:00 → current point 2026-04-29T07:53:12+00:00 (6.9 h silence).,2026-04
BKB-0318,AIS_GAP,HIGH,95,40410511781,2026-04-28T23:34:08+00:00,-10.6011483333,142.23758,,Sailing,AIS gap of 21.6 h,"The vessel disappeared from the AIS source feed for longer than the configured threshold. This may indicate intentional disabling, poor coverage, equipment failure, or small-vessel below-threshold operation.","Review track before/after gap; cross-check RF, SAR, patrol and VMS sources. Note whether the gap area coincides with known IUU activity.",Previous point 2026-04-28T01:59:54+00:00 → current point 2026-04-28T23:34:08+00:00 (21.6 h silence).,2026-04
BKB-0319,AIS_GAP,HIGH,95,40799974140,2026-04-08T15:03:25+00:00,-9.32266166667,141.886078333,,Unknown,AIS gap of 15.9 h,"The vessel disappeared from the AIS source feed for longer than the configured threshold. This may indicate intentional disabling, poor coverage, equipment failure, or small-vessel below-threshold operation.","Review track before/after gap; cross-check RF, SAR, patrol and VMS sources. Note whether the gap area coincides with known IUU activity.",Previous point 2026-04-07T23:10:46+00:00 → current point 2026-04-08T15:03:25+00:00 (15.9 h silence).,2026-04
BKB-0320,AIS_GAP,HIGH,95,40799974140,2026-04-09T07:43:15+00:00,-9.35999666667,141.822558333,,Unknown,AIS gap of 16.7 h,"The vessel disappeared from the AIS source feed for longer than the configured threshold. This may indicate intentional disabling, poor coverage, equipment failure, or small-vessel below-threshold operation.","Review track before/after gap; cross-check RF, SAR, patrol and VMS sources. Note whether the gap area coincides with known IUU activity.",Previous point 2026-04-08T15:03:25+00:00 → current point 2026-04-09T07:43:15+00:00 (16.7 h silence).,2026-04
BKB-0321,AIS_GAP,MEDIUM,71,40799974140,2026-04-09T18:49:02+00:00,-9.32138666667,141.905065,,Unknown,AIS gap of 7.2 h,"The vessel disappeared from the AIS source feed for longer than the configured threshold. This may indicate intentional disabling, poor coverage, equipment failure, or small-vessel below-threshold operation.","Review track before/after gap; cross-check RF, SAR, patrol and VMS sources. Note whether the gap area coincides with known IUU activity.",Previous point 2026-04-09T11:34:43+00:00 → current point 2026-04-09T18:49:02+00:00 (7.2 h silence).,2026-04
BKB-0322,AIS_GAP,HIGH,95,40799974140,2026-04-10T21:05:44+00:00,-9.33607166667,141.849438333,,Unknown,AIS gap of 22.0 h,"The vessel disappeared from the AIS source feed for longer than the configured threshold. This may indicate intentional disabling, poor coverage, equipment failure, or small-vessel below-threshold operation.","Review track before/after gap; cross-check RF, SAR, patrol and VMS sources. Note whether the gap area coincides with known IUU activity.",Previous point 2026-04-09T23:05:37+00:00 → current point 2026-04-10T21:05:44+00:00 (22.0 h silence).,2026-04
BKB-0323,AIS_GAP,MEDIUM,79,40799974140,2026-04-11T07:07:09+00:00,-9.343685,141.830718333,,Unknown,AIS gap of 8.2 h,"The vessel disappeared from the AIS source feed for longer than the configured threshold. This may indicate intentional disabling, poor coverage, equipment failure, or small-vessel below-threshold operation.","Review track before/after gap; cross-check RF, SAR, patrol and VMS sources. Note whether the gap area coincides with known IUU activity.",Previous point 2026-04-10T22:57:48+00:00 → current point 2026-04-11T07:07:09+00:00 (8.2 h silence).,2026-04
BKB-0324,AIS_GAP,HIGH,95,40799974140,2026-04-16T07:10:02+00:00,-9.59517333333,141.143358333,,Unknown,AIS gap of 120.0 h,"The vessel disappeared from the AIS source feed for longer than the configured threshold. This may indicate intentional disabling, poor coverage, equipment failure, or small-vessel below-threshold operation.","Review track before/after gap; cross-check RF, SAR, patrol and VMS sources. Note whether the gap area coincides with known IUU activity.",Previous point 2026-04-11T07:07:09+00:00 → current point 2026-04-16T07:10:02+00:00 (120.0 h silence).,2026-04
BKB-0325,AIS_GAP,HIGH,95,40799974140,2026-04-20T11:57:50+00:00,-9.69552333333,141.576265,,Unknown,AIS gap of 95.8 h,"The vessel disappeared from the AIS source feed for longer than the configured threshold. This may indicate intentional disabling, poor coverage, equipment failure, or small-vessel below-threshold operation.","Review track before/after gap; cross-check RF, SAR, patrol and VMS sources. Note whether the gap area coincides with known IUU activity.",Previous point 2026-04-16T12:08:38+00:00 → current point 2026-04-20T11:57:50+00:00 (95.8 h silence).,2026-04
BKB-0326,AIS_GAP,HIGH,95,40799974140,2026-04-21T18:03:24+00:00,-9.776965,141.564958333,,Unknown,AIS gap of 30.1 h,"The vessel disappeared from the AIS source feed for longer than the configured threshold. This may indicate intentional disabling, poor coverage, equipment failure, or small-vessel below-threshold operation.","Review track before/after gap; cross-check RF, SAR, patrol and VMS sources. Note whether the gap area coincides with known IUU activity.",Previous point 2026-04-20T11:57:50+00:00 → current point 2026-04-21T18:03:24+00:00 (30.1 h silence).,2026-04
BKB-0327,AIS_GAP,HIGH,95,40799974140,2026-04-24T19:35:44+00:00,-9.79723166667,141.581491667,,Unknown,AIS gap of 73.5 h,"The vessel disappeared from the AIS source feed for longer than the configured threshold. This may indicate intentional disabling, poor coverage, equipment failure, or small-vessel below-threshold operation.","Review track before/after gap; cross-check RF, SAR, patrol and VMS sources. Note whether the gap area coincides with known IUU activity.",Previous point 2026-04-21T18:03:24+00:00 → current point 2026-04-24T19:35:44+00:00 (73.5 h silence).,2026-04
BKB-0328,AIS_GAP,HIGH,95,40799974140,2026-04-25T17:21:36+00:00,-9.78828333333,141.578451667,,Unknown,AIS gap of 21.8 h,"The vessel disappeared from the AIS source feed for longer than the configured threshold. This may indicate intentional disabling, poor coverage, equipment failure, or small-vessel below-threshold operation.","Review track before/after gap; cross-check RF, SAR, patrol and VMS sources. Note whether the gap area coincides with known IUU activity.",Previous point 2026-04-24T19:35:44+00:00 → current point 2026-04-25T17:21:36+00:00 (21.8 h silence).,2026-04
BKB-0329,AIS_GAP,HIGH,95,40799974140,2026-04-26T06:51:22+00:00,-9.85521,141.581865,,Unknown,AIS gap of 13.5 h,"The vessel disappeared from the AIS source feed for longer than the configured threshold. This may indicate intentional disabling, poor coverage, equipment failure, or small-vessel below-threshold operation.","Review track before/after gap; cross-check RF, SAR, patrol and VMS sources. Note whether the gap area coincides with known IUU activity.",Previous point 2026-04-25T17:21:36+00:00 → current point 2026-04-26T06:51:22+00:00 (13.5 h silence).,2026-04
BKB-0330,AIS_GAP,HIGH,95,40799974140,2026-04-27T06:57:55+00:00,-9.68607,141.708051667,,Unknown,AIS gap of 24.1 h,"The vessel disappeared from the AIS source feed for longer than the configured threshold. This may indicate intentional disabling, poor coverage, equipment failure, or small-vessel below-threshold operation.","Review track before/after gap; cross-check RF, SAR, patrol and VMS sources. Note whether the gap area coincides with known IUU activity.",Previous point 2026-04-26T06:51:22+00:00 → current point 2026-04-27T06:57:55+00:00 (24.1 h silence).,2026-04
BKB-0331,AIS_GAP,HIGH,95,40975386736,2026-04-24T06:17:09+00:00,-9.71869333333,141.286326667,,Unknown,AIS gap of 11.1 h,"The vessel disappeared from the AIS source feed for longer than the configured threshold. This may indicate intentional disabling, poor coverage, equipment failure, or small-vessel below-threshold operation.","Review track before/after gap; cross-check RF, SAR, patrol and VMS sources. Note whether the gap area coincides with known IUU activity.",Previous point 2026-04-23T19:13:17+00:00 → current point 2026-04-24T06:17:09+00:00 (11.1 h silence).,2026-04
BKB-0332,AIS_GAP,HIGH,95,40975386736,2026-04-24T19:33:24+00:00,-9.67669166667,141.331368333,,Unknown,AIS gap of 13.3 h,"The vessel disappeared from the AIS source feed for longer than the configured threshold. This may indicate intentional disabling, poor coverage, equipment failure, or small-vessel below-threshold operation.","Review track before/after gap; cross-check RF, SAR, patrol and VMS sources. Note whether the gap area coincides with known IUU activity.",Previous point 2026-04-24T06:17:09+00:00 → current point 2026-04-24T19:33:24+00:00 (13.3 h silence).,2026-04
BKB-0333,AIS_GAP,HIGH,95,40975386736,2026-04-27T18:27:29+00:00,-9.660515,141.33196,,Unknown,AIS gap of 70.9 h,"The vessel disappeared from the AIS source feed for longer than the configured threshold. This may indicate intentional disabling, poor coverage, equipment failure, or small-vessel below-threshold operation.","Review track before/after gap; cross-check RF, SAR, patrol and VMS sources. Note whether the gap area coincides with known IUU activity.",Previous point 2026-04-24T19:33:24+00:00 → current point 2026-04-27T18:27:29+00:00 (70.9 h silence).,2026-04
BKB-0334,AIS_GAP,HIGH,95,40975386736,2026-04-28T11:22:57+00:00,-9.70104166667,141.296425,,Unknown,AIS gap of 12.5 h,"The vessel disappeared from the AIS source feed for longer than the configured threshold. This may indicate intentional disabling, poor coverage, equipment failure, or small-vessel below-threshold operation.","Review track before/after gap; cross-check RF, SAR, patrol and VMS sources. Note whether the gap area coincides with known IUU activity.",Previous point 2026-04-27T22:54:57+00:00 → current point 2026-04-28T11:22:57+00:00 (12.5 h silence).,2026-04
BKB-0335,AIS_GAP,MEDIUM,69,40975386736,2026-04-28T18:17:36+00:00,-9.66455,141.336735,,Unknown,AIS gap of 6.9 h,"The vessel disappeared from the AIS source feed for longer than the configured threshold. This may indicate intentional disabling, poor coverage, equipment failure, or small-vessel below-threshold operation.","Review track before/after gap; cross-check RF, SAR, patrol and VMS sources. Note whether the gap area coincides with known IUU activity.",Previous point 2026-04-28T11:22:57+00:00 → current point 2026-04-28T18:17:36+00:00 (6.9 h silence).,2026-04
BKB-0336,AIS_GAP,HIGH,95,40975386736,2026-04-29T11:22:07+00:00,-9.71303333333,141.475365,,Unknown,AIS gap of 17.1 h,"The vessel disappeared from the AIS source feed for longer than the configured threshold. This may indicate intentional disabling, poor coverage, equipment failure, or small-vessel below-threshold operation.","Review track before/after gap; cross-check RF, SAR, patrol and VMS sources. Note whether the gap area coincides with known IUU activity.",Previous point 2026-04-28T18:17:36+00:00 → current point 2026-04-29T11:22:07+00:00 (17.1 h silence).,2026-04
BKB-0337,AIS_GAP,HIGH,94,40975386736,2026-04-29T21:29:03+00:00,-9.70053166667,141.48464,,Unknown,AIS gap of 10.1 h,"The vessel disappeared from the AIS source feed for longer than the configured threshold. This may indicate intentional disabling, poor coverage, equipment failure, or small-vessel below-threshold operation.","Review track before/after gap; cross-check RF, SAR, patrol and VMS sources. Note whether the gap area coincides with known IUU activity.",Previous point 2026-04-29T11:22:07+00:00 → current point 2026-04-29T21:29:03+00:00 (10.1 h silence).,2026-04
BKB-0338,AIS_GAP,HIGH,95,41485838207,2026-04-14T07:45:58+00:00,-9.55477333333,141.211571667,,Unknown,AIS gap of 139.2 h,"The vessel disappeared from the AIS source feed for longer than the configured threshold. This may indicate intentional disabling, poor coverage, equipment failure, or small-vessel below-threshold operation.","Review track before/after gap; cross-check RF, SAR, patrol and VMS sources. Note whether the gap area coincides with known IUU activity.",Previous point 2026-04-08T12:36:55+00:00 → current point 2026-04-14T07:45:58+00:00 (139.2 h silence).,2026-04
BKB-0339,AIS_GAP,HIGH,95,41490148994,2026-04-24T03:34:01+00:00,-9.691895,141.404478333,,Unknown,AIS gap of 111.6 h,"The vessel disappeared from the AIS source feed for longer than the configured threshold. This may indicate intentional disabling, poor coverage, equipment failure, or small-vessel below-threshold operation.","Review track before/after gap; cross-check RF, SAR, patrol and VMS sources. Note whether the gap area coincides with known IUU activity.",Previous point 2026-04-19T11:58:47+00:00 → current point 2026-04-24T03:34:01+00:00 (111.6 h silence).,2026-04
BKB-0340,AIS_GAP,HIGH,95,41490148994,2026-04-24T19:33:31+00:00,-9.66887166667,141.387838333,,Unknown,AIS gap of 16.0 h,"The vessel disappeared from the AIS source feed for longer than the configured threshold. This may indicate intentional disabling, poor coverage, equipment failure, or small-vessel below-threshold operation.","Review track before/after gap; cross-check RF, SAR, patrol and VMS sources. Note whether the gap area coincides with known IUU activity.",Previous point 2026-04-24T03:34:01+00:00 → current point 2026-04-24T19:33:31+00:00 (16.0 h silence).,2026-04
BKB-0341,AIS_GAP,HIGH,95,41490148994,2026-04-25T11:36:02+00:00,-9.68718333333,141.359251667,,Unknown,AIS gap of 16.0 h,"The vessel disappeared from the AIS source feed for longer than the configured threshold. This may indicate intentional disabling, poor coverage, equipment failure, or small-vessel below-threshold operation.","Review track before/after gap; cross-check RF, SAR, patrol and VMS sources. Note whether the gap area coincides with known IUU activity.",Previous point 2026-04-24T19:33:31+00:00 → current point 2026-04-25T11:36:02+00:00 (16.0 h silence).,2026-04
BKB-0342,AIS_GAP,HIGH,95,41594217903,2026-04-08T23:22:09+00:00,-10.5927766667,142.24277,,Sailing,AIS gap of 21.4 h,"The vessel disappeared from the AIS source feed for longer than the configured threshold. This may indicate intentional disabling, poor coverage, equipment failure, or small-vessel below-threshold operation.","Review track before/after gap; cross-check RF, SAR, patrol and VMS sources. Note whether the gap area coincides with known IUU activity.",Previous point 2026-04-08T02:00:03+00:00 → current point 2026-04-08T23:22:09+00:00 (21.4 h silence).,2026-04
BKB-0343,AIS_GAP,HIGH,95,4354602070,2026-04-20T15:19:50+00:00,-11.46239,142.981261667,,Cargo,AIS gap of 395.9 h,"The vessel disappeared from the AIS source feed for longer than the configured threshold. This may indicate intentional disabling, poor coverage, equipment failure, or small-vessel below-threshold operation.","Review track before/after gap; cross-check RF, SAR, patrol and VMS sources. Note whether the gap area coincides with known IUU activity.",Previous point 2026-04-04T03:24:51+00:00 → current point 2026-04-20T15:19:50+00:00 (395.9 h silence).,2026-04
BKB-0344,AIS_GAP,HIGH,95,47739248,2026-04-15T18:38:43+00:00,-11.4701116667,142.991486667,,Other,AIS gap of 314.1 h,"The vessel disappeared from the AIS source feed for longer than the configured threshold. This may indicate intentional disabling, poor coverage, equipment failure, or small-vessel below-threshold operation.","Review track before/after gap; cross-check RF, SAR, patrol and VMS sources. Note whether the gap area coincides with known IUU activity.",Previous point 2026-04-02T16:34:55+00:00 → current point 2026-04-15T18:38:43+00:00 (314.1 h silence).,2026-04
BKB-0345,AIS_GAP,HIGH,95,47739248,2026-04-20T00:49:23+00:00,-11.2344766667,141.915448333,,Other,AIS gap of 84.3 h,"The vessel disappeared from the AIS source feed for longer than the configured threshold. This may indicate intentional disabling, poor coverage, equipment failure, or small-vessel below-threshold operation.","Review track before/after gap; cross-check RF, SAR, patrol and VMS sources. Note whether the gap area coincides with known IUU activity.",Previous point 2026-04-16T12:34:03+00:00 → current point 2026-04-20T00:49:23+00:00 (84.3 h silence).,2026-04
BKB-0346,AIS_GAP,MEDIUM,66,4975107535,2026-04-02T17:36:15+00:00,-9.90726333333,144.04619,,Law_enforcement,AIS gap of 7.5 h,"The vessel disappeared from the AIS source feed for longer than the configured threshold. This may indicate intentional disabling, poor coverage, equipment failure, or small-vessel below-threshold operation.","Review track before/after gap; cross-check RF, SAR, patrol and VMS sources. Note whether the gap area coincides with known IUU activity.",Previous point 2026-04-02T10:08:13+00:00 → current point 2026-04-02T17:36:15+00:00 (7.5 h silence).,2026-04
BKB-0347,AIS_GAP,HIGH,82,4975107535,2026-04-03T03:05:14+00:00,-10.007805,143.699398333,,Law_enforcement,AIS gap of 9.5 h,"The vessel disappeared from the AIS source feed for longer than the configured threshold. This may indicate intentional disabling, poor coverage, equipment failure, or small-vessel below-threshold operation.","Review track before/after gap; cross-check RF, SAR, patrol and VMS sources. Note whether the gap area coincides with known IUU activity.",Previous point 2026-04-02T17:36:15+00:00 → current point 2026-04-03T03:05:14+00:00 (9.5 h silence).,2026-04
BKB-0348,AIS_GAP,MEDIUM,56,4975107535,2026-04-20T20:28:07+00:00,-10.170705,142.170621667,,Law_enforcement,AIS gap of 6.2 h,"The vessel disappeared from the AIS source feed for longer than the configured threshold. This may indicate intentional disabling, poor coverage, equipment failure, or small-vessel below-threshold operation.","Review track before/after gap; cross-check RF, SAR, patrol and VMS sources. Note whether the gap area coincides with known IUU activity.",Previous point 2026-04-20T14:16:07+00:00 → current point 2026-04-20T20:28:07+00:00 (6.2 h silence).,2026-04
BKB-0349,AIS_GAP,HIGH,95,4975107535,2026-04-21T21:57:15+00:00,-10.1730133333,142.126905,,Law_enforcement,AIS gap of 19.3 h,"The vessel disappeared from the AIS source feed for longer than the configured threshold. This may indicate intentional disabling, poor coverage, equipment failure, or small-vessel below-threshold operation.","Review track before/after gap; cross-check RF, SAR, patrol and VMS sources. Note whether the gap area coincides with known IUU activity.",Previous point 2026-04-21T02:40:04+00:00 → current point 2026-04-21T21:57:15+00:00 (19.3 h silence).,2026-04
BKB-0350,AIS_GAP,HIGH,95,4975107535,2026-04-23T14:58:02+00:00,-10.1704316667,142.170248333,,Law_enforcement,AIS gap of 41.0 h,"The vessel disappeared from the AIS source feed for longer than the configured threshold. This may indicate intentional disabling, poor coverage, equipment failure, or small-vessel below-threshold operation.","Review track before/after gap; cross-check RF, SAR, patrol and VMS sources. Note whether the gap area coincides with known IUU activity.",Previous point 2026-04-21T21:57:15+00:00 → current point 2026-04-23T14:58:02+00:00 (41.0 h silence).,2026-04
BKB-0351,AIS_GAP,HIGH,95,4975107535,2026-04-25T21:54:05+00:00,-10.185765,142.125258333,,Law_enforcement,AIS gap of 23.7 h,"The vessel disappeared from the AIS source feed for longer than the configured threshold. This may indicate intentional disabling, poor coverage, equipment failure, or small-vessel below-threshold operation.","Review track before/after gap; cross-check RF, SAR, patrol and VMS sources. Note whether the gap area coincides with known IUU activity.",Previous point 2026-04-24T22:14:41+00:00 → current point 2026-04-25T21:54:05+00:00 (23.7 h silence).,2026-04
BKB-0352,AIS_GAP,HIGH,95,50365633,2026-04-11T15:48:40+00:00,-11.3474283333,141.499075,,Cargo,AIS gap of 84.6 h,"The vessel disappeared from the AIS source feed for longer than the configured threshold. This may indicate intentional disabling, poor coverage, equipment failure, or small-vessel below-threshold operation.","Review track before/after gap; cross-check RF, SAR, patrol and VMS sources. Note whether the gap area coincides with known IUU activity.",Previous point 2026-04-08T03:11:31+00:00 → current point 2026-04-11T15:48:40+00:00 (84.6 h silence).,2026-04
BKB-0353,AIS_GAP,HIGH,95,50365633,2026-04-24T18:14:47+00:00,-11.3648166667,142.996965,,Cargo,AIS gap of 297.6 h,"The vessel disappeared from the AIS source feed for longer than the configured threshold. This may indicate intentional disabling, poor coverage, equipment failure, or small-vessel below-threshold operation.","Review track before/after gap; cross-check RF, SAR, patrol and VMS sources. Note whether the gap area coincides with known IUU activity.",Previous point 2026-04-12T08:39:50+00:00 → current point 2026-04-24T18:14:47+00:00 (297.6 h silence).,2026-04
BKB-0354,AIS_GAP,HIGH,95,50365633,2026-04-30T05:14:54+00:00,-11.2975983333,141.46376,,Cargo,AIS gap of 114.8 h,"The vessel disappeared from the AIS source feed for longer than the configured threshold. This may indicate intentional disabling, poor coverage, equipment failure, or small-vessel below-threshold operation.","Review track before/after gap; cross-check RF, SAR, patrol and VMS sources. Note whether the gap area coincides with known IUU activity.",Previous point 2026-04-25T10:29:48+00:00 → current point 2026-04-30T05:14:54+00:00 (114.8 h silence).,2026-04
BKB-0355,AIS_GAP,HIGH,95,5749545580,2026-04-09T21:09:59+00:00,-11.3826266667,141.449601667,,Cargo,AIS gap of 50.2 h,"The vessel disappeared from the AIS source feed for longer than the configured threshold. This may indicate intentional disabling, poor coverage, equipment failure, or small-vessel below-threshold operation.","Review track before/after gap; cross-check RF, SAR, patrol and VMS sources. Note whether the gap area coincides with known IUU activity.",Previous point 2026-04-07T18:59:51+00:00 → current point 2026-04-09T21:09:59+00:00 (50.2 h silence).,2026-04
BKB-0356,AIS_GAP,HIGH,95,5749545580,2026-04-21T21:39:52+00:00,-11.4792033333,142.978956667,,Cargo,AIS gap of 264.5 h,"The vessel disappeared from the AIS source feed for longer than the configured threshold. This may indicate intentional disabling, poor coverage, equipment failure, or small-vessel below-threshold operation.","Review track before/after gap; cross-check RF, SAR, patrol and VMS sources. Note whether the gap area coincides with known IUU activity.",Previous point 2026-04-10T21:09:48+00:00 → current point 2026-04-21T21:39:52+00:00 (264.5 h silence).,2026-04
BKB-0357,AIS_GAP,HIGH,95,5749545580,2026-04-26T16:34:33+00:00,-11.3971733333,141.524121667,,Cargo,AIS gap of 102.2 h,"The vessel disappeared from the AIS source feed for longer than the configured threshold. This may indicate intentional disabling, poor coverage, equipment failure, or small-vessel below-threshold operation.","Review track before/after gap; cross-check RF, SAR, patrol and VMS sources. Note whether the gap area coincides with known IUU activity.",Previous point 2026-04-22T10:19:35+00:00 → current point 2026-04-26T16:34:33+00:00 (102.2 h silence).,2026-04
BKB-0358,AIS_GAP,HIGH,95,6067239741,2026-04-08T13:54:21+00:00,-11.4590683333,142.078753333,,Other,AIS gap of 15.4 h,"The vessel disappeared from the AIS source feed for longer than the configured threshold. This may indicate intentional disabling, poor coverage, equipment failure, or small-vessel below-threshold operation.","Review track before/after gap; cross-check RF, SAR, patrol and VMS sources. Note whether the gap area coincides with known IUU activity.",Previous point 2026-04-07T22:29:53+00:00 → current point 2026-04-08T13:54:21+00:00 (15.4 h silence).,2026-04
BKB-0359,AIS_GAP,MEDIUM,64,6067239741,2026-04-08T20:09:53+00:00,-11.4588366667,142.078716667,,Other,AIS gap of 6.3 h,"The vessel disappeared from the AIS source feed for longer than the configured threshold. This may indicate intentional disabling, poor coverage, equipment failure, or small-vessel below-threshold operation.","Review track before/after gap; cross-check RF, SAR, patrol and VMS sources. Note whether the gap area coincides with known IUU activity.",Previous point 2026-04-08T13:54:21+00:00 → current point 2026-04-08T20:09:53+00:00 (6.3 h silence).,2026-04
BKB-0360,AIS_GAP,HIGH,95,6067239741,2026-04-09T20:34:53+00:00,-10.827565,142.670533333,,Other,AIS gap of 19.3 h,"The vessel disappeared from the AIS source feed for longer than the configured threshold. This may indicate intentional disabling, poor coverage, equipment failure, or small-vessel below-threshold operation.","Review track before/after gap; cross-check RF, SAR, patrol and VMS sources. Note whether the gap area coincides with known IUU activity.",Previous point 2026-04-09T01:17:34+00:00 → current point 2026-04-09T20:34:53+00:00 (19.3 h silence).,2026-04
BKB-0361,AIS_GAP,HIGH,95,6067239741,2026-04-30T19:56:55+00:00,-11.483485,141.900471667,,Other,AIS gap of 503.4 h,"The vessel disappeared from the AIS source feed for longer than the configured threshold. This may indicate intentional disabling, poor coverage, equipment failure, or small-vessel below-threshold operation.","Review track before/after gap; cross-check RF, SAR, patrol and VMS sources. Note whether the gap area coincides with known IUU activity.",Previous point 2026-04-09T20:34:53+00:00 → current point 2026-04-30T19:56:55+00:00 (503.4 h silence).,2026-04
BKB-0362,AIS_GAP,HIGH,95,622012888,2026-04-15T20:43:14+00:00,-10.3903383333,141.009453333,,Cargo,AIS gap of 188.5 h,"The vessel disappeared from the AIS source feed for longer than the configured threshold. This may indicate intentional disabling, poor coverage, equipment failure, or small-vessel below-threshold operation.","Review track before/after gap; cross-check RF, SAR, patrol and VMS sources. Note whether the gap area coincides with known IUU activity.",Previous point 2026-04-08T00:13:42+00:00 → current point 2026-04-15T20:43:14+00:00 (188.5 h silence).,2026-04
BKB-0363,AIS_GAP,HIGH,95,622012888,2026-04-26T12:34:54+00:00,-11.3158266667,142.988506667,,Cargo,AIS gap of 240.7 h,"The vessel disappeared from the AIS source feed for longer than the configured threshold. This may indicate intentional disabling, poor coverage, equipment failure, or small-vessel below-threshold operation.","Review track before/after gap; cross-check RF, SAR, patrol and VMS sources. Note whether the gap area coincides with known IUU activity.",Previous point 2026-04-16T11:49:55+00:00 → current point 2026-04-26T12:34:54+00:00 (240.7 h silence).,2026-04
BKB-0364,AIS_GAP,HIGH,95,6295430246,2026-04-03T13:49:50+00:00,-11.4844316667,141.837048333,,Cargo,AIS gap of 24.7 h,"The vessel disappeared from the AIS source feed for longer than the configured threshold. This may indicate intentional disabling, poor coverage, equipment failure, or small-vessel below-threshold operation.","Review track before/after gap; cross-check RF, SAR, patrol and VMS sources. Note whether the gap area coincides with known IUU activity.",Previous point 2026-04-02T13:07:27+00:00 → current point 2026-04-03T13:49:50+00:00 (24.7 h silence).,2026-04
BKB-0365,AIS_GAP,HIGH,95,6295430246,2026-04-11T22:54:44+00:00,-11.4873583333,142.936573333,,Cargo,AIS gap of 120.5 h,"The vessel disappeared from the AIS source feed for longer than the configured threshold. This may indicate intentional disabling, poor coverage, equipment failure, or small-vessel below-threshold operation.","Review track before/after gap; cross-check RF, SAR, patrol and VMS sources. Note whether the gap area coincides with known IUU activity.",Previous point 2026-04-06T22:24:53+00:00 → current point 2026-04-11T22:54:44+00:00 (120.5 h silence).,2026-04
BKB-0366,AIS_GAP,HIGH,95,6295430246,2026-04-16T04:37:12+00:00,-11.4885716667,141.943256667,,Cargo,AIS gap of 35.5 h,"The vessel disappeared from the AIS source feed for longer than the configured threshold. This may indicate intentional disabling, poor coverage, equipment failure, or small-vessel below-threshold operation.","Review track before/after gap; cross-check RF, SAR, patrol and VMS sources. Note whether the gap area coincides with known IUU activity.",Previous point 2026-04-14T17:04:17+00:00 → current point 2026-04-16T04:37:12+00:00 (35.5 h silence).,2026-04
BKB-0367,AIS_GAP,HIGH,95,6295430246,2026-04-18T10:54:54+00:00,-11.3819416667,141.875658333,,Cargo,AIS gap of 35.7 h,"The vessel disappeared from the AIS source feed for longer than the configured threshold. This may indicate intentional disabling, poor coverage, equipment failure, or small-vessel below-threshold operation.","Review track before/after gap; cross-check RF, SAR, patrol and VMS sources. Note whether the gap area coincides with known IUU activity.",Previous point 2026-04-16T23:14:53+00:00 → current point 2026-04-18T10:54:54+00:00 (35.7 h silence).,2026-04
BKB-0368,AIS_GAP,HIGH,95,6295430246,2026-04-23T15:39:55+00:00,-11.4208716667,141.965455,,Cargo,AIS gap of 44.5 h,"The vessel disappeared from the AIS source feed for longer than the configured threshold. This may indicate intentional disabling, poor coverage, equipment failure, or small-vessel below-threshold operation.","Review track before/after gap; cross-check RF, SAR, patrol and VMS sources. Note whether the gap area coincides with known IUU activity.",Previous point 2026-04-21T19:09:52+00:00 → current point 2026-04-23T15:39:55+00:00 (44.5 h silence).,2026-04
BKB-0369,AIS_GAP,HIGH,95,6295430246,2026-04-25T10:44:42+00:00,-11.3949866667,141.872326667,,Cargo,AIS gap of 25.7 h,"The vessel disappeared from the AIS source feed for longer than the configured threshold. This may indicate intentional disabling, poor coverage, equipment failure, or small-vessel below-threshold operation.","Review track before/after gap; cross-check RF, SAR, patrol and VMS sources. Note whether the gap area coincides with known IUU activity.",Previous point 2026-04-24T09:01:46+00:00 → current point 2026-04-25T10:44:42+00:00 (25.7 h silence).,2026-04
BKB-0370,AIS_GAP,HIGH,95,6295430246,2026-04-29T21:18:09+00:00,-11.3735616667,141.966775,,Cargo,AIS gap of 34.3 h,"The vessel disappeared from the AIS source feed for longer than the configured threshold. This may indicate intentional disabling, poor coverage, equipment failure, or small-vessel below-threshold operation.","Review track before/after gap; cross-check RF, SAR, patrol and VMS sources. Note whether the gap area coincides with known IUU activity.",Previous point 2026-04-28T10:58:46+00:00 → current point 2026-04-29T21:18:09+00:00 (34.3 h silence).,2026-04
BKB-0371,AIS_GAP,HIGH,95,6629,2026-04-10T22:24:49+00:00,-11.3114,142.988433333,,Cargo,AIS gap of 232.0 h,"The vessel disappeared from the AIS source feed for longer than the configured threshold. This may indicate intentional disabling, poor coverage, equipment failure, or small-vessel below-threshold operation.","Review track before/after gap; cross-check RF, SAR, patrol and VMS sources. Note whether the gap area coincides with known IUU activity.",Previous point 2026-04-01T06:24:57+00:00 → current point 2026-04-10T22:24:49+00:00 (232.0 h silence).,2026-04
BKB-0372,AIS_GAP,HIGH,95,6629,2026-04-15T02:22:56+00:00,-11.4675166667,141.49365,,Cargo,AIS gap of 85.4 h,"The vessel disappeared from the AIS source feed for longer than the configured threshold. This may indicate intentional disabling, poor coverage, equipment failure, or small-vessel below-threshold operation.","Review track before/after gap; cross-check RF, SAR, patrol and VMS sources. Note whether the gap area coincides with known IUU activity.",Previous point 2026-04-11T12:59:48+00:00 → current point 2026-04-15T02:22:56+00:00 (85.4 h silence).,2026-04
BKB-0373,AIS_GAP,HIGH,95,70551579,2026-04-20T10:12:18+00:00,-11.24358,141.786941667,,Other,AIS gap of 421.5 h,"The vessel disappeared from the AIS source feed for longer than the configured threshold. This may indicate intentional disabling, poor coverage, equipment failure, or small-vessel below-threshold operation.","Review track before/after gap; cross-check RF, SAR, patrol and VMS sources. Note whether the gap area coincides with known IUU activity.",Previous point 2026-04-02T20:40:08+00:00 → current point 2026-04-20T10:12:18+00:00 (421.5 h silence).,2026-04
BKB-0374,AIS_GAP,HIGH,95,718527613,2026-04-24T07:09:57+00:00,-9.220155,143.987698333,,Tanker,AIS gap of 555.8 h,"The vessel disappeared from the AIS source feed for longer than the configured threshold. This may indicate intentional disabling, poor coverage, equipment failure, or small-vessel below-threshold operation.","Review track before/after gap; cross-check RF, SAR, patrol and VMS sources. Note whether the gap area coincides with known IUU activity.",Previous point 2026-04-01T03:19:51+00:00 → current point 2026-04-24T07:09:57+00:00 (555.8 h silence).,2026-04
BKB-0375,AIS_GAP,HIGH,95,7625713011,2026-04-20T19:24:48+00:00,-9.23504,144.010018333,,Other,AIS gap of 102.8 h,"The vessel disappeared from the AIS source feed for longer than the configured threshold. This may indicate intentional disabling, poor coverage, equipment failure, or small-vessel below-threshold operation.","Review track before/after gap; cross-check RF, SAR, patrol and VMS sources. Note whether the gap area coincides with known IUU activity.",Previous point 2026-04-16T12:34:57+00:00 → current point 2026-04-20T19:24:48+00:00 (102.8 h silence).,2026-04
BKB-0376,AIS_GAP,HIGH,95,8339052490,2026-04-01T17:14:56+00:00,-10.04797,143.062753333,,Pilot,AIS gap of 15.4 h,"The vessel disappeared from the AIS source feed for longer than the configured threshold. This may indicate intentional disabling, poor coverage, equipment failure, or small-vessel below-threshold operation.","Review track before/after gap; cross-check RF, SAR, patrol and VMS sources. Note whether the gap area coincides with known IUU activity.",Previous point 2026-04-01T01:52:30+00:00 → current point 2026-04-01T17:14:56+00:00 (15.4 h silence).,2026-04
BKB-0377,AIS_GAP,HIGH,85,8339052490,2026-04-02T08:39:15+00:00,-10.0480816667,143.06215,,Pilot,AIS gap of 9.8 h,"The vessel disappeared from the AIS source feed for longer than the configured threshold. This may indicate intentional disabling, poor coverage, equipment failure, or small-vessel below-threshold operation.","Review track before/after gap; cross-check RF, SAR, patrol and VMS sources. Note whether the gap area coincides with known IUU activity.",Previous point 2026-04-01T22:50:55+00:00 → current point 2026-04-02T08:39:15+00:00 (9.8 h silence).,2026-04
BKB-0378,AIS_GAP,HIGH,95,8339052490,2026-04-03T07:59:08+00:00,-10.04787,143.062285,,Pilot,AIS gap of 17.8 h,"The vessel disappeared from the AIS source feed for longer than the configured threshold. This may indicate intentional disabling, poor coverage, equipment failure, or small-vessel below-threshold operation.","Review track before/after gap; cross-check RF, SAR, patrol and VMS sources. Note whether the gap area coincides with known IUU activity.",Previous point 2026-04-02T14:13:09+00:00 → current point 2026-04-03T07:59:08+00:00 (17.8 h silence).,2026-04
BKB-0379,AIS_GAP,HIGH,95,8339052490,2026-04-04T02:24:06+00:00,-10.0478783333,143.062143333,,Pilot,AIS gap of 13.0 h,"The vessel disappeared from the AIS source feed for longer than the configured threshold. This may indicate intentional disabling, poor coverage, equipment failure, or small-vessel below-threshold operation.","Review track before/after gap; cross-check RF, SAR, patrol and VMS sources. Note whether the gap area coincides with known IUU activity.",Previous point 2026-04-03T13:24:31+00:00 → current point 2026-04-04T02:24:06+00:00 (13.0 h silence).,2026-04
BKB-0380,AIS_GAP,MEDIUM,75,8339052490,2026-04-04T22:09:32+00:00,-9.712975,143.357916667,,Pilot,AIS gap of 8.6 h,"The vessel disappeared from the AIS source feed for longer than the configured threshold. This may indicate intentional disabling, poor coverage, equipment failure, or small-vessel below-threshold operation.","Review track before/after gap; cross-check RF, SAR, patrol and VMS sources. Note whether the gap area coincides with known IUU activity.",Previous point 2026-04-04T13:33:04+00:00 → current point 2026-04-04T22:09:32+00:00 (8.6 h silence).,2026-04
BKB-0381,AIS_GAP,HIGH,95,8339052490,2026-04-06T04:19:52+00:00,-10.0476633333,143.0625,,Pilot,AIS gap of 21.7 h,"The vessel disappeared from the AIS source feed for longer than the configured threshold. This may indicate intentional disabling, poor coverage, equipment failure, or small-vessel below-threshold operation.","Review track before/after gap; cross-check RF, SAR, patrol and VMS sources. Note whether the gap area coincides with known IUU activity.",Previous point 2026-04-05T06:34:53+00:00 → current point 2026-04-06T04:19:52+00:00 (21.7 h silence).,2026-04
BKB-0382,AIS_GAP,HIGH,95,8339052490,2026-04-08T09:28:14+00:00,-10.0478583333,143.062118333,,Pilot,AIS gap of 48.9 h,"The vessel disappeared from the AIS source feed for longer than the configured threshold. This may indicate intentional disabling, poor coverage, equipment failure, or small-vessel below-threshold operation.","Review track before/after gap; cross-check RF, SAR, patrol and VMS sources. Note whether the gap area coincides with known IUU activity.",Previous point 2026-04-06T08:34:17+00:00 → current point 2026-04-08T09:28:14+00:00 (48.9 h silence).,2026-04
BKB-0383,AIS_GAP,HIGH,95,8339052490,2026-04-09T12:47:07+00:00,-10.0478116667,143.06219,,Pilot,AIS gap of 16.2 h,"The vessel disappeared from the AIS source feed for longer than the configured threshold. This may indicate intentional disabling, poor coverage, equipment failure, or small-vessel below-threshold operation.","Review track before/after gap; cross-check RF, SAR, patrol and VMS sources. Note whether the gap area coincides with known IUU activity.",Previous point 2026-04-08T20:34:48+00:00 → current point 2026-04-09T12:47:07+00:00 (16.2 h silence).,2026-04
BKB-0384,AIS_GAP,HIGH,95,8339052490,2026-04-11T06:29:28+00:00,-10.04791,143.062156667,,Pilot,AIS gap of 37.3 h,"The vessel disappeared from the AIS source feed for longer than the configured threshold. This may indicate intentional disabling, poor coverage, equipment failure, or small-vessel below-threshold operation.","Review track before/after gap; cross-check RF, SAR, patrol and VMS sources. Note whether the gap area coincides with known IUU activity.",Previous point 2026-04-09T17:14:02+00:00 → current point 2026-04-11T06:29:28+00:00 (37.3 h silence).,2026-04
BKB-0385,AIS_GAP,HIGH,95,8339052490,2026-04-12T02:39:57+00:00,-10.0136433333,143.086488333,,Pilot,AIS gap of 14.7 h,"The vessel disappeared from the AIS source feed for longer than the configured threshold. This may indicate intentional disabling, poor coverage, equipment failure, or small-vessel below-threshold operation.","Review track before/after gap; cross-check RF, SAR, patrol and VMS sources. Note whether the gap area coincides with known IUU activity.",Previous point 2026-04-11T11:59:53+00:00 → current point 2026-04-12T02:39:57+00:00 (14.7 h silence).,2026-04
BKB-0386,AIS_GAP,MEDIUM,60,8339052490,2026-04-12T12:59:03+00:00,-10.0479333333,143.062421667,,Pilot,AIS gap of 6.7 h,"The vessel disappeared from the AIS source feed for longer than the configured threshold. This may indicate intentional disabling, poor coverage, equipment failure, or small-vessel below-threshold operation.","Review track before/after gap; cross-check RF, SAR, patrol and VMS sources. Note whether the gap area coincides with known IUU activity.",Previous point 2026-04-12T06:14:45+00:00 → current point 2026-04-12T12:59:03+00:00 (6.7 h silence).,2026-04
BKB-0387,AIS_GAP,HIGH,95,8339052490,2026-04-14T16:18:38+00:00,-10.0478616667,143.063005,,Pilot,AIS gap of 30.4 h,"The vessel disappeared from the AIS source feed for longer than the configured threshold. This may indicate intentional disabling, poor coverage, equipment failure, or small-vessel below-threshold operation.","Review track before/after gap; cross-check RF, SAR, patrol and VMS sources. Note whether the gap area coincides with known IUU activity.",Previous point 2026-04-13T09:54:33+00:00 → current point 2026-04-14T16:18:38+00:00 (30.4 h silence).,2026-04
BKB-0388,AIS_GAP,HIGH,95,8339052490,2026-04-16T20:53:42+00:00,-9.74587166667,143.39996,,Pilot,AIS gap of 15.7 h,"The vessel disappeared from the AIS source feed for longer than the configured threshold. This may indicate intentional disabling, poor coverage, equipment failure, or small-vessel below-threshold operation.","Review track before/after gap; cross-check RF, SAR, patrol and VMS sources. Note whether the gap area coincides with known IUU activity.",Previous point 2026-04-16T05:09:28+00:00 → current point 2026-04-16T20:53:42+00:00 (15.7 h silence).,2026-04
BKB-0389,AIS_GAP,HIGH,95,8339052490,2026-04-19T18:09:13+00:00,-10.048105,143.062528333,,Pilot,AIS gap of 15.0 h,"The vessel disappeared from the AIS source feed for longer than the configured threshold. This may indicate intentional disabling, poor coverage, equipment failure, or small-vessel below-threshold operation.","Review track before/after gap; cross-check RF, SAR, patrol and VMS sources. Note whether the gap area coincides with known IUU activity.",Previous point 2026-04-19T03:06:42+00:00 → current point 2026-04-19T18:09:13+00:00 (15.0 h silence).,2026-04
BKB-0390,AIS_GAP,HIGH,95,8339052490,2026-04-23T00:09:57+00:00,-10.586315,142.221496667,,Pilot,AIS gap of 65.6 h,"The vessel disappeared from the AIS source feed for longer than the configured threshold. This may indicate intentional disabling, poor coverage, equipment failure, or small-vessel below-threshold operation.","Review track before/after gap; cross-check RF, SAR, patrol and VMS sources. Note whether the gap area coincides with known IUU activity.",Previous point 2026-04-20T06:36:50+00:00 → current point 2026-04-23T00:09:57+00:00 (65.6 h silence).,2026-04
BKB-0391,AIS_GAP,HIGH,95,8339052490,2026-04-30T06:56:54+00:00,-10.5863216667,142.221506667,,Pilot,AIS gap of 174.8 h,"The vessel disappeared from the AIS source feed for longer than the configured threshold. This may indicate intentional disabling, poor coverage, equipment failure, or small-vessel below-threshold operation.","Review track before/after gap; cross-check RF, SAR, patrol and VMS sources. Note whether the gap area coincides with known IUU activity.",Previous point 2026-04-23T00:09:57+00:00 → current point 2026-04-30T06:56:54+00:00 (174.8 h silence).,2026-04
BKB-0392,AIS_GAP,MEDIUM,62,83852175,2026-04-01T07:04:12+00:00,-10.58633,142.221523333,,Pilot,AIS gap of 6.9 h,"The vessel disappeared from the AIS source feed for longer than the configured threshold. This may indicate intentional disabling, poor coverage, equipment failure, or small-vessel below-threshold operation.","Review track before/after gap; cross-check RF, SAR, patrol and VMS sources. Note whether the gap area coincides with known IUU activity.",Previous point 2026-04-01T00:09:52+00:00 → current point 2026-04-01T07:04:12+00:00 (6.9 h silence).,2026-04
BKB-0393,AIS_GAP,MEDIUM,57,83852175,2026-04-02T05:58:52+00:00,-10.586325,142.221508333,,Pilot,AIS gap of 6.3 h,"The vessel disappeared from the AIS source feed for longer than the configured threshold. This may indicate intentional disabling, poor coverage, equipment failure, or small-vessel below-threshold operation.","Review track before/after gap; cross-check RF, SAR, patrol and VMS sources. Note whether the gap area coincides with known IUU activity.",Previous point 2026-04-01T23:38:06+00:00 → current point 2026-04-02T05:58:52+00:00 (6.3 h silence).,2026-04
BKB-0394,AIS_GAP,HIGH,95,83852175,2026-04-10T04:46:27+00:00,-10.5862,142.221466667,,Pilot,AIS gap of 190.8 h,"The vessel disappeared from the AIS source feed for longer than the configured threshold. This may indicate intentional disabling, poor coverage, equipment failure, or small-vessel below-threshold operation.","Review track before/after gap; cross-check RF, SAR, patrol and VMS sources. Note whether the gap area coincides with known IUU activity.",Previous point 2026-04-02T05:58:52+00:00 → current point 2026-04-10T04:46:27+00:00 (190.8 h silence).,2026-04
BKB-0395,AIS_GAP,MEDIUM,61,83852175,2026-04-10T21:36:24+00:00,-10.5861783333,142.221436667,,Pilot,AIS gap of 6.9 h,"The vessel disappeared from the AIS source feed for longer than the configured threshold. This may indicate intentional disabling, poor coverage, equipment failure, or small-vessel below-threshold operation.","Review track before/after gap; cross-check RF, SAR, patrol and VMS sources. Note whether the gap area coincides with known IUU activity.",Previous point 2026-04-10T14:44:08+00:00 → current point 2026-04-10T21:36:24+00:00 (6.9 h silence).,2026-04
BKB-0396,AIS_GAP,MEDIUM,71,83852175,2026-04-11T18:30:45+00:00,-10.5861833333,142.221446667,,Pilot,AIS gap of 8.1 h,"The vessel disappeared from the AIS source feed for longer than the configured threshold. This may indicate intentional disabling, poor coverage, equipment failure, or small-vessel below-threshold operation.","Review track before/after gap; cross-check RF, SAR, patrol and VMS sources. Note whether the gap area coincides with known IUU activity.",Previous point 2026-04-11T10:24:57+00:00 → current point 2026-04-11T18:30:45+00:00 (8.1 h silence).,2026-04
BKB-0397,AIS_GAP,HIGH,95,83852175,2026-04-12T22:24:24+00:00,-10.5861733333,142.221431667,,Pilot,AIS gap of 24.7 h,"The vessel disappeared from the AIS source feed for longer than the configured threshold. This may indicate intentional disabling, poor coverage, equipment failure, or small-vessel below-threshold operation.","Review track before/after gap; cross-check RF, SAR, patrol and VMS sources. Note whether the gap area coincides with known IUU activity.",Previous point 2026-04-11T21:39:40+00:00 → current point 2026-04-12T22:24:24+00:00 (24.7 h silence).,2026-04
BKB-0398,AIS_GAP,HIGH,95,83852175,2026-04-13T14:57:53+00:00,-10.5861866667,142.221451667,,Pilot,AIS gap of 13.4 h,"The vessel disappeared from the AIS source feed for longer than the configured threshold. This may indicate intentional disabling, poor coverage, equipment failure, or small-vessel below-threshold operation.","Review track before/after gap; cross-check RF, SAR, patrol and VMS sources. Note whether the gap area coincides with known IUU activity.",Previous point 2026-04-13T01:34:43+00:00 → current point 2026-04-13T14:57:53+00:00 (13.4 h silence).,2026-04
BKB-0399,AIS_GAP,HIGH,95,83852175,2026-04-15T00:19:37+00:00,-10.5861833333,142.221431667,,Pilot,AIS gap of 28.2 h,"The vessel disappeared from the AIS source feed for longer than the configured threshold. This may indicate intentional disabling, poor coverage, equipment failure, or small-vessel below-threshold operation.","Review track before/after gap; cross-check RF, SAR, patrol and VMS sources. Note whether the gap area coincides with known IUU activity.",Previous point 2026-04-13T20:09:01+00:00 → current point 2026-04-15T00:19:37+00:00 (28.2 h silence).,2026-04
BKB-0400,AIS_GAP,MEDIUM,70,83852175,2026-04-15T11:16:09+00:00,-10.5863233333,142.22152,,Pilot,AIS gap of 7.9 h,"The vessel disappeared from the AIS source feed for longer than the configured threshold. This may indicate intentional disabling, poor coverage, equipment failure, or small-vessel below-threshold operation.","Review track before/after gap; cross-check RF, SAR, patrol and VMS sources. Note whether the gap area coincides with known IUU activity.",Previous point 2026-04-15T03:23:00+00:00 → current point 2026-04-15T11:16:09+00:00 (7.9 h silence).,2026-04
BKB-0401,AIS_GAP,HIGH,95,83852175,2026-04-16T12:15:28+00:00,-10.5863166667,142.221496667,,Pilot,AIS gap of 16.7 h,"The vessel disappeared from the AIS source feed for longer than the configured threshold. This may indicate intentional disabling, poor coverage, equipment failure, or small-vessel below-threshold operation.","Review track before/after gap; cross-check RF, SAR, patrol and VMS sources. Note whether the gap area coincides with known IUU activity.",Previous point 2026-04-15T19:34:46+00:00 → current point 2026-04-16T12:15:28+00:00 (16.7 h silence).,2026-04
BKB-0402,AIS_GAP,HIGH,95,83852175,2026-04-17T06:35:42+00:00,-10.5862916667,142.22151,,Pilot,AIS gap of 14.1 h,"The vessel disappeared from the AIS source feed for longer than the configured threshold. This may indicate intentional disabling, poor coverage, equipment failure, or small-vessel below-threshold operation.","Review track before/after gap; cross-check RF, SAR, patrol and VMS sources. Note whether the gap area coincides with known IUU activity.",Previous point 2026-04-16T16:32:27+00:00 → current point 2026-04-17T06:35:42+00:00 (14.1 h silence).,2026-04
BKB-0403,AIS_GAP,HIGH,95,83852175,2026-04-19T08:37:32+00:00,-10.5863016667,142.221503333,,Pilot,AIS gap of 11.9 h,"The vessel disappeared from the AIS source feed for longer than the configured threshold. This may indicate intentional disabling, poor coverage, equipment failure, or small-vessel below-threshold operation.","Review track before/after gap; cross-check RF, SAR, patrol and VMS sources. Note whether the gap area coincides with known IUU activity.",Previous point 2026-04-18T20:42:11+00:00 → current point 2026-04-19T08:37:32+00:00 (11.9 h silence).,2026-04
BKB-0404,AIS_GAP,HIGH,95,83852175,2026-04-20T20:38:20+00:00,-10.04805,143.062591667,,Pilot,AIS gap of 16.6 h,"The vessel disappeared from the AIS source feed for longer than the configured threshold. This may indicate intentional disabling, poor coverage, equipment failure, or small-vessel below-threshold operation.","Review track before/after gap; cross-check RF, SAR, patrol and VMS sources. Note whether the gap area coincides with known IUU activity.",Previous point 2026-04-20T03:59:47+00:00 → current point 2026-04-20T20:38:20+00:00 (16.6 h silence).,2026-04
BKB-0405,AIS_GAP,HIGH,86,83852175,2026-04-21T14:39:31+00:00,-10.0479016667,143.062153333,,Pilot,AIS gap of 10.0 h,"The vessel disappeared from the AIS source feed for longer than the configured threshold. This may indicate intentional disabling, poor coverage, equipment failure, or small-vessel below-threshold operation.","Review track before/after gap; cross-check RF, SAR, patrol and VMS sources. Note whether the gap area coincides with known IUU activity.",Previous point 2026-04-21T04:42:06+00:00 → current point 2026-04-21T14:39:31+00:00 (10.0 h silence).,2026-04
BKB-0406,AIS_GAP,MEDIUM,61,83852175,2026-04-22T06:54:37+00:00,-10.0491083333,143.063936667,,Pilot,AIS gap of 6.8 h,"The vessel disappeared from the AIS source feed for longer than the configured threshold. This may indicate intentional disabling, poor coverage, equipment failure, or small-vessel below-threshold operation.","Review track before/after gap; cross-check RF, SAR, patrol and VMS sources. Note whether the gap area coincides with known IUU activity.",Previous point 2026-04-22T00:04:55+00:00 → current point 2026-04-22T06:54:37+00:00 (6.8 h silence).,2026-04
BKB-0407,AIS_GAP,HIGH,95,83852175,2026-04-23T22:54:55+00:00,-10.0492433333,143.06392,,Pilot,AIS gap of 37.3 h,"The vessel disappeared from the AIS source feed for longer than the configured threshold. This may indicate intentional disabling, poor coverage, equipment failure, or small-vessel below-threshold operation.","Review track before/after gap; cross-check RF, SAR, patrol and VMS sources. Note whether the gap area coincides with known IUU activity.",Previous point 2026-04-22T09:39:19+00:00 → current point 2026-04-23T22:54:55+00:00 (37.3 h silence).,2026-04
BKB-0408,AIS_GAP,HIGH,89,83852175,2026-04-24T09:14:53+00:00,-10.04788,143.06207,,Pilot,AIS gap of 10.3 h,"The vessel disappeared from the AIS source feed for longer than the configured threshold. This may indicate intentional disabling, poor coverage, equipment failure, or small-vessel below-threshold operation.","Review track before/after gap; cross-check RF, SAR, patrol and VMS sources. Note whether the gap area coincides with known IUU activity.",Previous point 2026-04-23T22:54:55+00:00 → current point 2026-04-24T09:14:53+00:00 (10.3 h silence).,2026-04
BKB-0409,AIS_GAP,HIGH,95,83852175,2026-04-25T19:33:31+00:00,-10.0478916667,143.062121667,,Pilot,AIS gap of 18.7 h,"The vessel disappeared from the AIS source feed for longer than the configured threshold. This may indicate intentional disabling, poor coverage, equipment failure, or small-vessel below-threshold operation.","Review track before/after gap; cross-check RF, SAR, patrol and VMS sources. Note whether the gap area coincides with known IUU activity.",Previous point 2026-04-25T00:54:17+00:00 → current point 2026-04-25T19:33:31+00:00 (18.7 h silence).,2026-04
BKB-0410,AIS_GAP,HIGH,95,83852175,2026-04-27T05:39:55+00:00,-10.047875,143.062148333,,Pilot,AIS gap of 29.0 h,"The vessel disappeared from the AIS source feed for longer than the configured threshold. This may indicate intentional disabling, poor coverage, equipment failure, or small-vessel below-threshold operation.","Review track before/after gap; cross-check RF, SAR, patrol and VMS sources. Note whether the gap area coincides with known IUU activity.",Previous point 2026-04-26T00:37:26+00:00 → current point 2026-04-27T05:39:55+00:00 (29.0 h silence).,2026-04
BKB-0411,AIS_GAP,MEDIUM,71,83852175,2026-04-27T17:17:12+00:00,-10.047715,143.062595,,Pilot,AIS gap of 8.0 h,"The vessel disappeared from the AIS source feed for longer than the configured threshold. This may indicate intentional disabling, poor coverage, equipment failure, or small-vessel below-threshold operation.","Review track before/after gap; cross-check RF, SAR, patrol and VMS sources. Note whether the gap area coincides with known IUU activity.",Previous point 2026-04-27T09:14:53+00:00 → current point 2026-04-27T17:17:12+00:00 (8.0 h silence).,2026-04
BKB-0412,AIS_GAP,HIGH,95,83852175,2026-04-28T11:52:15+00:00,-10.0479733333,143.062143333,,Pilot,AIS gap of 12.1 h,"The vessel disappeared from the AIS source feed for longer than the configured threshold. This may indicate intentional disabling, poor coverage, equipment failure, or small-vessel below-threshold operation.","Review track before/after gap; cross-check RF, SAR, patrol and VMS sources. Note whether the gap area coincides with known IUU activity.",Previous point 2026-04-27T23:45:04+00:00 → current point 2026-04-28T11:52:15+00:00 (12.1 h silence).,2026-04
BKB-0413,AIS_GAP,HIGH,88,83852175,2026-04-29T03:09:28+00:00,-10.0477983333,143.062603333,,Pilot,AIS gap of 10.2 h,"The vessel disappeared from the AIS source feed for longer than the configured threshold. This may indicate intentional disabling, poor coverage, equipment failure, or small-vessel below-threshold operation.","Review track before/after gap; cross-check RF, SAR, patrol and VMS sources. Note whether the gap area coincides with known IUU activity.",Previous point 2026-04-28T16:59:53+00:00 → current point 2026-04-29T03:09:28+00:00 (10.2 h silence).,2026-04
BKB-0414,AIS_GAP,HIGH,95,83852175,2026-04-30T02:19:37+00:00,-10.04794,143.062183333,,Pilot,AIS gap of 19.0 h,"The vessel disappeared from the AIS source feed for longer than the configured threshold. This may indicate intentional disabling, poor coverage, equipment failure, or small-vessel below-threshold operation.","Review track before/after gap; cross-check RF, SAR, patrol and VMS sources. Note whether the gap area coincides with known IUU activity.",Previous point 2026-04-29T07:19:55+00:00 → current point 2026-04-30T02:19:37+00:00 (19.0 h silence).,2026-04
BKB-0415,AIS_GAP,HIGH,95,8497242336,2026-04-29T10:49:49+00:00,-11.300805,142.984103333,,Cargo,AIS gap of 453.5 h,"The vessel disappeared from the AIS source feed for longer than the configured threshold. This may indicate intentional disabling, poor coverage, equipment failure, or small-vessel below-threshold operation.","Review track before/after gap; cross-check RF, SAR, patrol and VMS sources. Note whether the gap area coincides with known IUU activity.",Previous point 2026-04-10T13:18:32+00:00 → current point 2026-04-29T10:49:49+00:00 (453.5 h silence).,2026-04
BKB-0416,AIS_GAP,HIGH,95,8626872110,2026-04-09T16:32:30+00:00,-10.84375,142.861423333,,Other,AIS gap of 152.5 h,"The vessel disappeared from the AIS source feed for longer than the configured threshold. This may indicate intentional disabling, poor coverage, equipment failure, or small-vessel below-threshold operation.","Review track before/after gap; cross-check RF, SAR, patrol and VMS sources. Note whether the gap area coincides with known IUU activity.",Previous point 2026-04-03T08:01:53+00:00 → current point 2026-04-09T16:32:30+00:00 (152.5 h silence).,2026-04
BKB-0417,AIS_GAP,HIGH,95,8859917080,2026-04-17T07:05:47+00:00,-11.3116666667,141.946666667,,Other,AIS gap of 303.1 h,"The vessel disappeared from the AIS source feed for longer than the configured threshold. This may indicate intentional disabling, poor coverage, equipment failure, or small-vessel below-threshold operation.","Review track before/after gap; cross-check RF, SAR, patrol and VMS sources. Note whether the gap area coincides with known IUU activity.",Previous point 2026-04-04T16:01:48+00:00 → current point 2026-04-17T07:05:47+00:00 (303.1 h silence).,2026-04
BKB-0418,AIS_GAP,MEDIUM,72,8859917080,2026-04-17T19:27:21+00:00,-10.6823283333,142.409176667,,Other,AIS gap of 7.3 h,"The vessel disappeared from the AIS source feed for longer than the configured threshold. This may indicate intentional disabling, poor coverage, equipment failure, or small-vessel below-threshold operation.","Review track before/after gap; cross-check RF, SAR, patrol and VMS sources. Note whether the gap area coincides with known IUU activity.",Previous point 2026-04-17T12:07:31+00:00 → current point 2026-04-17T19:27:21+00:00 (7.3 h silence).,2026-04
BKB-0419,AIS_GAP,HIGH,95,9007975193,2026-04-20T01:59:52+00:00,-11.3708183333,142.995171667,,Cargo,AIS gap of 112.3 h,"The vessel disappeared from the AIS source feed for longer than the configured threshold. This may indicate intentional disabling, poor coverage, equipment failure, or small-vessel below-threshold operation.","Review track before/after gap; cross-check RF, SAR, patrol and VMS sources. Note whether the gap area coincides with known IUU activity.",Previous point 2026-04-15T09:39:57+00:00 → current point 2026-04-20T01:59:52+00:00 (112.3 h silence).,2026-04
BKB-0420,AIS_GAP,HIGH,95,9389456606,2026-04-01T22:38:14+00:00,-10.585805,142.222756667,,Passenger,AIS gap of 15.8 h,"The vessel disappeared from the AIS source feed for longer than the configured threshold. This may indicate intentional disabling, poor coverage, equipment failure, or small-vessel below-threshold operation.","Review track before/after gap; cross-check RF, SAR, patrol and VMS sources. Note whether the gap area coincides with known IUU activity.",Previous point 2026-04-01T06:48:09+00:00 → current point 2026-04-01T22:38:14+00:00 (15.8 h silence).,2026-04
BKB-0421,AIS_GAP,HIGH,95,9389456606,2026-04-06T20:16:27+00:00,-10.58682,142.219391667,,Passenger,AIS gap of 109.4 h,"The vessel disappeared from the AIS source feed for longer than the configured threshold. This may indicate intentional disabling, poor coverage, equipment failure, or small-vessel below-threshold operation.","Review track before/after gap; cross-check RF, SAR, patrol and VMS sources. Note whether the gap area coincides with known IUU activity.",Previous point 2026-04-02T06:49:31+00:00 → current point 2026-04-06T20:16:27+00:00 (109.4 h silence).,2026-04
BKB-0422,AIS_GAP,HIGH,95,9389456606,2026-04-07T20:20:13+00:00,-10.5868016667,142.219391667,,Passenger,AIS gap of 16.9 h,"The vessel disappeared from the AIS source feed for longer than the configured threshold. This may indicate intentional disabling, poor coverage, equipment failure, or small-vessel below-threshold operation.","Review track before/after gap; cross-check RF, SAR, patrol and VMS sources. Note whether the gap area coincides with known IUU activity.",Previous point 2026-04-07T03:27:16+00:00 → current point 2026-04-07T20:20:13+00:00 (16.9 h silence).,2026-04
BKB-0423,AIS_GAP,HIGH,95,9389456606,2026-04-08T22:52:30+00:00,-10.5857966667,142.222743333,,Passenger,AIS gap of 15.2 h,"The vessel disappeared from the AIS source feed for longer than the configured threshold. This may indicate intentional disabling, poor coverage, equipment failure, or small-vessel below-threshold operation.","Review track before/after gap; cross-check RF, SAR, patrol and VMS sources. Note whether the gap area coincides with known IUU activity.",Previous point 2026-04-08T07:38:25+00:00 → current point 2026-04-08T22:52:30+00:00 (15.2 h silence).,2026-04
BKB-0424,AIS_GAP,HIGH,95,9389456606,2026-04-09T20:00:10+00:00,-10.5858483333,142.222768333,,Passenger,AIS gap of 15.3 h,"The vessel disappeared from the AIS source feed for longer than the configured threshold. This may indicate intentional disabling, poor coverage, equipment failure, or small-vessel below-threshold operation.","Review track before/after gap; cross-check RF, SAR, patrol and VMS sources. Note whether the gap area coincides with known IUU activity.",Previous point 2026-04-09T04:41:52+00:00 → current point 2026-04-09T20:00:10+00:00 (15.3 h silence).,2026-04
BKB-0425,AIS_GAP,HIGH,95,9389456606,2026-04-12T20:07:33+00:00,-10.5859983333,142.222716667,,Passenger,AIS gap of 61.3 h,"The vessel disappeared from the AIS source feed for longer than the configured threshold. This may indicate intentional disabling, poor coverage, equipment failure, or small-vessel below-threshold operation.","Review track before/after gap; cross-check RF, SAR, patrol and VMS sources. Note whether the gap area coincides with known IUU activity.",Previous point 2026-04-10T06:49:24+00:00 → current point 2026-04-12T20:07:33+00:00 (61.3 h silence).,2026-04
BKB-0426,AIS_GAP,HIGH,95,9389456606,2026-04-13T22:55:17+00:00,-10.586025,142.222726667,,Passenger,AIS gap of 16.3 h,"The vessel disappeared from the AIS source feed for longer than the configured threshold. This may indicate intentional disabling, poor coverage, equipment failure, or small-vessel below-threshold operation.","Review track before/after gap; cross-check RF, SAR, patrol and VMS sources. Note whether the gap area coincides with known IUU activity.",Previous point 2026-04-13T06:39:39+00:00 → current point 2026-04-13T22:55:17+00:00 (16.3 h silence).,2026-04
BKB-0427,AIS_GAP,HIGH,95,9389456606,2026-04-14T19:56:53+00:00,-10.585985,142.2228,,Passenger,AIS gap of 15.0 h,"The vessel disappeared from the AIS source feed for longer than the configured threshold. This may indicate intentional disabling, poor coverage, equipment failure, or small-vessel below-threshold operation.","Review track before/after gap; cross-check RF, SAR, patrol and VMS sources. Note whether the gap area coincides with known IUU activity.",Previous point 2026-04-14T04:55:44+00:00 → current point 2026-04-14T19:56:53+00:00 (15.0 h silence).,2026-04
BKB-0428,AIS_GAP,HIGH,95,9389456606,2026-04-16T20:01:06+00:00,-10.5859516667,142.22267,,Passenger,AIS gap of 36.4 h,"The vessel disappeared from the AIS source feed for longer than the configured threshold. This may indicate intentional disabling, poor coverage, equipment failure, or small-vessel below-threshold operation.","Review track before/after gap; cross-check RF, SAR, patrol and VMS sources. Note whether the gap area coincides with known IUU activity.",Previous point 2026-04-15T07:39:09+00:00 → current point 2026-04-16T20:01:06+00:00 (36.4 h silence).,2026-04
BKB-0429,AIS_GAP,HIGH,95,9389456606,2026-04-19T20:22:43+00:00,-10.5868333333,142.219396667,,Passenger,AIS gap of 61.7 h,"The vessel disappeared from the AIS source feed for longer than the configured threshold. This may indicate intentional disabling, poor coverage, equipment failure, or small-vessel below-threshold operation.","Review track before/after gap; cross-check RF, SAR, patrol and VMS sources. Note whether the gap area coincides with known IUU activity.",Previous point 2026-04-17T06:41:22+00:00 → current point 2026-04-19T20:22:43+00:00 (61.7 h silence).,2026-04
BKB-0430,AIS_GAP,HIGH,95,9389456606,2026-04-21T20:13:59+00:00,-10.5868266667,142.219393333,,Passenger,AIS gap of 36.7 h,"The vessel disappeared from the AIS source feed for longer than the configured threshold. This may indicate intentional disabling, poor coverage, equipment failure, or small-vessel below-threshold operation.","Review track before/after gap; cross-check RF, SAR, patrol and VMS sources. Note whether the gap area coincides with known IUU activity.",Previous point 2026-04-20T07:32:29+00:00 → current point 2026-04-21T20:13:59+00:00 (36.7 h silence).,2026-04
BKB-0431,AIS_GAP,HIGH,95,9389456606,2026-04-23T20:17:13+00:00,-10.586835,142.219391667,,Passenger,AIS gap of 37.4 h,"The vessel disappeared from the AIS source feed for longer than the configured threshold. This may indicate intentional disabling, poor coverage, equipment failure, or small-vessel below-threshold operation.","Review track before/after gap; cross-check RF, SAR, patrol and VMS sources. Note whether the gap area coincides with known IUU activity.",Previous point 2026-04-22T06:53:00+00:00 → current point 2026-04-23T20:17:13+00:00 (37.4 h silence).,2026-04
BKB-0432,AIS_GAP,HIGH,95,9389456606,2026-04-26T20:38:58+00:00,-10.6166133333,142.220686667,,Passenger,AIS gap of 61.3 h,"The vessel disappeared from the AIS source feed for longer than the configured threshold. This may indicate intentional disabling, poor coverage, equipment failure, or small-vessel below-threshold operation.","Review track before/after gap; cross-check RF, SAR, patrol and VMS sources. Note whether the gap area coincides with known IUU activity.",Previous point 2026-04-24T07:22:56+00:00 → current point 2026-04-26T20:38:58+00:00 (61.3 h silence).,2026-04
BKB-0433,AIS_GAP,HIGH,95,9389456606,2026-04-27T23:35:29+00:00,-10.5868466667,142.219331667,,Passenger,AIS gap of 16.9 h,"The vessel disappeared from the AIS source feed for longer than the configured threshold. This may indicate intentional disabling, poor coverage, equipment failure, or small-vessel below-threshold operation.","Review track before/after gap; cross-check RF, SAR, patrol and VMS sources. Note whether the gap area coincides with known IUU activity.",Previous point 2026-04-27T06:43:10+00:00 → current point 2026-04-27T23:35:29+00:00 (16.9 h silence).,2026-04
BKB-0434,AIS_GAP,HIGH,95,9822822822,2026-04-19T02:54:50+00:00,-11.3838966667,142.994421667,,Cargo,AIS gap of 245.7 h,"The vessel disappeared from the AIS source feed for longer than the configured threshold. This may indicate intentional disabling, poor coverage, equipment failure, or small-vessel below-threshold operation.","Review track before/after gap; cross-check RF, SAR, patrol and VMS sources. Note whether the gap area coincides with known IUU activity.",Previous point 2026-04-08T21:14:50+00:00 → current point 2026-04-19T02:54:50+00:00 (245.7 h silence).,2026-04
BKB-0435,AIS_GAP,HIGH,95,9822822822,2026-04-23T17:24:40+00:00,-11.2876966667,141.528513333,,Cargo,AIS gap of 96.0 h,"The vessel disappeared from the AIS source feed for longer than the configured threshold. This may indicate intentional disabling, poor coverage, equipment failure, or small-vessel below-threshold operation.","Review track before/after gap; cross-check RF, SAR, patrol and VMS sources. Note whether the gap area coincides with known IUU activity.",Previous point 2026-04-19T17:24:11+00:00 → current point 2026-04-23T17:24:40+00:00 (96.0 h silence).,2026-04
BKB-0436,AIS_GAP,HIGH,86,9930281405,2026-04-04T17:48:43+00:00,-10.5867966667,142.221775,,Tug,AIS gap of 9.9 h,"The vessel disappeared from the AIS source feed for longer than the configured threshold. This may indicate intentional disabling, poor coverage, equipment failure, or small-vessel below-threshold operation.","Review track before/after gap; cross-check RF, SAR, patrol and VMS sources. Note whether the gap area coincides with known IUU activity.",Previous point 2026-04-04T07:55:46+00:00 → current point 2026-04-04T17:48:43+00:00 (9.9 h silence).,2026-04
BKB-0437,AIS_GAP,HIGH,95,9930281405,2026-04-07T06:24:47+00:00,-10.584365,142.230923333,,Tug,AIS gap of 44.0 h,"The vessel disappeared from the AIS source feed for longer than the configured threshold. This may indicate intentional disabling, poor coverage, equipment failure, or small-vessel below-threshold operation.","Review track before/after gap; cross-check RF, SAR, patrol and VMS sources. Note whether the gap area coincides with known IUU activity.",Previous point 2026-04-05T10:22:04+00:00 → current point 2026-04-07T06:24:47+00:00 (44.0 h silence).,2026-04
BKB-0438,AIS_GAP,MEDIUM,66,9930281405,2026-04-13T05:33:31+00:00,-10.583875,142.231935,,Tug,AIS gap of 7.4 h,"The vessel disappeared from the AIS source feed for longer than the configured threshold. This may indicate intentional disabling, poor coverage, equipment failure, or small-vessel below-threshold operation.","Review track before/after gap; cross-check RF, SAR, patrol and VMS sources. Note whether the gap area coincides with known IUU activity.",Previous point 2026-04-12T22:09:59+00:00 → current point 2026-04-13T05:33:31+00:00 (7.4 h silence).,2026-04
BKB-0439,AIS_GAP,HIGH,95,9930281405,2026-04-13T20:44:38+00:00,-10.5903416667,142.245943333,,Tug,AIS gap of 14.2 h,"The vessel disappeared from the AIS source feed for longer than the configured threshold. This may indicate intentional disabling, poor coverage, equipment failure, or small-vessel below-threshold operation.","Review track before/after gap; cross-check RF, SAR, patrol and VMS sources. Note whether the gap area coincides with known IUU activity.",Previous point 2026-04-13T06:34:56+00:00 → current point 2026-04-13T20:44:38+00:00 (14.2 h silence).,2026-04
BKB-0440,AIS_GAP,HIGH,95,9930281405,2026-04-17T10:04:00+00:00,-10.58369,142.23186,,Tug,AIS gap of 74.6 h,"The vessel disappeared from the AIS source feed for longer than the configured threshold. This may indicate intentional disabling, poor coverage, equipment failure, or small-vessel below-threshold operation.","Review track before/after gap; cross-check RF, SAR, patrol and VMS sources. Note whether the gap area coincides with known IUU activity.",Previous point 2026-04-14T07:29:35+00:00 → current point 2026-04-17T10:04:00+00:00 (74.6 h silence).,2026-04
BKB-0441,AIS_GAP,HIGH,95,9930281405,2026-04-18T21:29:52+00:00,-10.5836416667,142.231585,,Tug,AIS gap of 24.2 h,"The vessel disappeared from the AIS source feed for longer than the configured threshold. This may indicate intentional disabling, poor coverage, equipment failure, or small-vessel below-threshold operation.","Review track before/after gap; cross-check RF, SAR, patrol and VMS sources. Note whether the gap area coincides with known IUU activity.",Previous point 2026-04-17T21:18:08+00:00 → current point 2026-04-18T21:29:52+00:00 (24.2 h silence).,2026-04
BKB-0442,AIS_GAP,HIGH,95,9930281405,2026-04-19T13:17:20+00:00,-10.5838,142.23103,,Tug,AIS gap of 13.5 h,"The vessel disappeared from the AIS source feed for longer than the configured threshold. This may indicate intentional disabling, poor coverage, equipment failure, or small-vessel below-threshold operation.","Review track before/after gap; cross-check RF, SAR, patrol and VMS sources. Note whether the gap area coincides with known IUU activity.",Previous point 2026-04-18T23:48:49+00:00 → current point 2026-04-19T13:17:20+00:00 (13.5 h silence).,2026-04
BKB-0443,AIS_GAP,HIGH,95,9930281405,2026-04-25T07:50:44+00:00,-10.5842666667,142.230871667,,Tug,AIS gap of 136.5 h,"The vessel disappeared from the AIS source feed for longer than the configured threshold. This may indicate intentional disabling, poor coverage, equipment failure, or small-vessel below-threshold operation.","Review track before/after gap; cross-check RF, SAR, patrol and VMS sources. Note whether the gap area coincides with known IUU activity.",Previous point 2026-04-19T15:22:12+00:00 → current point 2026-04-25T07:50:44+00:00 (136.5 h silence).,2026-04
BKB-0001,LOITERING,HIGH,88,32455410765,2026-04-30T23:40:12+00:00,-10.597565,142.23904,,Pleasure,Loitering 719.5 h within 1.5 km,"The vessel remains inside a small geographic radius at low average speed for a sustained period. In northern Australian waters, this pattern is consistent with IUU fishing activity or sea-cucumber harvesting.","Check whether the area is consistent with a licensed fishing zone, anchorage, or known permitted activity. Cross-reference against AFMA authorisation records and VMS data if available.",Span 719.5 h; max radius from centroid 1.50 km; avg SOG 0.0 kn.,2026-04
BKB-0002,LOITERING,HIGH,88,41594217903,2026-04-09T00:34:10+00:00,-10.5928033333,142.242723333,,Sailing,Loitering 22.6 h within 1.1 km,"The vessel remains inside a small geographic radius at low average speed for a sustained period. In northern Australian waters, this pattern is consistent with IUU fishing activity or sea-cucumber harvesting.","Check whether the area is consistent with a licensed fishing zone, anchorage, or known permitted activity. Cross-reference against AFMA authorisation records and VMS data if available.",Span 22.6 h; max radius from centroid 1.07 km; avg SOG 1.3 kn.,2026-04
BKB-0003,LOITERING,HIGH,88,9930281405,2026-04-26T05:33:30+00:00,-10.5814783333,142.24208,,Tug,Loitering 603.0 h within 1.9 km,"The vessel remains inside a small geographic radius at low average speed for a sustained period. In northern Australian waters, this pattern is consistent with IUU fishing activity or sea-cucumber harvesting.","Check whether the area is consistent with a licensed fishing zone, anchorage, or known permitted activity. Cross-reference against AFMA authorisation records and VMS data if available.",Span 603.0 h; max radius from centroid 1.85 km; avg SOG 0.1 kn.,2026-04
BKB-0001,SENSITIVE_ZONE,LOW,52,11873854412,2026-04-01T04:14:47+00:00,-10.58786,142.21797,,Unknown,Presence inside Torres Strait illustrative fisheries focus area,"The vessel is inside an illustrative monitoring zone. This is contextual enrichment, not an allegation of wrongdoing.",Use as a contextual feature alongside gap/loitering/rendezvous alerts rather than as a standalone escalation trigger.,Distance to zone centre 10.0 km; zone radius 80.0 km.,2026-04
BKB-0002,SENSITIVE_ZONE,LOW,52,15977417709,2026-04-01T06:46:48+00:00,-10.5896216667,142.223748333,,Unknown,Presence inside Torres Strait illustrative fisheries focus area,"The vessel is inside an illustrative monitoring zone. This is contextual enrichment, not an allegation of wrongdoing.",Use as a contextual feature alongside gap/loitering/rendezvous alerts rather than as a standalone escalation trigger.,Distance to zone centre 10.3 km; zone radius 80.0 km.,2026-04
BKB-0003,SENSITIVE_ZONE,LOW,52,27459411060,2026-04-03T17:16:44+00:00,-10.8018883333,141.861898333,,Other,Presence inside Torres Strait illustrative fisheries focus area,"The vessel is inside an illustrative monitoring zone. This is contextual enrichment, not an allegation of wrongdoing.",Use as a contextual feature alongside gap/loitering/rendezvous alerts rather than as a standalone escalation trigger.,Distance to zone centre 49.9 km; zone radius 80.0 km.,2026-04
BKB-0004,SENSITIVE_ZONE,LOW,52,15601957474,2026-04-08T02:43:11+00:00,-10.5903183333,142.210066667,,Passenger,Presence inside Torres Strait illustrative fisheries focus area,"The vessel is inside an illustrative monitoring zone. This is contextual enrichment, not an allegation of wrongdoing.",Use as a contextual feature alongside gap/loitering/rendezvous alerts rather than as a standalone escalation trigger.,Distance to zone centre 10.1 km; zone radius 80.0 km.,2026-04
BKB-0005,SENSITIVE_ZONE,LOW,52,15601522999,2026-04-08T03:09:01+00:00,-10.586815,142.218905,,Passenger,Presence inside Torres Strait illustrative fisheries focus area,"The vessel is inside an illustrative monitoring zone. This is contextual enrichment, not an allegation of wrongdoing.",Use as a contextual feature alongside gap/loitering/rendezvous alerts rather than as a standalone escalation trigger.,Distance to zone centre 9.9 km; zone radius 80.0 km.,2026-04
BKB-0006,SENSITIVE_ZONE,LOW,52,15601577601,2026-04-08T03:34:45+00:00,-10.578495,142.15568,,Passenger,Presence inside Torres Strait illustrative fisheries focus area,"The vessel is inside an illustrative monitoring zone. This is contextual enrichment, not an allegation of wrongdoing.",Use as a contextual feature alongside gap/loitering/rendezvous alerts rather than as a standalone escalation trigger.,Distance to zone centre 10.0 km; zone radius 80.0 km.,2026-04
BKB-0007,SENSITIVE_ZONE,LOW,52,15998811735,2026-04-08T04:00:46+00:00,-10.5884083333,142.218546667,,Passenger,Presence inside Torres Strait illustrative fisheries focus area,"The vessel is inside an illustrative monitoring zone. This is contextual enrichment, not an allegation of wrongdoing.",Use as a contextual feature alongside gap/loitering/rendezvous alerts rather than as a standalone escalation trigger.,Distance to zone centre 10.0 km; zone radius 80.0 km.,2026-04
BKB-0008,SENSITIVE_ZONE,LOW,52,13079483495,2026-04-08T09:04:58+00:00,-10.6151116667,142.217651667,,Law_enforcement,Presence inside Torres Strait illustrative fisheries focus area,"The vessel is inside an illustrative monitoring zone. This is contextual enrichment, not an allegation of wrongdoing.",Use as a contextual feature alongside gap/loitering/rendezvous alerts rather than as a standalone escalation trigger.,Distance to zone centre 12.9 km; zone radius 80.0 km.,2026-04
BKB-0009,SENSITIVE_ZONE,LOW,52,41594217903,2026-04-09T00:34:10+00:00,-10.5928033333,142.242723333,,Sailing,Presence inside Torres Strait illustrative fisheries focus area,"The vessel is inside an illustrative monitoring zone. This is contextual enrichment, not an allegation of wrongdoing.",Use as a contextual feature alongside gap/loitering/rendezvous alerts rather than as a standalone escalation trigger.,Distance to zone centre 11.3 km; zone radius 80.0 km.,2026-04
BKB-0010,SENSITIVE_ZONE,LOW,52,19500548648,2026-04-09T05:49:16+00:00,-10.5263366667,142.58054,,Cargo,Presence inside Torres Strait illustrative fisheries focus area,"The vessel is inside an illustrative monitoring zone. This is contextual enrichment, not an allegation of wrongdoing.",Use as a contextual feature alongside gap/loitering/rendezvous alerts rather than as a standalone escalation trigger.,Distance to zone centre 41.7 km; zone radius 80.0 km.,2026-04
BKB-0011,SENSITIVE_ZONE,LOW,52,17424312737,2026-04-09T10:52:39+00:00,-10.587855,142.220445,,Law_enforcement,Presence inside Torres Strait illustrative fisheries focus area,"The vessel is inside an illustrative monitoring zone. This is contextual enrichment, not an allegation of wrongdoing.",Use as a contextual feature alongside gap/loitering/rendezvous alerts rather than as a standalone escalation trigger.,Distance to zone centre 10.0 km; zone radius 80.0 km.,2026-04
BKB-0012,SENSITIVE_ZONE,LOW,52,14791551825,2026-04-09T13:04:57+00:00,-10.5510266667,141.544276667,,Other,Presence inside Torres Strait illustrative fisheries focus area,"The vessel is inside an illustrative monitoring zone. This is contextual enrichment, not an allegation of wrongdoing.",Use as a contextual feature alongside gap/loitering/rendezvous alerts rather than as a standalone escalation trigger.,Distance to zone centre 71.9 km; zone radius 80.0 km.,2026-04
BKB-0013,SENSITIVE_ZONE,LOW,52,8626872110,2026-04-10T04:24:54+00:00,-10.5882816667,142.34488,,Other,Presence inside Torres Strait illustrative fisheries focus area,"The vessel is inside an illustrative monitoring zone. This is contextual enrichment, not an allegation of wrongdoing.",Use as a contextual feature alongside gap/loitering/rendezvous alerts rather than as a standalone escalation trigger.,Distance to zone centre 18.6 km; zone radius 80.0 km.,2026-04
BKB-0014,SENSITIVE_ZONE,LOW,52,19405429164,2026-04-12T22:14:04+00:00,-10.76031,142.696685,,Cargo,Presence inside Torres Strait illustrative fisheries focus area,"The vessel is inside an illustrative monitoring zone. This is contextual enrichment, not an allegation of wrongdoing.",Use as a contextual feature alongside gap/loitering/rendezvous alerts rather than as a standalone escalation trigger.,Distance to zone centre 61.5 km; zone radius 80.0 km.,2026-04
BKB-0015,SENSITIVE_ZONE,LOW,52,1694441276,2026-04-12T22:39:43+00:00,-10.4577416667,142.282346667,,Other,Presence inside Torres Strait illustrative fisheries focus area,"The vessel is inside an illustrative monitoring zone. This is contextual enrichment, not an allegation of wrongdoing.",Use as a contextual feature alongside gap/loitering/rendezvous alerts rather than as a standalone escalation trigger.,Distance to zone centre 10.2 km; zone radius 80.0 km.,2026-04
BKB-0016,SENSITIVE_ZONE,LOW,52,35360679651,2026-04-14T00:59:26+00:00,-10.59114,142.22266,,Other,Presence inside Torres Strait illustrative fisheries focus area,"The vessel is inside an illustrative monitoring zone. This is contextual enrichment, not an allegation of wrongdoing.",Use as a contextual feature alongside gap/loitering/rendezvous alerts rather than as a standalone escalation trigger.,Distance to zone centre 10.4 km; zone radius 80.0 km.,2026-04
BKB-0017,SENSITIVE_ZONE,LOW,52,23920,2026-04-15T08:09:57+00:00,-10.790875,141.718553333,,Law_enforcement,Presence inside Torres Strait illustrative fisheries focus area,"The vessel is inside an illustrative monitoring zone. This is contextual enrichment, not an allegation of wrongdoing.",Use as a contextual feature alongside gap/loitering/rendezvous alerts rather than as a standalone escalation trigger.,Distance to zone centre 61.8 km; zone radius 80.0 km.,2026-04
BKB-0018,SENSITIVE_ZONE,LOW,52,88844058,2026-04-18T02:09:50+00:00,-10.5327033333,141.891143333,,Military,Presence inside Torres Strait illustrative fisheries focus area,"The vessel is inside an illustrative monitoring zone. This is contextual enrichment, not an allegation of wrongdoing.",Use as a contextual feature alongside gap/loitering/rendezvous alerts rather than as a standalone escalation trigger.,Distance to zone centre 34.0 km; zone radius 80.0 km.,2026-04
BKB-0019,SENSITIVE_ZONE,LOW,52,22072727278,2026-04-20T01:04:57+00:00,-10.590305,142.244586667,,Law_enforcement,Presence inside Torres Strait illustrative fisheries focus area,"The vessel is inside an illustrative monitoring zone. This is contextual enrichment, not an allegation of wrongdoing.",Use as a contextual feature alongside gap/loitering/rendezvous alerts rather than as a standalone escalation trigger.,Distance to zone centre 11.2 km; zone radius 80.0 km.,2026-04
BKB-0020,SENSITIVE_ZONE,LOW,52,27920644280,2026-04-22T09:54:55+00:00,-10.52858,141.917608333,,Cargo,Presence inside Torres Strait illustrative fisheries focus area,"The vessel is inside an illustrative monitoring zone. This is contextual enrichment, not an allegation of wrongdoing.",Use as a contextual feature alongside gap/loitering/rendezvous alerts rather than as a standalone escalation trigger.,Distance to zone centre 31.0 km; zone radius 80.0 km.,2026-04
BKB-0021,SENSITIVE_ZONE,LOW,52,2884545463,2026-04-22T10:09:55+00:00,-10.582735,141.835581667,,Other,Presence inside Torres Strait illustrative fisheries focus area,"The vessel is inside an illustrative monitoring zone. This is contextual enrichment, not an allegation of wrongdoing.",Use as a contextual feature alongside gap/loitering/rendezvous alerts rather than as a standalone escalation trigger.,Distance to zone centre 40.9 km; zone radius 80.0 km.,2026-04
BKB-0022,SENSITIVE_ZONE,LOW,52,29989678846,2026-04-24T06:04:51+00:00,-10.5742116667,142.248741667,,SAR,Presence inside Torres Strait illustrative fisheries focus area,"The vessel is inside an illustrative monitoring zone. This is contextual enrichment, not an allegation of wrongdoing.",Use as a contextual feature alongside gap/loitering/rendezvous alerts rather than as a standalone escalation trigger.,Distance to zone centre 9.8 km; zone radius 80.0 km.,2026-04
BKB-0023,SENSITIVE_ZONE,LOW,52,9930281405,2026-04-26T05:33:30+00:00,-10.5814783333,142.24208,,Tug,Presence inside Torres Strait illustrative fisheries focus area,"The vessel is inside an illustrative monitoring zone. This is contextual enrichment, not an allegation of wrongdoing.",Use as a contextual feature alongside gap/loitering/rendezvous alerts rather than as a standalone escalation trigger.,Distance to zone centre 10.2 km; zone radius 80.0 km.,2026-04
BKB-0024,SENSITIVE_ZONE,LOW,52,744673026,2026-04-26T12:12:05+00:00,-10.7392866667,142.407435,,Unknown,Presence inside Torres Strait illustrative fisheries focus area,"The vessel is inside an illustrative monitoring zone. This is contextual enrichment, not an allegation of wrongdoing.",Use as a contextual feature alongside gap/loitering/rendezvous alerts rather than as a standalone escalation trigger.,Distance to zone centre 35.0 km; zone radius 80.0 km.,2026-04
BKB-0025,SENSITIVE_ZONE,LOW,52,8295314951,2026-04-27T21:50:08+00:00,-10.5890533333,142.216648333,,Other,Presence inside Torres Strait illustrative fisheries focus area,"The vessel is inside an illustrative monitoring zone. This is contextual enrichment, not an allegation of wrongdoing.",Use as a contextual feature alongside gap/loitering/rendezvous alerts rather than as a standalone escalation trigger.,Distance to zone centre 10.1 km; zone radius 80.0 km.,2026-04
BKB-0026,SENSITIVE_ZONE,LOW,52,9389456606,2026-04-28T01:55:45+00:00,-10.58687,142.219405,,Passenger,Presence inside Torres Strait illustrative fisheries focus area,"The vessel is inside an illustrative monitoring zone. This is contextual enrichment, not an allegation of wrongdoing.",Use as a contextual feature alongside gap/loitering/rendezvous alerts rather than as a standalone escalation trigger.,Distance to zone centre 9.9 km; zone radius 80.0 km.,2026-04
BKB-0027,SENSITIVE_ZONE,LOW,52,22459109467,2026-04-28T03:34:28+00:00,-10.5834733333,142.227625,,Other,Presence inside Torres Strait illustrative fisheries focus area,"The vessel is inside an illustrative monitoring zone. This is contextual enrichment, not an allegation of wrongdoing.",Use as a contextual feature alongside gap/loitering/rendezvous alerts rather than as a standalone escalation trigger.,Distance to zone centre 9.8 km; zone radius 80.0 km.,2026-04
BKB-0028,SENSITIVE_ZONE,LOW,52,36563850833,2026-04-28T12:19:57+00:00,-10.559535,142.28233,,Sailing,Presence inside Torres Strait illustrative fisheries focus area,"The vessel is inside an illustrative monitoring zone. This is contextual enrichment, not an allegation of wrongdoing.",Use as a contextual feature alongside gap/loitering/rendezvous alerts rather than as a standalone escalation trigger.,Distance to zone centre 11.2 km; zone radius 80.0 km.,2026-04
BKB-0029,SENSITIVE_ZONE,LOW,52,1539738270,2026-04-29T01:09:57+00:00,-10.5863316667,142.198181667,,Other,Presence inside Torres Strait illustrative fisheries focus area,"The vessel is inside an illustrative monitoring zone. This is contextual enrichment, not an allegation of wrongdoing.",Use as a contextual feature alongside gap/loitering/rendezvous alerts rather than as a standalone escalation trigger.,Distance to zone centre 9.6 km; zone radius 80.0 km.,2026-04
BKB-0030,SENSITIVE_ZONE,LOW,52,40410511781,2026-04-29T07:04:40+00:00,-10.7409833333,141.595463333,,Sailing,Presence inside Torres Strait illustrative fisheries focus area,"The vessel is inside an illustrative monitoring zone. This is contextual enrichment, not an allegation of wrongdoing.",Use as a contextual feature alongside gap/loitering/rendezvous alerts rather than as a standalone escalation trigger.,Distance to zone centre 71.3 km; zone radius 80.0 km.,2026-04
BKB-0031,SENSITIVE_ZONE,LOW,52,399878,2026-04-29T08:59:37+00:00,-10.5711283333,142.071255,,Pilot,Presence inside Torres Strait illustrative fisheries focus area,"The vessel is inside an illustrative monitoring zone. This is contextual enrichment, not an allegation of wrongdoing.",Use as a contextual feature alongside gap/loitering/rendezvous alerts rather than as a standalone escalation trigger.,Distance to zone centre 16.1 km; zone radius 80.0 km.,2026-04
BKB-0032,SENSITIVE_ZONE,LOW,52,18797721,2026-04-29T19:39:20+00:00,-10.58291,142.159051667,,Unknown,Presence inside Torres Strait illustrative fisheries focus area,"The vessel is inside an illustrative monitoring zone. This is contextual enrichment, not an allegation of wrongdoing.",Use as a contextual feature alongside gap/loitering/rendezvous alerts rather than as a standalone escalation trigger.,Distance to zone centre 10.2 km; zone radius 80.0 km.,2026-04
BKB-0033,SENSITIVE_ZONE,LOW,52,8339052490,2026-04-30T08:03:02+00:00,-10.5863166667,142.221498333,,Pilot,Presence inside Torres Strait illustrative fisheries focus area,"The vessel is inside an illustrative monitoring zone. This is contextual enrichment, not an allegation of wrongdoing.",Use as a contextual feature alongside gap/loitering/rendezvous alerts rather than as a standalone escalation trigger.,Distance to zone centre 9.9 km; zone radius 80.0 km.,2026-04
BKB-0034,SENSITIVE_ZONE,LOW,52,15952,2026-04-30T22:33:46+00:00,-10.7956516667,142.336233333,,Cargo,Presence inside Torres Strait illustrative fisheries focus area,"The vessel is inside an illustrative monitoring zone. This is contextual enrichment, not an allegation of wrongdoing.",Use as a contextual feature alongside gap/loitering/rendezvous alerts rather than as a standalone escalation trigger.,Distance to zone centre 36.1 km; zone radius 80.0 km.,2026-04
BKB-0035,SENSITIVE_ZONE,LOW,52,31300004461,2026-04-30T22:34:57+00:00,-10.5894583333,142.231526667,,Law_enforcement,Presence inside Torres Strait illustrative fisheries focus area,"The vessel is inside an illustrative monitoring zone. This is contextual enrichment, not an allegation of wrongdoing.",Use as a contextual feature alongside gap/loitering/rendezvous alerts rather than as a standalone escalation trigger.,Distance to zone centre 10.5 km; zone radius 80.0 km.,2026-04
BKB-0036,SENSITIVE_ZONE,LOW,52,19978640788,2026-04-30T23:19:10+00:00,-10.58644,142.221538333,,Pilot,Presence inside Torres Strait illustrative fisheries focus area,"The vessel is inside an illustrative monitoring zone. This is contextual enrichment, not an allegation of wrongdoing.",Use as a contextual feature alongside gap/loitering/rendezvous alerts rather than as a standalone escalation trigger.,Distance to zone centre 9.9 km; zone radius 80.0 km.,2026-04
BKB-0037,SENSITIVE_ZONE,LOW,52,19161811333,2026-04-30T23:19:50+00:00,-10.19984,142.35904,,Cargo,Presence inside Torres Strait illustrative fisheries focus area,"The vessel is inside an illustrative monitoring zone. This is contextual enrichment, not an allegation of wrongdoing.",Use as a contextual feature alongside gap/loitering/rendezvous alerts rather than as a standalone escalation trigger.,Distance to zone centre 37.6 km; zone radius 80.0 km.,2026-04
BKB-0038,SENSITIVE_ZONE,LOW,52,3220567378,2026-04-30T23:24:27+00:00,-10.7961733333,142.790131667,,Cargo,Presence inside Torres Strait illustrative fisheries focus area,"The vessel is inside an illustrative monitoring zone. This is contextual enrichment, not an allegation of wrongdoing.",Use as a contextual feature alongside gap/loitering/rendezvous alerts rather than as a standalone escalation trigger.,Distance to zone centre 72.4 km; zone radius 80.0 km.,2026-04
BKB-0039,SENSITIVE_ZONE,LOW,52,20646392196,2026-04-30T23:24:52+00:00,-10.5849566667,142.239791667,,Other,Presence inside Torres Strait illustrative fisheries focus area,"The vessel is inside an illustrative monitoring zone. This is contextual enrichment, not an allegation of wrongdoing.",Use as a contextual feature alongside gap/loitering/rendezvous alerts rather than as a standalone escalation trigger.,Distance to zone centre 10.4 km; zone radius 80.0 km.,2026-04
BKB-0040,SENSITIVE_ZONE,LOW,52,27442111294,2026-04-30T23:25:38+00:00,-10.58663,142.219488333,,Passenger,Presence inside Torres Strait illustrative fisheries focus area,"The vessel is inside an illustrative monitoring zone. This is contextual enrichment, not an allegation of wrongdoing.",Use as a contextual feature alongside gap/loitering/rendezvous alerts rather than as a standalone escalation trigger.,Distance to zone centre 9.9 km; zone radius 80.0 km.,2026-04
BKB-0041,SENSITIVE_ZONE,LOW,52,4975107535,2026-04-30T23:33:10+00:00,-10.5863633333,142.221916667,,Law_enforcement,Presence inside Torres Strait illustrative fisheries focus area,"The vessel is inside an illustrative monitoring zone. This is contextual enrichment, not an allegation of wrongdoing.",Use as a contextual feature alongside gap/loitering/rendezvous alerts rather than as a standalone escalation trigger.,Distance to zone centre 9.9 km; zone radius 80.0 km.,2026-04
BKB-0042,SENSITIVE_ZONE,LOW,52,3081688885,2026-04-30T23:33:11+00:00,-10.5861533333,142.221455,,Pilot,Presence inside Torres Strait illustrative fisheries focus area,"The vessel is inside an illustrative monitoring zone. This is contextual enrichment, not an allegation of wrongdoing.",Use as a contextual feature alongside gap/loitering/rendezvous alerts rather than as a standalone escalation trigger.,Distance to zone centre 9.9 km; zone radius 80.0 km.,2026-04
BKB-0043,SENSITIVE_ZONE,LOW,52,1401471447,2026-04-30T23:40:07+00:00,-10.6972166667,142.636983333,,Cargo,Presence inside Torres Strait illustrative fisheries focus area,"The vessel is inside an illustrative monitoring zone. This is contextual enrichment, not an allegation of wrongdoing.",Use as a contextual feature alongside gap/loitering/rendezvous alerts rather than as a standalone escalation trigger.,Distance to zone centre 52.6 km; zone radius 80.0 km.,2026-04
BKB-0044,SENSITIVE_ZONE,LOW,52,32455410765,2026-04-30T23:40:12+00:00,-10.597565,142.23904,,Pleasure,Presence inside Torres Strait illustrative fisheries focus area,"The vessel is inside an illustrative monitoring zone. This is contextual enrichment, not an allegation of wrongdoing.",Use as a contextual feature alongside gap/loitering/rendezvous alerts rather than as a standalone escalation trigger.,Distance to zone centre 11.7 km; zone radius 80.0 km.,2026-04
BKB-0045,SENSITIVE_ZONE,LOW,52,1437273297,2026-04-30T23:49:57+00:00,-10.5061133333,142.254131667,,Cargo,Presence inside Torres Strait illustrative fisheries focus area,"The vessel is inside an illustrative monitoring zone. This is contextual enrichment, not an allegation of wrongdoing.",Use as a contextual feature alongside gap/loitering/rendezvous alerts rather than as a standalone escalation trigger.,Distance to zone centre 6.0 km; zone radius 80.0 km.,2026-04
BKB-0046,SENSITIVE_ZONE,LOW,52,3277236545,2026-04-30T23:56:52+00:00,-10.5868616667,142.219348333,,Passenger,Presence inside Torres Strait illustrative fisheries focus area,"The vessel is inside an illustrative monitoring zone. This is contextual enrichment, not an allegation of wrongdoing.",Use as a contextual feature alongside gap/loitering/rendezvous alerts rather than as a standalone escalation trigger.,Distance to zone centre 9.9 km; zone radius 80.0 km.,2026-04
BKB-0001,AIS_GAP,HIGH,95,1057907993,2026-05-22T18:49:47+00:00,-11.4426383333,142.982891667,,Other,AIS gap of 450.3 h,"The vessel disappeared from the AIS source feed for longer than the configured threshold. This may indicate intentional disabling, poor coverage, equipment failure, or small-vessel below-threshold operation.","Review track before/after gap; cross-check RF, SAR, patrol and VMS sources. Note whether the gap area coincides with known IUU activity.",Previous point 2026-05-04T00:29:22+00:00 → current point 2026-05-22T18:49:47+00:00 (450.3 h silence).,2026-05
BKB-0002,AIS_GAP,HIGH,95,10815164921,2026-05-28T01:53:46+00:00,-10.71248,142.626063333,,Sailing,AIS gap of 18.9 h,"The vessel disappeared from the AIS source feed for longer than the configured threshold. This may indicate intentional disabling, poor coverage, equipment failure, or small-vessel below-threshold operation.","Review track before/after gap; cross-check RF, SAR, patrol and VMS sources. Note whether the gap area coincides with known IUU activity.",Previous point 2026-05-27T06:58:32+00:00 → current point 2026-05-28T01:53:46+00:00 (18.9 h silence).,2026-05
BKB-0003,AIS_GAP,HIGH,95,10815164921,2026-05-29T22:44:46+00:00,-10.6799466667,142.563725,,Sailing,AIS gap of 44.9 h,"The vessel disappeared from the AIS source feed for longer than the configured threshold. This may indicate intentional disabling, poor coverage, equipment failure, or small-vessel below-threshold operation.","Review track before/after gap; cross-check RF, SAR, patrol and VMS sources. Note whether the gap area coincides with known IUU activity.",Previous point 2026-05-28T01:53:46+00:00 → current point 2026-05-29T22:44:46+00:00 (44.9 h silence).,2026-05
BKB-0004,AIS_GAP,HIGH,95,10815164921,2026-05-31T19:44:36+00:00,-10.5961083333,142.239866667,,Sailing,AIS gap of 38.2 h,"The vessel disappeared from the AIS source feed for longer than the configured threshold. This may indicate intentional disabling, poor coverage, equipment failure, or small-vessel below-threshold operation.","Review track before/after gap; cross-check RF, SAR, patrol and VMS sources. Note whether the gap area coincides with known IUU activity.",Previous point 2026-05-30T05:34:29+00:00 → current point 2026-05-31T19:44:36+00:00 (38.2 h silence).,2026-05
BKB-0005,AIS_GAP,HIGH,95,1181641975,2026-05-23T17:34:51+00:00,-10.795905,141.228016667,,Other,AIS gap of 454.1 h,"The vessel disappeared from the AIS source feed for longer than the configured threshold. This may indicate intentional disabling, poor coverage, equipment failure, or small-vessel below-threshold operation.","Review track before/after gap; cross-check RF, SAR, patrol and VMS sources. Note whether the gap area coincides with known IUU activity.",Previous point 2026-05-04T19:29:40+00:00 → current point 2026-05-23T17:34:51+00:00 (454.1 h silence).,2026-05
BKB-0006,AIS_GAP,HIGH,95,11873854412,2026-05-18T09:03:04+00:00,-10.8471016667,142.36358,,Other,AIS gap of 26.2 h,"The vessel disappeared from the AIS source feed for longer than the configured threshold. This may indicate intentional disabling, poor coverage, equipment failure, or small-vessel below-threshold operation.","Review track before/after gap; cross-check RF, SAR, patrol and VMS sources. Note whether the gap area coincides with known IUU activity.",Previous point 2026-05-17T06:53:32+00:00 → current point 2026-05-18T09:03:04+00:00 (26.2 h silence).,2026-05
BKB-0007,AIS_GAP,HIGH,95,11873854412,2026-05-19T06:13:09+00:00,-10.829035,142.344941667,,Other,AIS gap of 21.2 h,"The vessel disappeared from the AIS source feed for longer than the configured threshold. This may indicate intentional disabling, poor coverage, equipment failure, or small-vessel below-threshold operation.","Review track before/after gap; cross-check RF, SAR, patrol and VMS sources. Note whether the gap area coincides with known IUU activity.",Previous point 2026-05-18T09:03:04+00:00 → current point 2026-05-19T06:13:09+00:00 (21.2 h silence).,2026-05
BKB-0008,AIS_GAP,MEDIUM,63,11873854412,2026-05-19T12:26:34+00:00,-10.8469816667,142.363605,,Other,AIS gap of 6.2 h,"The vessel disappeared from the AIS source feed for longer than the configured threshold. This may indicate intentional disabling, poor coverage, equipment failure, or small-vessel below-threshold operation.","Review track before/after gap; cross-check RF, SAR, patrol and VMS sources. Note whether the gap area coincides with known IUU activity.",Previous point 2026-05-19T06:13:09+00:00 → current point 2026-05-19T12:26:34+00:00 (6.2 h silence).,2026-05
BKB-0009,AIS_GAP,HIGH,95,11873854412,2026-05-19T23:49:49+00:00,-10.8467466667,142.365311667,,Other,AIS gap of 11.4 h,"The vessel disappeared from the AIS source feed for longer than the configured threshold. This may indicate intentional disabling, poor coverage, equipment failure, or small-vessel below-threshold operation.","Review track before/after gap; cross-check RF, SAR, patrol and VMS sources. Note whether the gap area coincides with known IUU activity.",Previous point 2026-05-19T12:26:34+00:00 → current point 2026-05-19T23:49:49+00:00 (11.4 h silence).,2026-05
BKB-0010,AIS_GAP,HIGH,95,11873854412,2026-05-20T18:08:23+00:00,-10.8475366667,142.362855,,Other,AIS gap of 11.6 h,"The vessel disappeared from the AIS source feed for longer than the configured threshold. This may indicate intentional disabling, poor coverage, equipment failure, or small-vessel below-threshold operation.","Review track before/after gap; cross-check RF, SAR, patrol and VMS sources. Note whether the gap area coincides with known IUU activity.",Previous point 2026-05-20T06:34:09+00:00 → current point 2026-05-20T18:08:23+00:00 (11.6 h silence).,2026-05
BKB-0011,AIS_GAP,MEDIUM,76,11873854412,2026-05-21T01:56:07+00:00,-10.8416783333,142.36686,,Other,AIS gap of 7.8 h,"The vessel disappeared from the AIS source feed for longer than the configured threshold. This may indicate intentional disabling, poor coverage, equipment failure, or small-vessel below-threshold operation.","Review track before/after gap; cross-check RF, SAR, patrol and VMS sources. Note whether the gap area coincides with known IUU activity.",Previous point 2026-05-20T18:08:23+00:00 → current point 2026-05-21T01:56:07+00:00 (7.8 h silence).,2026-05
BKB-0012,AIS_GAP,HIGH,95,11873854412,2026-05-22T20:10:06+00:00,-10.8480433333,142.362708333,,Other,AIS gap of 37.0 h,"The vessel disappeared from the AIS source feed for longer than the configured threshold. This may indicate intentional disabling, poor coverage, equipment failure, or small-vessel below-threshold operation.","Review track before/after gap; cross-check RF, SAR, patrol and VMS sources. Note whether the gap area coincides with known IUU activity.",Previous point 2026-05-21T07:09:41+00:00 → current point 2026-05-22T20:10:06+00:00 (37.0 h silence).,2026-05
BKB-0013,AIS_GAP,HIGH,95,11873854412,2026-05-23T06:27:59+00:00,-10.847685,142.362615,,Other,AIS gap of 10.3 h,"The vessel disappeared from the AIS source feed for longer than the configured threshold. This may indicate intentional disabling, poor coverage, equipment failure, or small-vessel below-threshold operation.","Review track before/after gap; cross-check RF, SAR, patrol and VMS sources. Note whether the gap area coincides with known IUU activity.",Previous point 2026-05-22T20:10:06+00:00 → current point 2026-05-23T06:27:59+00:00 (10.3 h silence).,2026-05
BKB-0014,AIS_GAP,HIGH,89,11873854412,2026-05-23T15:54:27+00:00,-10.8475633333,142.36292,,Other,AIS gap of 9.4 h,"The vessel disappeared from the AIS source feed for longer than the configured threshold. This may indicate intentional disabling, poor coverage, equipment failure, or small-vessel below-threshold operation.","Review track before/after gap; cross-check RF, SAR, patrol and VMS sources. Note whether the gap area coincides with known IUU activity.",Previous point 2026-05-23T06:27:59+00:00 → current point 2026-05-23T15:54:27+00:00 (9.4 h silence).,2026-05
BKB-0015,AIS_GAP,HIGH,95,11873854412,2026-05-25T03:34:34+00:00,-10.77432,142.358046667,,Other,AIS gap of 24.0 h,"The vessel disappeared from the AIS source feed for longer than the configured threshold. This may indicate intentional disabling, poor coverage, equipment failure, or small-vessel below-threshold operation.","Review track before/after gap; cross-check RF, SAR, patrol and VMS sources. Note whether the gap area coincides with known IUU activity.",Previous point 2026-05-24T03:36:28+00:00 → current point 2026-05-25T03:34:34+00:00 (24.0 h silence).,2026-05
BKB-0016,AIS_GAP,HIGH,95,11873854412,2026-05-26T02:56:53+00:00,-10.8465566667,142.365478333,,Other,AIS gap of 19.5 h,"The vessel disappeared from the AIS source feed for longer than the configured threshold. This may indicate intentional disabling, poor coverage, equipment failure, or small-vessel below-threshold operation.","Review track before/after gap; cross-check RF, SAR, patrol and VMS sources. Note whether the gap area coincides with known IUU activity.",Previous point 2026-05-25T07:25:43+00:00 → current point 2026-05-26T02:56:53+00:00 (19.5 h silence).,2026-05
BKB-0017,AIS_GAP,HIGH,95,11873854412,2026-05-27T03:08:24+00:00,-10.83861,142.369341667,,Other,AIS gap of 11.1 h,"The vessel disappeared from the AIS source feed for longer than the configured threshold. This may indicate intentional disabling, poor coverage, equipment failure, or small-vessel below-threshold operation.","Review track before/after gap; cross-check RF, SAR, patrol and VMS sources. Note whether the gap area coincides with known IUU activity.",Previous point 2026-05-26T16:04:27+00:00 → current point 2026-05-27T03:08:24+00:00 (11.1 h silence).,2026-05
BKB-0018,AIS_GAP,HIGH,95,11873854412,2026-05-27T18:34:03+00:00,-10.8474083333,142.36326,,Other,AIS gap of 13.1 h,"The vessel disappeared from the AIS source feed for longer than the configured threshold. This may indicate intentional disabling, poor coverage, equipment failure, or small-vessel below-threshold operation.","Review track before/after gap; cross-check RF, SAR, patrol and VMS sources. Note whether the gap area coincides with known IUU activity.",Previous point 2026-05-27T05:29:52+00:00 → current point 2026-05-27T18:34:03+00:00 (13.1 h silence).,2026-05
BKB-0019,AIS_GAP,HIGH,95,11873854412,2026-05-28T06:27:05+00:00,-10.8466716667,142.365486667,,Other,AIS gap of 11.9 h,"The vessel disappeared from the AIS source feed for longer than the configured threshold. This may indicate intentional disabling, poor coverage, equipment failure, or small-vessel below-threshold operation.","Review track before/after gap; cross-check RF, SAR, patrol and VMS sources. Note whether the gap area coincides with known IUU activity.",Previous point 2026-05-27T18:34:03+00:00 → current point 2026-05-28T06:27:05+00:00 (11.9 h silence).,2026-05
BKB-0020,AIS_GAP,HIGH,90,11873854412,2026-05-28T16:01:08+00:00,-10.8480683333,142.362896667,,Other,AIS gap of 9.6 h,"The vessel disappeared from the AIS source feed for longer than the configured threshold. This may indicate intentional disabling, poor coverage, equipment failure, or small-vessel below-threshold operation.","Review track before/after gap; cross-check RF, SAR, patrol and VMS sources. Note whether the gap area coincides with known IUU activity.",Previous point 2026-05-28T06:27:05+00:00 → current point 2026-05-28T16:01:08+00:00 (9.6 h silence).,2026-05
BKB-0021,AIS_GAP,HIGH,84,11873854412,2026-05-29T00:48:24+00:00,-10.8480683333,142.362863333,,Other,AIS gap of 8.8 h,"The vessel disappeared from the AIS source feed for longer than the configured threshold. This may indicate intentional disabling, poor coverage, equipment failure, or small-vessel below-threshold operation.","Review track before/after gap; cross-check RF, SAR, patrol and VMS sources. Note whether the gap area coincides with known IUU activity.",Previous point 2026-05-28T16:01:08+00:00 → current point 2026-05-29T00:48:24+00:00 (8.8 h silence).,2026-05
BKB-0022,AIS_GAP,HIGH,95,12067453165,2026-05-24T10:03:33+00:00,-10.6910933333,141.206191667,,Tanker,AIS gap of 477.6 h,"The vessel disappeared from the AIS source feed for longer than the configured threshold. This may indicate intentional disabling, poor coverage, equipment failure, or small-vessel below-threshold operation.","Review track before/after gap; cross-check RF, SAR, patrol and VMS sources. Note whether the gap area coincides with known IUU activity.",Previous point 2026-05-04T12:27:20+00:00 → current point 2026-05-24T10:03:33+00:00 (477.6 h silence).,2026-05
BKB-0023,AIS_GAP,HIGH,95,12489594532,2026-05-29T07:39:46+00:00,-11.3825916667,142.99421,,Tanker,AIS gap of 347.1 h,"The vessel disappeared from the AIS source feed for longer than the configured threshold. This may indicate intentional disabling, poor coverage, equipment failure, or small-vessel below-threshold operation.","Review track before/after gap; cross-check RF, SAR, patrol and VMS sources. Note whether the gap area coincides with known IUU activity.",Previous point 2026-05-14T20:34:47+00:00 → current point 2026-05-29T07:39:46+00:00 (347.1 h silence).,2026-05
BKB-0024,AIS_GAP,HIGH,95,1495008416,2026-05-24T06:54:38+00:00,-10.3825266667,142.378575,,Other,AIS gap of 67.1 h,"The vessel disappeared from the AIS source feed for longer than the configured threshold. This may indicate intentional disabling, poor coverage, equipment failure, or small-vessel below-threshold operation.","Review track before/after gap; cross-check RF, SAR, patrol and VMS sources. Note whether the gap area coincides with known IUU activity.",Previous point 2026-05-21T11:48:10+00:00 → current point 2026-05-24T06:54:38+00:00 (67.1 h silence).,2026-05
BKB-0025,AIS_GAP,HIGH,95,1539738270,2026-05-05T21:46:00+00:00,-10.586625,142.221468333,,Other,AIS gap of 20.3 h,"The vessel disappeared from the AIS source feed for longer than the configured threshold. This may indicate intentional disabling, poor coverage, equipment failure, or small-vessel below-threshold operation.","Review track before/after gap; cross-check RF, SAR, patrol and VMS sources. Note whether the gap area coincides with known IUU activity.",Previous point 2026-05-05T01:29:50+00:00 → current point 2026-05-05T21:46:00+00:00 (20.3 h silence).,2026-05
BKB-0026,AIS_GAP,HIGH,95,1539738270,2026-05-25T01:09:55+00:00,-10.5866666667,142.22133,,Other,AIS gap of 451.0 h,"The vessel disappeared from the AIS source feed for longer than the configured threshold. This may indicate intentional disabling, poor coverage, equipment failure, or small-vessel below-threshold operation.","Review track before/after gap; cross-check RF, SAR, patrol and VMS sources. Note whether the gap area coincides with known IUU activity.",Previous point 2026-05-06T06:08:08+00:00 → current point 2026-05-25T01:09:55+00:00 (451.0 h silence).,2026-05
BKB-0027,AIS_GAP,HIGH,95,1539738270,2026-05-25T20:09:53+00:00,-10.586525,142.221586667,,Other,AIS gap of 18.0 h,"The vessel disappeared from the AIS source feed for longer than the configured threshold. This may indicate intentional disabling, poor coverage, equipment failure, or small-vessel below-threshold operation.","Review track before/after gap; cross-check RF, SAR, patrol and VMS sources. Note whether the gap area coincides with known IUU activity.",Previous point 2026-05-25T02:09:57+00:00 → current point 2026-05-25T20:09:53+00:00 (18.0 h silence).,2026-05
BKB-0028,AIS_GAP,HIGH,95,156071957,2026-05-30T07:09:57+00:00,-9.23221666667,143.340808333,,Cargo,AIS gap of 46.9 h,"The vessel disappeared from the AIS source feed for longer than the configured threshold. This may indicate intentional disabling, poor coverage, equipment failure, or small-vessel below-threshold operation.","Review track before/after gap; cross-check RF, SAR, patrol and VMS sources. Note whether the gap area coincides with known IUU activity.",Previous point 2026-05-28T08:14:55+00:00 → current point 2026-05-30T07:09:57+00:00 (46.9 h silence).,2026-05
BKB-0029,AIS_GAP,HIGH,95,15952,2026-05-06T21:17:43+00:00,-11.4430983333,142.924573333,,Cargo,AIS gap of 130.0 h,"The vessel disappeared from the AIS source feed for longer than the configured threshold. This may indicate intentional disabling, poor coverage, equipment failure, or small-vessel below-threshold operation.","Review track before/after gap; cross-check RF, SAR, patrol and VMS sources. Note whether the gap area coincides with known IUU activity.",Previous point 2026-05-01T11:16:17+00:00 → current point 2026-05-06T21:17:43+00:00 (130.0 h silence).,2026-05
BKB-0030,AIS_GAP,HIGH,95,15952,2026-05-13T14:29:00+00:00,-11.352365,142.910778333,,Cargo,AIS gap of 118.1 h,"The vessel disappeared from the AIS source feed for longer than the configured threshold. This may indicate intentional disabling, poor coverage, equipment failure, or small-vessel below-threshold operation.","Review track before/after gap; cross-check RF, SAR, patrol and VMS sources. Note whether the gap area coincides with known IUU activity.",Previous point 2026-05-08T16:20:35+00:00 → current point 2026-05-13T14:29:00+00:00 (118.1 h silence).,2026-05
BKB-0031,AIS_GAP,HIGH,95,15952,2026-05-20T16:14:53+00:00,-11.3279633333,142.909841667,,Cargo,AIS gap of 124.6 h,"The vessel disappeared from the AIS source feed for longer than the configured threshold. This may indicate intentional disabling, poor coverage, equipment failure, or small-vessel below-threshold operation.","Review track before/after gap; cross-check RF, SAR, patrol and VMS sources. Note whether the gap area coincides with known IUU activity.",Previous point 2026-05-15T11:38:55+00:00 → current point 2026-05-20T16:14:53+00:00 (124.6 h silence).,2026-05
BKB-0032,AIS_GAP,MEDIUM,58,15952,2026-05-21T19:09:22+00:00,-10.8462966667,142.365485,,Cargo,AIS gap of 6.5 h,"The vessel disappeared from the AIS source feed for longer than the configured threshold. This may indicate intentional disabling, poor coverage, equipment failure, or small-vessel below-threshold operation.","Review track before/after gap; cross-check RF, SAR, patrol and VMS sources. Note whether the gap area coincides with known IUU activity.",Previous point 2026-05-21T12:42:21+00:00 → current point 2026-05-21T19:09:22+00:00 (6.5 h silence).,2026-05
BKB-0033,AIS_GAP,HIGH,95,15952,2026-05-27T14:15:04+00:00,-11.3834133333,142.911133333,,Cargo,AIS gap of 127.9 h,"The vessel disappeared from the AIS source feed for longer than the configured threshold. This may indicate intentional disabling, poor coverage, equipment failure, or small-vessel below-threshold operation.","Review track before/after gap; cross-check RF, SAR, patrol and VMS sources. Note whether the gap area coincides with known IUU activity.",Previous point 2026-05-22T06:20:33+00:00 → current point 2026-05-27T14:15:04+00:00 (127.9 h silence).,2026-05
BKB-0034,AIS_GAP,HIGH,95,17512462904,2026-05-29T17:58:20+00:00,-10.7217283333,142.612025,,Sailing,AIS gap of 14.1 h,"The vessel disappeared from the AIS source feed for longer than the configured threshold. This may indicate intentional disabling, poor coverage, equipment failure, or small-vessel below-threshold operation.","Review track before/after gap; cross-check RF, SAR, patrol and VMS sources. Note whether the gap area coincides with known IUU activity.",Previous point 2026-05-29T03:53:32+00:00 → current point 2026-05-29T17:58:20+00:00 (14.1 h silence).,2026-05
BKB-0035,AIS_GAP,HIGH,95,17806067430,2026-05-30T02:34:46+00:00,-11.334185,142.994511667,,Cargo,AIS gap of 166.5 h,"The vessel disappeared from the AIS source feed for longer than the configured threshold. This may indicate intentional disabling, poor coverage, equipment failure, or small-vessel below-threshold operation.","Review track before/after gap; cross-check RF, SAR, patrol and VMS sources. Note whether the gap area coincides with known IUU activity.",Previous point 2026-05-23T04:02:41+00:00 → current point 2026-05-30T02:34:46+00:00 (166.5 h silence).,2026-05
BKB-0036,AIS_GAP,HIGH,95,17873790334,2026-05-25T08:14:56+00:00,-10.6482683333,141.139818333,,Tanker,AIS gap of 556.5 h,"The vessel disappeared from the AIS source feed for longer than the configured threshold. This may indicate intentional disabling, poor coverage, equipment failure, or small-vessel below-threshold operation.","Review track before/after gap; cross-check RF, SAR, patrol and VMS sources. Note whether the gap area coincides with known IUU activity.",Previous point 2026-05-02T03:42:02+00:00 → current point 2026-05-25T08:14:56+00:00 (556.5 h silence).,2026-05
BKB-0037,AIS_GAP,HIGH,95,1788263677,2026-05-17T19:58:21+00:00,-11.3463416667,142.999878333,,Cargo,AIS gap of 352.7 h,"The vessel disappeared from the AIS source feed for longer than the configured threshold. This may indicate intentional disabling, poor coverage, equipment failure, or small-vessel below-threshold operation.","Review track before/after gap; cross-check RF, SAR, patrol and VMS sources. Note whether the gap area coincides with known IUU activity.",Previous point 2026-05-03T03:19:18+00:00 → current point 2026-05-17T19:58:21+00:00 (352.7 h silence).,2026-05
BKB-0038,AIS_GAP,HIGH,95,1788263677,2026-05-21T09:57:14+00:00,-11.4968583333,141.523333333,,Cargo,AIS gap of 72.9 h,"The vessel disappeared from the AIS source feed for longer than the configured threshold. This may indicate intentional disabling, poor coverage, equipment failure, or small-vessel below-threshold operation.","Review track before/after gap; cross-check RF, SAR, patrol and VMS sources. Note whether the gap area coincides with known IUU activity.",Previous point 2026-05-18T09:04:50+00:00 → current point 2026-05-21T09:57:14+00:00 (72.9 h silence).,2026-05
BKB-0039,AIS_GAP,MEDIUM,76,17952517780,2026-05-03T19:49:29+00:00,-9.45224666667,141.661685,,Unknown,AIS gap of 7.9 h,"The vessel disappeared from the AIS source feed for longer than the configured threshold. This may indicate intentional disabling, poor coverage, equipment failure, or small-vessel below-threshold operation.","Review track before/after gap; cross-check RF, SAR, patrol and VMS sources. Note whether the gap area coincides with known IUU activity.",Previous point 2026-05-03T11:58:01+00:00 → current point 2026-05-03T19:49:29+00:00 (7.9 h silence).,2026-05
BKB-0040,AIS_GAP,HIGH,95,17952517780,2026-05-04T11:02:11+00:00,-9.464665,141.735155,,Unknown,AIS gap of 15.2 h,"The vessel disappeared from the AIS source feed for longer than the configured threshold. This may indicate intentional disabling, poor coverage, equipment failure, or small-vessel below-threshold operation.","Review track before/after gap; cross-check RF, SAR, patrol and VMS sources. Note whether the gap area coincides with known IUU activity.",Previous point 2026-05-03T19:49:29+00:00 → current point 2026-05-04T11:02:11+00:00 (15.2 h silence).,2026-05
BKB-0041,AIS_GAP,HIGH,82,17952517780,2026-05-04T19:35:37+00:00,-9.45668166667,141.700763333,,Unknown,AIS gap of 8.6 h,"The vessel disappeared from the AIS source feed for longer than the configured threshold. This may indicate intentional disabling, poor coverage, equipment failure, or small-vessel below-threshold operation.","Review track before/after gap; cross-check RF, SAR, patrol and VMS sources. Note whether the gap area coincides with known IUU activity.",Previous point 2026-05-04T11:02:11+00:00 → current point 2026-05-04T19:35:37+00:00 (8.6 h silence).,2026-05
BKB-0042,AIS_GAP,HIGH,85,17952517780,2026-05-05T06:47:21+00:00,-9.49122833333,141.733013333,,Unknown,AIS gap of 8.9 h,"The vessel disappeared from the AIS source feed for longer than the configured threshold. This may indicate intentional disabling, poor coverage, equipment failure, or small-vessel below-threshold operation.","Review track before/after gap; cross-check RF, SAR, patrol and VMS sources. Note whether the gap area coincides with known IUU activity.",Previous point 2026-05-04T21:50:26+00:00 → current point 2026-05-05T06:47:21+00:00 (8.9 h silence).,2026-05
BKB-0043,AIS_GAP,HIGH,94,17952517780,2026-05-05T23:06:47+00:00,-9.455435,141.761535,,Unknown,AIS gap of 10.1 h,"The vessel disappeared from the AIS source feed for longer than the configured threshold. This may indicate intentional disabling, poor coverage, equipment failure, or small-vessel below-threshold operation.","Review track before/after gap; cross-check RF, SAR, patrol and VMS sources. Note whether the gap area coincides with known IUU activity.",Previous point 2026-05-05T13:01:17+00:00 → current point 2026-05-05T23:06:47+00:00 (10.1 h silence).,2026-05
BKB-0044,AIS_GAP,HIGH,95,17952517780,2026-05-06T10:53:27+00:00,-9.45246833333,141.779856667,,Unknown,AIS gap of 11.8 h,"The vessel disappeared from the AIS source feed for longer than the configured threshold. This may indicate intentional disabling, poor coverage, equipment failure, or small-vessel below-threshold operation.","Review track before/after gap; cross-check RF, SAR, patrol and VMS sources. Note whether the gap area coincides with known IUU activity.",Previous point 2026-05-05T23:06:47+00:00 → current point 2026-05-06T10:53:27+00:00 (11.8 h silence).,2026-05
BKB-0045,AIS_GAP,HIGH,90,17952517780,2026-05-06T20:28:28+00:00,-9.44667333333,141.761623333,,Unknown,AIS gap of 9.6 h,"The vessel disappeared from the AIS source feed for longer than the configured threshold. This may indicate intentional disabling, poor coverage, equipment failure, or small-vessel below-threshold operation.","Review track before/after gap; cross-check RF, SAR, patrol and VMS sources. Note whether the gap area coincides with known IUU activity.",Previous point 2026-05-06T10:53:27+00:00 → current point 2026-05-06T20:28:28+00:00 (9.6 h silence).,2026-05
BKB-0046,AIS_GAP,HIGH,95,17952517780,2026-05-07T12:04:10+00:00,-9.44506333333,141.803176667,,Unknown,AIS gap of 15.6 h,"The vessel disappeared from the AIS source feed for longer than the configured threshold. This may indicate intentional disabling, poor coverage, equipment failure, or small-vessel below-threshold operation.","Review track before/after gap; cross-check RF, SAR, patrol and VMS sources. Note whether the gap area coincides with known IUU activity.",Previous point 2026-05-06T20:28:28+00:00 → current point 2026-05-07T12:04:10+00:00 (15.6 h silence).,2026-05
BKB-0047,AIS_GAP,HIGH,95,17952517780,2026-05-07T22:56:36+00:00,-9.44087833333,141.782991667,,Unknown,AIS gap of 10.9 h,"The vessel disappeared from the AIS source feed for longer than the configured threshold. This may indicate intentional disabling, poor coverage, equipment failure, or small-vessel below-threshold operation.","Review track before/after gap; cross-check RF, SAR, patrol and VMS sources. Note whether the gap area coincides with known IUU activity.",Previous point 2026-05-07T12:04:10+00:00 → current point 2026-05-07T22:56:36+00:00 (10.9 h silence).,2026-05
BKB-0048,AIS_GAP,HIGH,95,17952517780,2026-05-09T06:15:34+00:00,-9.51635666667,141.381453333,,Unknown,AIS gap of 19.4 h,"The vessel disappeared from the AIS source feed for longer than the configured threshold. This may indicate intentional disabling, poor coverage, equipment failure, or small-vessel below-threshold operation.","Review track before/after gap; cross-check RF, SAR, patrol and VMS sources. Note whether the gap area coincides with known IUU activity.",Previous point 2026-05-08T10:52:46+00:00 → current point 2026-05-09T06:15:34+00:00 (19.4 h silence).,2026-05
BKB-0049,AIS_GAP,HIGH,95,17952517780,2026-05-10T07:18:05+00:00,-9.72294666667,141.406326667,,Unknown,AIS gap of 23.5 h,"The vessel disappeared from the AIS source feed for longer than the configured threshold. This may indicate intentional disabling, poor coverage, equipment failure, or small-vessel below-threshold operation.","Review track before/after gap; cross-check RF, SAR, patrol and VMS sources. Note whether the gap area coincides with known IUU activity.",Previous point 2026-05-09T07:45:38+00:00 → current point 2026-05-10T07:18:05+00:00 (23.5 h silence).,2026-05
BKB-0050,AIS_GAP,HIGH,95,17952517780,2026-05-11T03:49:04+00:00,-9.67330166667,141.408475,,Unknown,AIS gap of 15.4 h,"The vessel disappeared from the AIS source feed for longer than the configured threshold. This may indicate intentional disabling, poor coverage, equipment failure, or small-vessel below-threshold operation.","Review track before/after gap; cross-check RF, SAR, patrol and VMS sources. Note whether the gap area coincides with known IUU activity.",Previous point 2026-05-10T12:23:03+00:00 → current point 2026-05-11T03:49:04+00:00 (15.4 h silence).,2026-05
BKB-0051,AIS_GAP,HIGH,80,17952517780,2026-05-11T12:07:24+00:00,-9.66189,141.365615,,Unknown,AIS gap of 8.3 h,"The vessel disappeared from the AIS source feed for longer than the configured threshold. This may indicate intentional disabling, poor coverage, equipment failure, or small-vessel below-threshold operation.","Review track before/after gap; cross-check RF, SAR, patrol and VMS sources. Note whether the gap area coincides with known IUU activity.",Previous point 2026-05-11T03:49:04+00:00 → current point 2026-05-11T12:07:24+00:00 (8.3 h silence).,2026-05
BKB-0052,AIS_GAP,HIGH,95,17952517780,2026-05-12T18:37:52+00:00,-9.44787666667,141.66841,,Unknown,AIS gap of 30.5 h,"The vessel disappeared from the AIS source feed for longer than the configured threshold. This may indicate intentional disabling, poor coverage, equipment failure, or small-vessel below-threshold operation.","Review track before/after gap; cross-check RF, SAR, patrol and VMS sources. Note whether the gap area coincides with known IUU activity.",Previous point 2026-05-11T12:07:24+00:00 → current point 2026-05-12T18:37:52+00:00 (30.5 h silence).,2026-05
BKB-0053,AIS_GAP,HIGH,95,17952517780,2026-05-14T16:18:38+00:00,-9.45092666667,141.693753333,,Unknown,AIS gap of 45.7 h,"The vessel disappeared from the AIS source feed for longer than the configured threshold. This may indicate intentional disabling, poor coverage, equipment failure, or small-vessel below-threshold operation.","Review track before/after gap; cross-check RF, SAR, patrol and VMS sources. Note whether the gap area coincides with known IUU activity.",Previous point 2026-05-12T18:37:52+00:00 → current point 2026-05-14T16:18:38+00:00 (45.7 h silence).,2026-05
BKB-0054,AIS_GAP,HIGH,95,17952517780,2026-05-15T16:32:38+00:00,-9.461875,141.683893333,,Unknown,AIS gap of 19.6 h,"The vessel disappeared from the AIS source feed for longer than the configured threshold. This may indicate intentional disabling, poor coverage, equipment failure, or small-vessel below-threshold operation.","Review track before/after gap; cross-check RF, SAR, patrol and VMS sources. Note whether the gap area coincides with known IUU activity.",Previous point 2026-05-14T20:58:04+00:00 → current point 2026-05-15T16:32:38+00:00 (19.6 h silence).,2026-05
BKB-0055,AIS_GAP,HIGH,95,17952517780,2026-05-18T06:34:44+00:00,-9.45197666667,141.71794,,Unknown,AIS gap of 56.1 h,"The vessel disappeared from the AIS source feed for longer than the configured threshold. This may indicate intentional disabling, poor coverage, equipment failure, or small-vessel below-threshold operation.","Review track before/after gap; cross-check RF, SAR, patrol and VMS sources. Note whether the gap area coincides with known IUU activity.",Previous point 2026-05-15T22:28:02+00:00 → current point 2026-05-18T06:34:44+00:00 (56.1 h silence).,2026-05
BKB-0056,AIS_GAP,MEDIUM,63,17952517780,2026-05-18T12:43:41+00:00,-9.438605,141.810693333,,Unknown,AIS gap of 6.1 h,"The vessel disappeared from the AIS source feed for longer than the configured threshold. This may indicate intentional disabling, poor coverage, equipment failure, or small-vessel below-threshold operation.","Review track before/after gap; cross-check RF, SAR, patrol and VMS sources. Note whether the gap area coincides with known IUU activity.",Previous point 2026-05-18T06:34:44+00:00 → current point 2026-05-18T12:43:41+00:00 (6.1 h silence).,2026-05
BKB-0057,AIS_GAP,HIGH,95,17952517780,2026-05-26T07:01:48+00:00,-9.739865,141.774211667,,Unknown,AIS gap of 186.3 h,"The vessel disappeared from the AIS source feed for longer than the configured threshold. This may indicate intentional disabling, poor coverage, equipment failure, or small-vessel below-threshold operation.","Review track before/after gap; cross-check RF, SAR, patrol and VMS sources. Note whether the gap area coincides with known IUU activity.",Previous point 2026-05-18T12:43:41+00:00 → current point 2026-05-26T07:01:48+00:00 (186.3 h silence).,2026-05
BKB-0058,AIS_GAP,HIGH,95,17952517780,2026-05-27T06:49:16+00:00,-9.72217333333,141.740036667,,Unknown,AIS gap of 18.0 h,"The vessel disappeared from the AIS source feed for longer than the configured threshold. This may indicate intentional disabling, poor coverage, equipment failure, or small-vessel below-threshold operation.","Review track before/after gap; cross-check RF, SAR, patrol and VMS sources. Note whether the gap area coincides with known IUU activity.",Previous point 2026-05-26T12:46:28+00:00 → current point 2026-05-27T06:49:16+00:00 (18.0 h silence).,2026-05
BKB-0059,AIS_GAP,HIGH,95,17952517780,2026-05-28T03:55:32+00:00,-9.71702833333,141.729065,,Unknown,AIS gap of 21.1 h,"The vessel disappeared from the AIS source feed for longer than the configured threshold. This may indicate intentional disabling, poor coverage, equipment failure, or small-vessel below-threshold operation.","Review track before/after gap; cross-check RF, SAR, patrol and VMS sources. Note whether the gap area coincides with known IUU activity.",Previous point 2026-05-27T06:49:16+00:00 → current point 2026-05-28T03:55:32+00:00 (21.1 h silence).,2026-05
BKB-0060,AIS_GAP,MEDIUM,71,17952517780,2026-05-28T11:08:38+00:00,-9.72361,141.734243333,,Unknown,AIS gap of 7.2 h,"The vessel disappeared from the AIS source feed for longer than the configured threshold. This may indicate intentional disabling, poor coverage, equipment failure, or small-vessel below-threshold operation.","Review track before/after gap; cross-check RF, SAR, patrol and VMS sources. Note whether the gap area coincides with known IUU activity.",Previous point 2026-05-28T03:55:32+00:00 → current point 2026-05-28T11:08:38+00:00 (7.2 h silence).,2026-05
BKB-0061,AIS_GAP,HIGH,82,17952517780,2026-05-28T19:43:16+00:00,-9.71754666667,141.734366667,,Unknown,AIS gap of 8.6 h,"The vessel disappeared from the AIS source feed for longer than the configured threshold. This may indicate intentional disabling, poor coverage, equipment failure, or small-vessel below-threshold operation.","Review track before/after gap; cross-check RF, SAR, patrol and VMS sources. Note whether the gap area coincides with known IUU activity.",Previous point 2026-05-28T11:08:38+00:00 → current point 2026-05-28T19:43:16+00:00 (8.6 h silence).,2026-05
BKB-0062,AIS_GAP,HIGH,95,17975949069,2026-05-21T14:59:49+00:00,-10.2647433333,143.07212,,Fishing,AIS gap of 41.7 h,"The vessel disappeared from the AIS source feed for longer than the configured threshold. This may indicate intentional disabling, poor coverage, equipment failure, or small-vessel below-threshold operation.","Review track before/after gap; cross-check RF, SAR, patrol and VMS sources. Note whether the gap area coincides with known IUU activity.",Previous point 2026-05-19T21:19:29+00:00 → current point 2026-05-21T14:59:49+00:00 (41.7 h silence).,2026-05
BKB-0063,AIS_GAP,HIGH,95,18349406256,2026-05-06T10:56:12+00:00,-9.73243666667,141.719545,,Other,AIS gap of 18.8 h,"The vessel disappeared from the AIS source feed for longer than the configured threshold. This may indicate intentional disabling, poor coverage, equipment failure, or small-vessel below-threshold operation.","Review track before/after gap; cross-check RF, SAR, patrol and VMS sources. Note whether the gap area coincides with known IUU activity.",Previous point 2026-05-05T16:09:29+00:00 → current point 2026-05-06T10:56:12+00:00 (18.8 h silence).,2026-05
BKB-0064,AIS_GAP,HIGH,95,18349406256,2026-05-07T04:54:37+00:00,-9.74452666667,141.655195,,Other,AIS gap of 18.0 h,"The vessel disappeared from the AIS source feed for longer than the configured threshold. This may indicate intentional disabling, poor coverage, equipment failure, or small-vessel below-threshold operation.","Review track before/after gap; cross-check RF, SAR, patrol and VMS sources. Note whether the gap area coincides with known IUU activity.",Previous point 2026-05-06T10:56:12+00:00 → current point 2026-05-07T04:54:37+00:00 (18.0 h silence).,2026-05
BKB-0065,AIS_GAP,MEDIUM,66,18349406256,2026-05-07T13:27:32+00:00,-9.70811333333,141.727563333,,Other,AIS gap of 6.5 h,"The vessel disappeared from the AIS source feed for longer than the configured threshold. This may indicate intentional disabling, poor coverage, equipment failure, or small-vessel below-threshold operation.","Review track before/after gap; cross-check RF, SAR, patrol and VMS sources. Note whether the gap area coincides with known IUU activity.",Previous point 2026-05-07T06:55:36+00:00 → current point 2026-05-07T13:27:32+00:00 (6.5 h silence).,2026-05
BKB-0066,AIS_GAP,HIGH,95,18349406256,2026-05-08T06:34:36+00:00,-9.71815166667,141.445348333,,Other,AIS gap of 17.1 h,"The vessel disappeared from the AIS source feed for longer than the configured threshold. This may indicate intentional disabling, poor coverage, equipment failure, or small-vessel below-threshold operation.","Review track before/after gap; cross-check RF, SAR, patrol and VMS sources. Note whether the gap area coincides with known IUU activity.",Previous point 2026-05-07T13:27:32+00:00 → current point 2026-05-08T06:34:36+00:00 (17.1 h silence).,2026-05
BKB-0067,AIS_GAP,MEDIUM,74,18349406256,2026-05-08T19:52:22+00:00,-9.691535,141.503438333,,Other,AIS gap of 7.6 h,"The vessel disappeared from the AIS source feed for longer than the configured threshold. This may indicate intentional disabling, poor coverage, equipment failure, or small-vessel below-threshold operation.","Review track before/after gap; cross-check RF, SAR, patrol and VMS sources. Note whether the gap area coincides with known IUU activity.",Previous point 2026-05-08T12:18:47+00:00 → current point 2026-05-08T19:52:22+00:00 (7.6 h silence).,2026-05
BKB-0068,AIS_GAP,HIGH,95,18349406256,2026-05-11T12:13:30+00:00,-9.75803666667,141.33713,,Other,AIS gap of 64.4 h,"The vessel disappeared from the AIS source feed for longer than the configured threshold. This may indicate intentional disabling, poor coverage, equipment failure, or small-vessel below-threshold operation.","Review track before/after gap; cross-check RF, SAR, patrol and VMS sources. Note whether the gap area coincides with known IUU activity.",Previous point 2026-05-08T19:52:22+00:00 → current point 2026-05-11T12:13:30+00:00 (64.4 h silence).,2026-05
BKB-0069,AIS_GAP,HIGH,95,18349406256,2026-05-19T11:40:05+00:00,-9.76777333333,141.829341667,,Other,AIS gap of 191.4 h,"The vessel disappeared from the AIS source feed for longer than the configured threshold. This may indicate intentional disabling, poor coverage, equipment failure, or small-vessel below-threshold operation.","Review track before/after gap; cross-check RF, SAR, patrol and VMS sources. Note whether the gap area coincides with known IUU activity.",Previous point 2026-05-11T12:13:30+00:00 → current point 2026-05-19T11:40:05+00:00 (191.4 h silence).,2026-05
BKB-0070,AIS_GAP,HIGH,95,18349406256,2026-05-21T07:13:36+00:00,-9.81177333333,141.70389,,Other,AIS gap of 43.6 h,"The vessel disappeared from the AIS source feed for longer than the configured threshold. This may indicate intentional disabling, poor coverage, equipment failure, or small-vessel below-threshold operation.","Review track before/after gap; cross-check RF, SAR, patrol and VMS sources. Note whether the gap area coincides with known IUU activity.",Previous point 2026-05-19T11:40:05+00:00 → current point 2026-05-21T07:13:36+00:00 (43.6 h silence).,2026-05
BKB-0071,AIS_GAP,HIGH,95,18349406256,2026-05-27T11:15:08+00:00,-9.75477666667,141.71579,,Other,AIS gap of 143.7 h,"The vessel disappeared from the AIS source feed for longer than the configured threshold. This may indicate intentional disabling, poor coverage, equipment failure, or small-vessel below-threshold operation.","Review track before/after gap; cross-check RF, SAR, patrol and VMS sources. Note whether the gap area coincides with known IUU activity.",Previous point 2026-05-21T11:30:35+00:00 → current point 2026-05-27T11:15:08+00:00 (143.7 h silence).,2026-05
BKB-0072,AIS_GAP,MEDIUM,72,18349406256,2026-05-27T18:35:07+00:00,-9.73023,141.74786,,Other,AIS gap of 7.3 h,"The vessel disappeared from the AIS source feed for longer than the configured threshold. This may indicate intentional disabling, poor coverage, equipment failure, or small-vessel below-threshold operation.","Review track before/after gap; cross-check RF, SAR, patrol and VMS sources. Note whether the gap area coincides with known IUU activity.",Previous point 2026-05-27T11:15:08+00:00 → current point 2026-05-27T18:35:07+00:00 (7.3 h silence).,2026-05
BKB-0073,AIS_GAP,HIGH,95,18349406256,2026-05-28T06:31:07+00:00,-9.736145,141.736221667,,Other,AIS gap of 11.9 h,"The vessel disappeared from the AIS source feed for longer than the configured threshold. This may indicate intentional disabling, poor coverage, equipment failure, or small-vessel below-threshold operation.","Review track before/after gap; cross-check RF, SAR, patrol and VMS sources. Note whether the gap area coincides with known IUU activity.",Previous point 2026-05-27T18:35:07+00:00 → current point 2026-05-28T06:31:07+00:00 (11.9 h silence).,2026-05
BKB-0074,AIS_GAP,HIGH,95,18349406256,2026-05-28T19:46:06+00:00,-9.74168,141.72833,,Other,AIS gap of 13.2 h,"The vessel disappeared from the AIS source feed for longer than the configured threshold. This may indicate intentional disabling, poor coverage, equipment failure, or small-vessel below-threshold operation.","Review track before/after gap; cross-check RF, SAR, patrol and VMS sources. Note whether the gap area coincides with known IUU activity.",Previous point 2026-05-28T06:31:07+00:00 → current point 2026-05-28T19:46:06+00:00 (13.2 h silence).,2026-05
BKB-0075,AIS_GAP,MEDIUM,79,18349406256,2026-05-29T03:58:26+00:00,-9.73343,141.589981667,,Other,AIS gap of 8.2 h,"The vessel disappeared from the AIS source feed for longer than the configured threshold. This may indicate intentional disabling, poor coverage, equipment failure, or small-vessel below-threshold operation.","Review track before/after gap; cross-check RF, SAR, patrol and VMS sources. Note whether the gap area coincides with known IUU activity.",Previous point 2026-05-28T19:46:06+00:00 → current point 2026-05-29T03:58:26+00:00 (8.2 h silence).,2026-05
BKB-0076,AIS_GAP,HIGH,95,18797721,2026-05-03T01:04:51+00:00,-10.614975,142.586613333,,Unknown,AIS gap of 20.7 h,"The vessel disappeared from the AIS source feed for longer than the configured threshold. This may indicate intentional disabling, poor coverage, equipment failure, or small-vessel below-threshold operation.","Review track before/after gap; cross-check RF, SAR, patrol and VMS sources. Note whether the gap area coincides with known IUU activity.",Previous point 2026-05-02T04:24:53+00:00 → current point 2026-05-03T01:04:51+00:00 (20.7 h silence).,2026-05
BKB-0077,AIS_GAP,HIGH,95,18797721,2026-05-16T10:45:24+00:00,-11.4961033333,142.94582,,Unknown,AIS gap of 194.5 h,"The vessel disappeared from the AIS source feed for longer than the configured threshold. This may indicate intentional disabling, poor coverage, equipment failure, or small-vessel below-threshold operation.","Review track before/after gap; cross-check RF, SAR, patrol and VMS sources. Note whether the gap area coincides with known IUU activity.",Previous point 2026-05-08T08:12:33+00:00 → current point 2026-05-16T10:45:24+00:00 (194.5 h silence).,2026-05
BKB-0078,AIS_GAP,HIGH,95,18797721,2026-05-18T17:44:51+00:00,-10.5828183333,142.080423333,,Unknown,AIS gap of 41.7 h,"The vessel disappeared from the AIS source feed for longer than the configured threshold. This may indicate intentional disabling, poor coverage, equipment failure, or small-vessel below-threshold operation.","Review track before/after gap; cross-check RF, SAR, patrol and VMS sources. Note whether the gap area coincides with known IUU activity.",Previous point 2026-05-17T00:00:06+00:00 → current point 2026-05-18T17:44:51+00:00 (41.7 h silence).,2026-05
BKB-0079,AIS_GAP,HIGH,95,18797721,2026-05-29T01:04:53+00:00,-10.5532,142.439221667,,Unknown,AIS gap of 237.5 h,"The vessel disappeared from the AIS source feed for longer than the configured threshold. This may indicate intentional disabling, poor coverage, equipment failure, or small-vessel below-threshold operation.","Review track before/after gap; cross-check RF, SAR, patrol and VMS sources. Note whether the gap area coincides with known IUU activity.",Previous point 2026-05-19T03:36:09+00:00 → current point 2026-05-29T01:04:53+00:00 (237.5 h silence).,2026-05
BKB-0080,AIS_GAP,HIGH,95,19255975570,2026-05-27T23:12:04+00:00,-10.7264216667,142.586545,,Pleasure,AIS gap of 16.7 h,"The vessel disappeared from the AIS source feed for longer than the configured threshold. This may indicate intentional disabling, poor coverage, equipment failure, or small-vessel below-threshold operation.","Review track before/after gap; cross-check RF, SAR, patrol and VMS sources. Note whether the gap area coincides with known IUU activity.",Previous point 2026-05-27T06:28:20+00:00 → current point 2026-05-27T23:12:04+00:00 (16.7 h silence).,2026-05
BKB-0081,AIS_GAP,MEDIUM,73,19255975570,2026-05-28T07:31:00+00:00,-10.8004216667,142.009356667,,Pleasure,AIS gap of 8.3 h,"The vessel disappeared from the AIS source feed for longer than the configured threshold. This may indicate intentional disabling, poor coverage, equipment failure, or small-vessel below-threshold operation.","Review track before/after gap; cross-check RF, SAR, patrol and VMS sources. Note whether the gap area coincides with known IUU activity.",Previous point 2026-05-27T23:12:04+00:00 → current point 2026-05-28T07:31:00+00:00 (8.3 h silence).,2026-05
BKB-0082,AIS_GAP,HIGH,95,20507516139,2026-05-05T22:58:42+00:00,-9.40899666667,141.927636667,,Unknown,AIS gap of 14.1 h,"The vessel disappeared from the AIS source feed for longer than the configured threshold. This may indicate intentional disabling, poor coverage, equipment failure, or small-vessel below-threshold operation.","Review track before/after gap; cross-check RF, SAR, patrol and VMS sources. Note whether the gap area coincides with known IUU activity.",Previous point 2026-05-05T08:54:49+00:00 → current point 2026-05-05T22:58:42+00:00 (14.1 h silence).,2026-05
BKB-0083,AIS_GAP,HIGH,95,20507516139,2026-05-06T18:16:51+00:00,-9.406785,141.875841667,,Unknown,AIS gap of 19.3 h,"The vessel disappeared from the AIS source feed for longer than the configured threshold. This may indicate intentional disabling, poor coverage, equipment failure, or small-vessel below-threshold operation.","Review track before/after gap; cross-check RF, SAR, patrol and VMS sources. Note whether the gap area coincides with known IUU activity.",Previous point 2026-05-05T22:58:42+00:00 → current point 2026-05-06T18:16:51+00:00 (19.3 h silence).,2026-05
BKB-0084,AIS_GAP,HIGH,95,20507516139,2026-05-07T11:56:10+00:00,-9.417435,141.785618333,,Unknown,AIS gap of 17.7 h,"The vessel disappeared from the AIS source feed for longer than the configured threshold. This may indicate intentional disabling, poor coverage, equipment failure, or small-vessel below-threshold operation.","Review track before/after gap; cross-check RF, SAR, patrol and VMS sources. Note whether the gap area coincides with known IUU activity.",Previous point 2026-05-06T18:16:51+00:00 → current point 2026-05-07T11:56:10+00:00 (17.7 h silence).,2026-05
BKB-0085,AIS_GAP,MEDIUM,67,20507516139,2026-05-07T18:35:13+00:00,-9.417695,141.769138333,,Unknown,AIS gap of 6.7 h,"The vessel disappeared from the AIS source feed for longer than the configured threshold. This may indicate intentional disabling, poor coverage, equipment failure, or small-vessel below-threshold operation.","Review track before/after gap; cross-check RF, SAR, patrol and VMS sources. Note whether the gap area coincides with known IUU activity.",Previous point 2026-05-07T11:56:10+00:00 → current point 2026-05-07T18:35:13+00:00 (6.7 h silence).,2026-05
BKB-0086,AIS_GAP,HIGH,95,20646392196,2026-05-01T19:36:26+00:00,-10.584415,142.229701667,,Other,AIS gap of 12.2 h,"The vessel disappeared from the AIS source feed for longer than the configured threshold. This may indicate intentional disabling, poor coverage, equipment failure, or small-vessel below-threshold operation.","Review track before/after gap; cross-check RF, SAR, patrol and VMS sources. Note whether the gap area coincides with known IUU activity.",Previous point 2026-05-01T07:25:13+00:00 → current point 2026-05-01T19:36:26+00:00 (12.2 h silence).,2026-05
BKB-0087,AIS_GAP,HIGH,95,20646392196,2026-05-02T21:14:32+00:00,-10.5843116667,142.229608333,,Other,AIS gap of 13.1 h,"The vessel disappeared from the AIS source feed for longer than the configured threshold. This may indicate intentional disabling, poor coverage, equipment failure, or small-vessel below-threshold operation.","Review track before/after gap; cross-check RF, SAR, patrol and VMS sources. Note whether the gap area coincides with known IUU activity.",Previous point 2026-05-02T08:09:32+00:00 → current point 2026-05-02T21:14:32+00:00 (13.1 h silence).,2026-05
BKB-0088,AIS_GAP,HIGH,95,20646392196,2026-05-03T19:48:14+00:00,-10.584385,142.22957,,Other,AIS gap of 12.6 h,"The vessel disappeared from the AIS source feed for longer than the configured threshold. This may indicate intentional disabling, poor coverage, equipment failure, or small-vessel below-threshold operation.","Review track before/after gap; cross-check RF, SAR, patrol and VMS sources. Note whether the gap area coincides with known IUU activity.",Previous point 2026-05-03T07:14:51+00:00 → current point 2026-05-03T19:48:14+00:00 (12.6 h silence).,2026-05
BKB-0089,AIS_GAP,HIGH,94,20646392196,2026-05-04T20:08:42+00:00,-10.58451,142.229563333,,Other,AIS gap of 10.1 h,"The vessel disappeared from the AIS source feed for longer than the configured threshold. This may indicate intentional disabling, poor coverage, equipment failure, or small-vessel below-threshold operation.","Review track before/after gap; cross-check RF, SAR, patrol and VMS sources. Note whether the gap area coincides with known IUU activity.",Previous point 2026-05-04T10:04:28+00:00 → current point 2026-05-04T20:08:42+00:00 (10.1 h silence).,2026-05
BKB-0090,AIS_GAP,HIGH,95,20646392196,2026-05-05T20:04:46+00:00,-10.5844033333,142.229245,,Other,AIS gap of 11.4 h,"The vessel disappeared from the AIS source feed for longer than the configured threshold. This may indicate intentional disabling, poor coverage, equipment failure, or small-vessel below-threshold operation.","Review track before/after gap; cross-check RF, SAR, patrol and VMS sources. Note whether the gap area coincides with known IUU activity.",Previous point 2026-05-05T08:39:44+00:00 → current point 2026-05-05T20:04:46+00:00 (11.4 h silence).,2026-05
BKB-0091,AIS_GAP,HIGH,95,20646392196,2026-05-06T20:06:51+00:00,-10.5845583333,142.229218333,,Other,AIS gap of 11.6 h,"The vessel disappeared from the AIS source feed for longer than the configured threshold. This may indicate intentional disabling, poor coverage, equipment failure, or small-vessel below-threshold operation.","Review track before/after gap; cross-check RF, SAR, patrol and VMS sources. Note whether the gap area coincides with known IUU activity.",Previous point 2026-05-06T08:33:12+00:00 → current point 2026-05-06T20:06:51+00:00 (11.6 h silence).,2026-05
BKB-0092,AIS_GAP,HIGH,95,20646392196,2026-05-07T20:06:12+00:00,-10.5846216667,142.229243333,,Other,AIS gap of 13.0 h,"The vessel disappeared from the AIS source feed for longer than the configured threshold. This may indicate intentional disabling, poor coverage, equipment failure, or small-vessel below-threshold operation.","Review track before/after gap; cross-check RF, SAR, patrol and VMS sources. Note whether the gap area coincides with known IUU activity.",Previous point 2026-05-07T07:08:10+00:00 → current point 2026-05-07T20:06:12+00:00 (13.0 h silence).,2026-05
BKB-0093,AIS_GAP,HIGH,95,20646392196,2026-05-10T20:24:55+00:00,-10.5764966667,142.235641667,,Other,AIS gap of 60.9 h,"The vessel disappeared from the AIS source feed for longer than the configured threshold. This may indicate intentional disabling, poor coverage, equipment failure, or small-vessel below-threshold operation.","Review track before/after gap; cross-check RF, SAR, patrol and VMS sources. Note whether the gap area coincides with known IUU activity.",Previous point 2026-05-08T07:29:25+00:00 → current point 2026-05-10T20:24:55+00:00 (60.9 h silence).,2026-05
BKB-0094,AIS_GAP,HIGH,95,20646392196,2026-05-11T20:24:07+00:00,-10.584695,142.22895,,Other,AIS gap of 11.7 h,"The vessel disappeared from the AIS source feed for longer than the configured threshold. This may indicate intentional disabling, poor coverage, equipment failure, or small-vessel below-threshold operation.","Review track before/after gap; cross-check RF, SAR, patrol and VMS sources. Note whether the gap area coincides with known IUU activity.",Previous point 2026-05-11T08:39:27+00:00 → current point 2026-05-11T20:24:07+00:00 (11.7 h silence).,2026-05
BKB-0095,AIS_GAP,HIGH,95,20646392196,2026-05-12T20:17:56+00:00,-10.584605,142.229151667,,Other,AIS gap of 12.7 h,"The vessel disappeared from the AIS source feed for longer than the configured threshold. This may indicate intentional disabling, poor coverage, equipment failure, or small-vessel below-threshold operation.","Review track before/after gap; cross-check RF, SAR, patrol and VMS sources. Note whether the gap area coincides with known IUU activity.",Previous point 2026-05-12T07:38:49+00:00 → current point 2026-05-12T20:17:56+00:00 (12.7 h silence).,2026-05
BKB-0096,AIS_GAP,HIGH,95,20646392196,2026-05-13T20:23:43+00:00,-10.5843766667,142.229206667,,Other,AIS gap of 11.7 h,"The vessel disappeared from the AIS source feed for longer than the configured threshold. This may indicate intentional disabling, poor coverage, equipment failure, or small-vessel below-threshold operation.","Review track before/after gap; cross-check RF, SAR, patrol and VMS sources. Note whether the gap area coincides with known IUU activity.",Previous point 2026-05-13T08:39:23+00:00 → current point 2026-05-13T20:23:43+00:00 (11.7 h silence).,2026-05
BKB-0097,AIS_GAP,HIGH,95,20646392196,2026-05-14T20:35:24+00:00,-10.5843216667,142.229275,,Other,AIS gap of 13.6 h,"The vessel disappeared from the AIS source feed for longer than the configured threshold. This may indicate intentional disabling, poor coverage, equipment failure, or small-vessel below-threshold operation.","Review track before/after gap; cross-check RF, SAR, patrol and VMS sources. Note whether the gap area coincides with known IUU activity.",Previous point 2026-05-14T06:59:53+00:00 → current point 2026-05-14T20:35:24+00:00 (13.6 h silence).,2026-05
BKB-0098,AIS_GAP,HIGH,95,20646392196,2026-05-15T19:57:40+00:00,-10.58439,142.229658333,,Other,AIS gap of 11.6 h,"The vessel disappeared from the AIS source feed for longer than the configured threshold. This may indicate intentional disabling, poor coverage, equipment failure, or small-vessel below-threshold operation.","Review track before/after gap; cross-check RF, SAR, patrol and VMS sources. Note whether the gap area coincides with known IUU activity.",Previous point 2026-05-15T08:19:28+00:00 → current point 2026-05-15T19:57:40+00:00 (11.6 h silence).,2026-05
BKB-0099,AIS_GAP,HIGH,95,20646392196,2026-05-16T21:33:37+00:00,-10.5835083333,142.227553333,,Other,AIS gap of 15.1 h,"The vessel disappeared from the AIS source feed for longer than the configured threshold. This may indicate intentional disabling, poor coverage, equipment failure, or small-vessel below-threshold operation.","Review track before/after gap; cross-check RF, SAR, patrol and VMS sources. Note whether the gap area coincides with known IUU activity.",Previous point 2026-05-16T06:24:49+00:00 → current point 2026-05-16T21:33:37+00:00 (15.1 h silence).,2026-05
BKB-0100,AIS_GAP,HIGH,95,20646392196,2026-05-17T20:16:08+00:00,-10.5843366667,142.22959,,Other,AIS gap of 13.0 h,"The vessel disappeared from the AIS source feed for longer than the configured threshold. This may indicate intentional disabling, poor coverage, equipment failure, or small-vessel below-threshold operation.","Review track before/after gap; cross-check RF, SAR, patrol and VMS sources. Note whether the gap area coincides with known IUU activity.",Previous point 2026-05-17T07:19:04+00:00 → current point 2026-05-17T20:16:08+00:00 (13.0 h silence).,2026-05
BKB-0101,AIS_GAP,HIGH,95,20646392196,2026-05-18T20:13:19+00:00,-10.5844466667,142.229616667,,Other,AIS gap of 11.6 h,"The vessel disappeared from the AIS source feed for longer than the configured threshold. This may indicate intentional disabling, poor coverage, equipment failure, or small-vessel below-threshold operation.","Review track before/after gap; cross-check RF, SAR, patrol and VMS sources. Note whether the gap area coincides with known IUU activity.",Previous point 2026-05-18T08:37:24+00:00 → current point 2026-05-18T20:13:19+00:00 (11.6 h silence).,2026-05
BKB-0102,AIS_GAP,HIGH,95,20646392196,2026-05-19T20:11:33+00:00,-10.5844733333,142.229251667,,Other,AIS gap of 11.5 h,"The vessel disappeared from the AIS source feed for longer than the configured threshold. This may indicate intentional disabling, poor coverage, equipment failure, or small-vessel below-threshold operation.","Review track before/after gap; cross-check RF, SAR, patrol and VMS sources. Note whether the gap area coincides with known IUU activity.",Previous point 2026-05-19T08:39:15+00:00 → current point 2026-05-19T20:11:33+00:00 (11.5 h silence).,2026-05
BKB-0103,AIS_GAP,HIGH,95,20646392196,2026-05-20T20:54:00+00:00,-10.5596433333,142.22079,,Other,AIS gap of 12.4 h,"The vessel disappeared from the AIS source feed for longer than the configured threshold. This may indicate intentional disabling, poor coverage, equipment failure, or small-vessel below-threshold operation.","Review track before/after gap; cross-check RF, SAR, patrol and VMS sources. Note whether the gap area coincides with known IUU activity.",Previous point 2026-05-20T08:31:31+00:00 → current point 2026-05-20T20:54:00+00:00 (12.4 h silence).,2026-05
BKB-0104,AIS_GAP,HIGH,95,20646392196,2026-05-21T20:12:21+00:00,-10.584685,142.229216667,,Other,AIS gap of 11.9 h,"The vessel disappeared from the AIS source feed for longer than the configured threshold. This may indicate intentional disabling, poor coverage, equipment failure, or small-vessel below-threshold operation.","Review track before/after gap; cross-check RF, SAR, patrol and VMS sources. Note whether the gap area coincides with known IUU activity.",Previous point 2026-05-21T08:19:58+00:00 → current point 2026-05-21T20:12:21+00:00 (11.9 h silence).,2026-05
BKB-0105,AIS_GAP,HIGH,95,20646392196,2026-05-22T19:43:27+00:00,-10.5846833333,142.229236667,,Other,AIS gap of 11.3 h,"The vessel disappeared from the AIS source feed for longer than the configured threshold. This may indicate intentional disabling, poor coverage, equipment failure, or small-vessel below-threshold operation.","Review track before/after gap; cross-check RF, SAR, patrol and VMS sources. Note whether the gap area coincides with known IUU activity.",Previous point 2026-05-22T08:24:50+00:00 → current point 2026-05-22T19:43:27+00:00 (11.3 h silence).,2026-05
BKB-0106,AIS_GAP,HIGH,95,20646392196,2026-05-24T00:24:40+00:00,-10.58945,142.221071667,,Other,AIS gap of 17.5 h,"The vessel disappeared from the AIS source feed for longer than the configured threshold. This may indicate intentional disabling, poor coverage, equipment failure, or small-vessel below-threshold operation.","Review track before/after gap; cross-check RF, SAR, patrol and VMS sources. Note whether the gap area coincides with known IUU activity.",Previous point 2026-05-23T06:54:33+00:00 → current point 2026-05-24T00:24:40+00:00 (17.5 h silence).,2026-05
BKB-0107,AIS_GAP,HIGH,95,20646392196,2026-05-24T20:23:49+00:00,-10.5822083333,142.230853333,,Other,AIS gap of 12.1 h,"The vessel disappeared from the AIS source feed for longer than the configured threshold. This may indicate intentional disabling, poor coverage, equipment failure, or small-vessel below-threshold operation.","Review track before/after gap; cross-check RF, SAR, patrol and VMS sources. Note whether the gap area coincides with known IUU activity.",Previous point 2026-05-24T08:19:05+00:00 → current point 2026-05-24T20:23:49+00:00 (12.1 h silence).,2026-05
BKB-0108,AIS_GAP,HIGH,95,20646392196,2026-05-25T20:17:36+00:00,-10.5846066667,142.229343333,,Other,AIS gap of 12.1 h,"The vessel disappeared from the AIS source feed for longer than the configured threshold. This may indicate intentional disabling, poor coverage, equipment failure, or small-vessel below-threshold operation.","Review track before/after gap; cross-check RF, SAR, patrol and VMS sources. Note whether the gap area coincides with known IUU activity.",Previous point 2026-05-25T08:09:52+00:00 → current point 2026-05-25T20:17:36+00:00 (12.1 h silence).,2026-05
BKB-0109,AIS_GAP,HIGH,95,20646392196,2026-05-26T20:20:46+00:00,-10.5844816667,142.22921,,Other,AIS gap of 12.1 h,"The vessel disappeared from the AIS source feed for longer than the configured threshold. This may indicate intentional disabling, poor coverage, equipment failure, or small-vessel below-threshold operation.","Review track before/after gap; cross-check RF, SAR, patrol and VMS sources. Note whether the gap area coincides with known IUU activity.",Previous point 2026-05-26T08:14:42+00:00 → current point 2026-05-26T20:20:46+00:00 (12.1 h silence).,2026-05
BKB-0110,AIS_GAP,HIGH,95,20646392196,2026-05-27T20:24:49+00:00,-10.57498,142.236113333,,Other,AIS gap of 12.3 h,"The vessel disappeared from the AIS source feed for longer than the configured threshold. This may indicate intentional disabling, poor coverage, equipment failure, or small-vessel below-threshold operation.","Review track before/after gap; cross-check RF, SAR, patrol and VMS sources. Note whether the gap area coincides with known IUU activity.",Previous point 2026-05-27T08:09:31+00:00 → current point 2026-05-27T20:24:49+00:00 (12.3 h silence).,2026-05
BKB-0111,AIS_GAP,HIGH,95,20646392196,2026-05-28T20:22:34+00:00,-10.5843483333,142.229583333,,Other,AIS gap of 12.2 h,"The vessel disappeared from the AIS source feed for longer than the configured threshold. This may indicate intentional disabling, poor coverage, equipment failure, or small-vessel below-threshold operation.","Review track before/after gap; cross-check RF, SAR, patrol and VMS sources. Note whether the gap area coincides with known IUU activity.",Previous point 2026-05-28T08:09:56+00:00 → current point 2026-05-28T20:22:34+00:00 (12.2 h silence).,2026-05
BKB-0112,AIS_GAP,HIGH,95,20646392196,2026-05-29T19:39:51+00:00,-10.5843366667,142.229553333,,Other,AIS gap of 11.4 h,"The vessel disappeared from the AIS source feed for longer than the configured threshold. This may indicate intentional disabling, poor coverage, equipment failure, or small-vessel below-threshold operation.","Review track before/after gap; cross-check RF, SAR, patrol and VMS sources. Note whether the gap area coincides with known IUU activity.",Previous point 2026-05-29T08:14:42+00:00 → current point 2026-05-29T19:39:51+00:00 (11.4 h silence).,2026-05
BKB-0113,AIS_GAP,HIGH,95,20646392196,2026-05-30T21:20:29+00:00,-10.5842916667,142.229493333,,Other,AIS gap of 13.8 h,"The vessel disappeared from the AIS source feed for longer than the configured threshold. This may indicate intentional disabling, poor coverage, equipment failure, or small-vessel below-threshold operation.","Review track before/after gap; cross-check RF, SAR, patrol and VMS sources. Note whether the gap area coincides with known IUU activity.",Previous point 2026-05-30T07:34:50+00:00 → current point 2026-05-30T21:20:29+00:00 (13.8 h silence).,2026-05
BKB-0114,AIS_GAP,HIGH,95,20646392196,2026-05-31T20:19:58+00:00,-10.5845233333,142.229593333,,Other,AIS gap of 12.9 h,"The vessel disappeared from the AIS source feed for longer than the configured threshold. This may indicate intentional disabling, poor coverage, equipment failure, or small-vessel below-threshold operation.","Review track before/after gap; cross-check RF, SAR, patrol and VMS sources. Note whether the gap area coincides with known IUU activity.",Previous point 2026-05-31T07:27:52+00:00 → current point 2026-05-31T20:19:58+00:00 (12.9 h silence).,2026-05
BKB-0115,AIS_GAP,MEDIUM,67,2117432955,2026-05-02T06:56:36+00:00,-11.3043116667,142.892455,,Tug,AIS gap of 7.5 h,"The vessel disappeared from the AIS source feed for longer than the configured threshold. This may indicate intentional disabling, poor coverage, equipment failure, or small-vessel below-threshold operation.","Review track before/after gap; cross-check RF, SAR, patrol and VMS sources. Note whether the gap area coincides with known IUU activity.",Previous point 2026-05-01T23:24:41+00:00 → current point 2026-05-02T06:56:36+00:00 (7.5 h silence).,2026-05
BKB-0116,AIS_GAP,HIGH,95,2117432955,2026-05-09T10:41:33+00:00,-10.7746733333,142.67922,,Tug,AIS gap of 170.6 h,"The vessel disappeared from the AIS source feed for longer than the configured threshold. This may indicate intentional disabling, poor coverage, equipment failure, or small-vessel below-threshold operation.","Review track before/after gap; cross-check RF, SAR, patrol and VMS sources. Note whether the gap area coincides with known IUU activity.",Previous point 2026-05-02T08:06:10+00:00 → current point 2026-05-09T10:41:33+00:00 (170.6 h silence).,2026-05
BKB-0117,AIS_GAP,HIGH,95,2117432955,2026-05-23T19:50:02+00:00,-11.2849766667,142.912891667,,Tug,AIS gap of 193.0 h,"The vessel disappeared from the AIS source feed for longer than the configured threshold. This may indicate intentional disabling, poor coverage, equipment failure, or small-vessel below-threshold operation.","Review track before/after gap; cross-check RF, SAR, patrol and VMS sources. Note whether the gap area coincides with known IUU activity.",Previous point 2026-05-15T18:52:57+00:00 → current point 2026-05-23T19:50:02+00:00 (193.0 h silence).,2026-05
BKB-0118,AIS_GAP,MEDIUM,55,2117432955,2026-05-24T01:54:29+00:00,-10.71405,142.973003333,,Tug,AIS gap of 6.1 h,"The vessel disappeared from the AIS source feed for longer than the configured threshold. This may indicate intentional disabling, poor coverage, equipment failure, or small-vessel below-threshold operation.","Review track before/after gap; cross-check RF, SAR, patrol and VMS sources. Note whether the gap area coincides with known IUU activity.",Previous point 2026-05-23T19:50:02+00:00 → current point 2026-05-24T01:54:29+00:00 (6.1 h silence).,2026-05
BKB-0119,AIS_GAP,HIGH,95,21889300,2026-05-08T15:24:09+00:00,-11.35197,141.493293333,,Cargo,AIS gap of 76.5 h,"The vessel disappeared from the AIS source feed for longer than the configured threshold. This may indicate intentional disabling, poor coverage, equipment failure, or small-vessel below-threshold operation.","Review track before/after gap; cross-check RF, SAR, patrol and VMS sources. Note whether the gap area coincides with known IUU activity.",Previous point 2026-05-05T10:54:07+00:00 → current point 2026-05-08T15:24:09+00:00 (76.5 h silence).,2026-05
BKB-0120,AIS_GAP,HIGH,95,21889300,2026-05-23T15:14:52+00:00,-11.4618866667,142.981986667,,Cargo,AIS gap of 327.4 h,"The vessel disappeared from the AIS source feed for longer than the configured threshold. This may indicate intentional disabling, poor coverage, equipment failure, or small-vessel below-threshold operation.","Review track before/after gap; cross-check RF, SAR, patrol and VMS sources. Note whether the gap area coincides with known IUU activity.",Previous point 2026-05-09T23:49:53+00:00 → current point 2026-05-23T15:14:52+00:00 (327.4 h silence).,2026-05
BKB-0121,AIS_GAP,HIGH,95,21889300,2026-05-29T06:39:50+00:00,-10.8970666667,141.093346667,,Cargo,AIS gap of 121.7 h,"The vessel disappeared from the AIS source feed for longer than the configured threshold. This may indicate intentional disabling, poor coverage, equipment failure, or small-vessel below-threshold operation.","Review track before/after gap; cross-check RF, SAR, patrol and VMS sources. Note whether the gap area coincides with known IUU activity.",Previous point 2026-05-24T04:59:53+00:00 → current point 2026-05-29T06:39:50+00:00 (121.7 h silence).,2026-05
BKB-0122,AIS_GAP,HIGH,95,21916325895,2026-05-02T23:20:57+00:00,-10.8034883333,142.735885,,Fishing,AIS gap of 10.5 h,"The vessel disappeared from the AIS source feed for longer than the configured threshold. This may indicate intentional disabling, poor coverage, equipment failure, or small-vessel below-threshold operation.","Review track before/after gap; cross-check RF, SAR, patrol and VMS sources. Note whether the gap area coincides with known IUU activity.",Previous point 2026-05-02T12:50:10+00:00 → current point 2026-05-02T23:20:57+00:00 (10.5 h silence).,2026-05
BKB-0123,AIS_GAP,MEDIUM,72,21916325895,2026-05-03T06:36:19+00:00,-10.9156,142.885283333,,Fishing,AIS gap of 7.3 h,"The vessel disappeared from the AIS source feed for longer than the configured threshold. This may indicate intentional disabling, poor coverage, equipment failure, or small-vessel below-threshold operation.","Review track before/after gap; cross-check RF, SAR, patrol and VMS sources. Note whether the gap area coincides with known IUU activity.",Previous point 2026-05-02T23:20:57+00:00 → current point 2026-05-03T06:36:19+00:00 (7.3 h silence).,2026-05
BKB-0124,AIS_GAP,HIGH,95,21916325895,2026-05-21T18:51:30+00:00,-11.2242283333,143.35535,,Fishing,AIS gap of 444.3 h,"The vessel disappeared from the AIS source feed for longer than the configured threshold. This may indicate intentional disabling, poor coverage, equipment failure, or small-vessel below-threshold operation.","Review track before/after gap; cross-check RF, SAR, patrol and VMS sources. Note whether the gap area coincides with known IUU activity.",Previous point 2026-05-03T06:36:19+00:00 → current point 2026-05-21T18:51:30+00:00 (444.3 h silence).,2026-05
BKB-0125,AIS_GAP,HIGH,95,21916325895,2026-05-23T06:30:35+00:00,-11.2507383333,143.127388333,,Fishing,AIS gap of 35.7 h,"The vessel disappeared from the AIS source feed for longer than the configured threshold. This may indicate intentional disabling, poor coverage, equipment failure, or small-vessel below-threshold operation.","Review track before/after gap; cross-check RF, SAR, patrol and VMS sources. Note whether the gap area coincides with known IUU activity.",Previous point 2026-05-21T18:51:30+00:00 → current point 2026-05-23T06:30:35+00:00 (35.7 h silence).,2026-05
BKB-0126,AIS_GAP,HIGH,92,21916325895,2026-05-23T16:22:24+00:00,-11.2474783333,142.866431667,,Fishing,AIS gap of 9.9 h,"The vessel disappeared from the AIS source feed for longer than the configured threshold. This may indicate intentional disabling, poor coverage, equipment failure, or small-vessel below-threshold operation.","Review track before/after gap; cross-check RF, SAR, patrol and VMS sources. Note whether the gap area coincides with known IUU activity.",Previous point 2026-05-23T06:30:35+00:00 → current point 2026-05-23T16:22:24+00:00 (9.9 h silence).,2026-05
BKB-0127,AIS_GAP,MEDIUM,75,21916325895,2026-05-24T01:28:37+00:00,-11.247485,142.866436667,,Fishing,AIS gap of 7.7 h,"The vessel disappeared from the AIS source feed for longer than the configured threshold. This may indicate intentional disabling, poor coverage, equipment failure, or small-vessel below-threshold operation.","Review track before/after gap; cross-check RF, SAR, patrol and VMS sources. Note whether the gap area coincides with known IUU activity.",Previous point 2026-05-23T17:46:27+00:00 → current point 2026-05-24T01:28:37+00:00 (7.7 h silence).,2026-05
BKB-0128,AIS_GAP,HIGH,95,2217897,2026-05-14T00:59:32+00:00,-9.74588166667,143.403165,,Pilot,AIS gap of 233.9 h,"The vessel disappeared from the AIS source feed for longer than the configured threshold. This may indicate intentional disabling, poor coverage, equipment failure, or small-vessel below-threshold operation.","Review track before/after gap; cross-check RF, SAR, patrol and VMS sources. Note whether the gap area coincides with known IUU activity.",Previous point 2026-05-04T07:06:34+00:00 → current point 2026-05-14T00:59:32+00:00 (233.9 h silence).,2026-05
BKB-0129,AIS_GAP,HIGH,95,2217897,2026-05-15T07:14:51+00:00,-9.735895,143.402215,,Pilot,AIS gap of 30.3 h,"The vessel disappeared from the AIS source feed for longer than the configured threshold. This may indicate intentional disabling, poor coverage, equipment failure, or small-vessel below-threshold operation.","Review track before/after gap; cross-check RF, SAR, patrol and VMS sources. Note whether the gap area coincides with known IUU activity.",Previous point 2026-05-14T00:59:32+00:00 → current point 2026-05-15T07:14:51+00:00 (30.3 h silence).,2026-05
BKB-0130,AIS_GAP,HIGH,95,2217897,2026-05-16T01:34:47+00:00,-9.73743333333,143.40302,,Pilot,AIS gap of 17.3 h,"The vessel disappeared from the AIS source feed for longer than the configured threshold. This may indicate intentional disabling, poor coverage, equipment failure, or small-vessel below-threshold operation.","Review track before/after gap; cross-check RF, SAR, patrol and VMS sources. Note whether the gap area coincides with known IUU activity.",Previous point 2026-05-15T08:14:51+00:00 → current point 2026-05-16T01:34:47+00:00 (17.3 h silence).,2026-05
BKB-0131,AIS_GAP,HIGH,95,2217897,2026-05-18T14:08:05+00:00,-9.74616,143.402513333,,Pilot,AIS gap of 56.1 h,"The vessel disappeared from the AIS source feed for longer than the configured threshold. This may indicate intentional disabling, poor coverage, equipment failure, or small-vessel below-threshold operation.","Review track before/after gap; cross-check RF, SAR, patrol and VMS sources. Note whether the gap area coincides with known IUU activity.",Previous point 2026-05-16T05:59:31+00:00 → current point 2026-05-18T14:08:05+00:00 (56.1 h silence).,2026-05
BKB-0132,AIS_GAP,HIGH,95,2217897,2026-05-21T03:39:44+00:00,-9.74616666667,143.402495,,Pilot,AIS gap of 45.3 h,"The vessel disappeared from the AIS source feed for longer than the configured threshold. This may indicate intentional disabling, poor coverage, equipment failure, or small-vessel below-threshold operation.","Review track before/after gap; cross-check RF, SAR, patrol and VMS sources. Note whether the gap area coincides with known IUU activity.",Previous point 2026-05-19T06:24:38+00:00 → current point 2026-05-21T03:39:44+00:00 (45.3 h silence).,2026-05
BKB-0133,AIS_GAP,HIGH,95,2217897,2026-05-22T02:43:45+00:00,-9.74598333333,143.402623333,,Pilot,AIS gap of 22.0 h,"The vessel disappeared from the AIS source feed for longer than the configured threshold. This may indicate intentional disabling, poor coverage, equipment failure, or small-vessel below-threshold operation.","Review track before/after gap; cross-check RF, SAR, patrol and VMS sources. Note whether the gap area coincides with known IUU activity.",Previous point 2026-05-21T04:42:10+00:00 → current point 2026-05-22T02:43:45+00:00 (22.0 h silence).,2026-05
BKB-0134,AIS_GAP,HIGH,95,2217897,2026-05-22T23:49:38+00:00,-9.74597333333,143.40264,,Pilot,AIS gap of 21.1 h,"The vessel disappeared from the AIS source feed for longer than the configured threshold. This may indicate intentional disabling, poor coverage, equipment failure, or small-vessel below-threshold operation.","Review track before/after gap; cross-check RF, SAR, patrol and VMS sources. Note whether the gap area coincides with known IUU activity.",Previous point 2026-05-22T02:43:45+00:00 → current point 2026-05-22T23:49:38+00:00 (21.1 h silence).,2026-05
BKB-0135,AIS_GAP,HIGH,95,2217897,2026-05-24T03:54:38+00:00,-9.74596666667,143.402763333,,Pilot,AIS gap of 21.5 h,"The vessel disappeared from the AIS source feed for longer than the configured threshold. This may indicate intentional disabling, poor coverage, equipment failure, or small-vessel below-threshold operation.","Review track before/after gap; cross-check RF, SAR, patrol and VMS sources. Note whether the gap area coincides with known IUU activity.",Previous point 2026-05-23T06:26:35+00:00 → current point 2026-05-24T03:54:38+00:00 (21.5 h silence).,2026-05
BKB-0136,AIS_GAP,HIGH,95,2217897,2026-05-25T05:39:46+00:00,-9.74599833333,143.40239,,Pilot,AIS gap of 24.8 h,"The vessel disappeared from the AIS source feed for longer than the configured threshold. This may indicate intentional disabling, poor coverage, equipment failure, or small-vessel below-threshold operation.","Review track before/after gap; cross-check RF, SAR, patrol and VMS sources. Note whether the gap area coincides with known IUU activity.",Previous point 2026-05-24T04:54:38+00:00 → current point 2026-05-25T05:39:46+00:00 (24.8 h silence).,2026-05
BKB-0137,AIS_GAP,HIGH,95,2217897,2026-05-27T02:04:55+00:00,-9.74606,143.402575,,Pilot,AIS gap of 44.4 h,"The vessel disappeared from the AIS source feed for longer than the configured threshold. This may indicate intentional disabling, poor coverage, equipment failure, or small-vessel below-threshold operation.","Review track before/after gap; cross-check RF, SAR, patrol and VMS sources. Note whether the gap area coincides with known IUU activity.",Previous point 2026-05-25T05:39:46+00:00 → current point 2026-05-27T02:04:55+00:00 (44.4 h silence).,2026-05
BKB-0138,AIS_GAP,HIGH,95,2217897,2026-05-28T03:14:40+00:00,-9.74599333333,143.402808333,,Pilot,AIS gap of 24.2 h,"The vessel disappeared from the AIS source feed for longer than the configured threshold. This may indicate intentional disabling, poor coverage, equipment failure, or small-vessel below-threshold operation.","Review track before/after gap; cross-check RF, SAR, patrol and VMS sources. Note whether the gap area coincides with known IUU activity.",Previous point 2026-05-27T03:04:55+00:00 → current point 2026-05-28T03:14:40+00:00 (24.2 h silence).,2026-05
BKB-0139,AIS_GAP,HIGH,95,22459109467,2026-05-06T23:23:12+00:00,-10.5860433333,142.221901667,,Other,AIS gap of 20.8 h,"The vessel disappeared from the AIS source feed for longer than the configured threshold. This may indicate intentional disabling, poor coverage, equipment failure, or small-vessel below-threshold operation.","Review track before/after gap; cross-check RF, SAR, patrol and VMS sources. Note whether the gap area coincides with known IUU activity.",Previous point 2026-05-06T02:37:42+00:00 → current point 2026-05-06T23:23:12+00:00 (20.8 h silence).,2026-05
BKB-0140,AIS_GAP,HIGH,95,22459109467,2026-05-18T22:00:28+00:00,-10.58345,142.227613333,,Other,AIS gap of 286.6 h,"The vessel disappeared from the AIS source feed for longer than the configured threshold. This may indicate intentional disabling, poor coverage, equipment failure, or small-vessel below-threshold operation.","Review track before/after gap; cross-check RF, SAR, patrol and VMS sources. Note whether the gap area coincides with known IUU activity.",Previous point 2026-05-06T23:23:12+00:00 → current point 2026-05-18T22:00:28+00:00 (286.6 h silence).,2026-05
BKB-0141,AIS_GAP,HIGH,95,22459109467,2026-05-19T23:17:07+00:00,-10.586045,142.221906667,,Other,AIS gap of 17.2 h,"The vessel disappeared from the AIS source feed for longer than the configured threshold. This may indicate intentional disabling, poor coverage, equipment failure, or small-vessel below-threshold operation.","Review track before/after gap; cross-check RF, SAR, patrol and VMS sources. Note whether the gap area coincides with known IUU activity.",Previous point 2026-05-19T06:03:15+00:00 → current point 2026-05-19T23:17:07+00:00 (17.2 h silence).,2026-05
BKB-0142,AIS_GAP,HIGH,95,22459109467,2026-05-25T22:08:53+00:00,-10.58342,142.227626667,,Other,AIS gap of 133.8 h,"The vessel disappeared from the AIS source feed for longer than the configured threshold. This may indicate intentional disabling, poor coverage, equipment failure, or small-vessel below-threshold operation.","Review track before/after gap; cross-check RF, SAR, patrol and VMS sources. Note whether the gap area coincides with known IUU activity.",Previous point 2026-05-20T08:22:32+00:00 → current point 2026-05-25T22:08:53+00:00 (133.8 h silence).,2026-05
BKB-0143,AIS_GAP,MEDIUM,74,23920,2026-05-07T15:34:56+00:00,-10.5810416667,142.134276667,,Law_enforcement,AIS gap of 8.4 h,"The vessel disappeared from the AIS source feed for longer than the configured threshold. This may indicate intentional disabling, poor coverage, equipment failure, or small-vessel below-threshold operation.","Review track before/after gap; cross-check RF, SAR, patrol and VMS sources. Note whether the gap area coincides with known IUU activity.",Previous point 2026-05-07T07:09:57+00:00 → current point 2026-05-07T15:34:56+00:00 (8.4 h silence).,2026-05
BKB-0144,AIS_GAP,HIGH,95,23920,2026-05-17T04:59:45+00:00,-10.6751766667,142.541841667,,Law_enforcement,AIS gap of 146.4 h,"The vessel disappeared from the AIS source feed for longer than the configured threshold. This may indicate intentional disabling, poor coverage, equipment failure, or small-vessel below-threshold operation.","Review track before/after gap; cross-check RF, SAR, patrol and VMS sources. Note whether the gap area coincides with known IUU activity.",Previous point 2026-05-11T02:34:59+00:00 → current point 2026-05-17T04:59:45+00:00 (146.4 h silence).,2026-05
BKB-0145,AIS_GAP,HIGH,95,247379285,2026-05-14T06:59:55+00:00,-11.4331666667,142.986358333,,Cargo,AIS gap of 251.1 h,"The vessel disappeared from the AIS source feed for longer than the configured threshold. This may indicate intentional disabling, poor coverage, equipment failure, or small-vessel below-threshold operation.","Review track before/after gap; cross-check RF, SAR, patrol and VMS sources. Note whether the gap area coincides with known IUU activity.",Previous point 2026-05-03T19:54:55+00:00 → current point 2026-05-14T06:59:55+00:00 (251.1 h silence).,2026-05
BKB-0146,AIS_GAP,HIGH,95,247379285,2026-05-18T14:48:37+00:00,-11.266705,141.425698333,,Cargo,AIS gap of 90.3 h,"The vessel disappeared from the AIS source feed for longer than the configured threshold. This may indicate intentional disabling, poor coverage, equipment failure, or small-vessel below-threshold operation.","Review track before/after gap; cross-check RF, SAR, patrol and VMS sources. Note whether the gap area coincides with known IUU activity.",Previous point 2026-05-14T20:29:33+00:00 → current point 2026-05-18T14:48:37+00:00 (90.3 h silence).,2026-05
BKB-0147,AIS_GAP,HIGH,95,247379285,2026-05-30T12:29:52+00:00,-11.2992,142.983363333,,Cargo,AIS gap of 255.8 h,"The vessel disappeared from the AIS source feed for longer than the configured threshold. This may indicate intentional disabling, poor coverage, equipment failure, or small-vessel below-threshold operation.","Review track before/after gap; cross-check RF, SAR, patrol and VMS sources. Note whether the gap area coincides with known IUU activity.",Previous point 2026-05-19T20:44:12+00:00 → current point 2026-05-30T12:29:52+00:00 (255.8 h silence).,2026-05
BKB-0148,AIS_GAP,HIGH,95,262151165,2026-05-25T00:39:20+00:00,-10.6896166667,142.524073333,,Sailing,AIS gap of 17.2 h,"The vessel disappeared from the AIS source feed for longer than the configured threshold. This may indicate intentional disabling, poor coverage, equipment failure, or small-vessel below-threshold operation.","Review track before/after gap; cross-check RF, SAR, patrol and VMS sources. Note whether the gap area coincides with known IUU activity.",Previous point 2026-05-24T07:28:16+00:00 → current point 2026-05-25T00:39:20+00:00 (17.2 h silence).,2026-05
BKB-0149,AIS_GAP,HIGH,95,262151165,2026-05-26T20:24:51+00:00,-10.5958583333,142.241525,,Sailing,AIS gap of 40.7 h,"The vessel disappeared from the AIS source feed for longer than the configured threshold. This may indicate intentional disabling, poor coverage, equipment failure, or small-vessel below-threshold operation.","Review track before/after gap; cross-check RF, SAR, patrol and VMS sources. Note whether the gap area coincides with known IUU activity.",Previous point 2026-05-25T03:44:38+00:00 → current point 2026-05-26T20:24:51+00:00 (40.7 h silence).,2026-05
BKB-0150,AIS_GAP,HIGH,95,28051189,2026-05-06T02:27:36+00:00,-10.0350766667,142.271265,,Cargo,AIS gap of 19.0 h,"The vessel disappeared from the AIS source feed for longer than the configured threshold. This may indicate intentional disabling, poor coverage, equipment failure, or small-vessel below-threshold operation.","Review track before/after gap; cross-check RF, SAR, patrol and VMS sources. Note whether the gap area coincides with known IUU activity.",Previous point 2026-05-05T07:30:07+00:00 → current point 2026-05-06T02:27:36+00:00 (19.0 h silence).,2026-05
BKB-0151,AIS_GAP,HIGH,95,28051189,2026-05-07T23:38:36+00:00,-10.0953166667,142.307753333,,Cargo,AIS gap of 11.2 h,"The vessel disappeared from the AIS source feed for longer than the configured threshold. This may indicate intentional disabling, poor coverage, equipment failure, or small-vessel below-threshold operation.","Review track before/after gap; cross-check RF, SAR, patrol and VMS sources. Note whether the gap area coincides with known IUU activity.",Previous point 2026-05-07T12:23:39+00:00 → current point 2026-05-07T23:38:36+00:00 (11.2 h silence).,2026-05
BKB-0152,AIS_GAP,HIGH,95,28051189,2026-05-10T10:53:16+00:00,-9.37221833333,142.609006667,,Cargo,AIS gap of 16.8 h,"The vessel disappeared from the AIS source feed for longer than the configured threshold. This may indicate intentional disabling, poor coverage, equipment failure, or small-vessel below-threshold operation.","Review track before/after gap; cross-check RF, SAR, patrol and VMS sources. Note whether the gap area coincides with known IUU activity.",Previous point 2026-05-09T18:08:14+00:00 → current point 2026-05-10T10:53:16+00:00 (16.8 h silence).,2026-05
BKB-0153,AIS_GAP,HIGH,95,2970873394,2026-05-14T16:39:52+00:00,-11.441225,142.985241667,,Cargo,AIS gap of 258.0 h,"The vessel disappeared from the AIS source feed for longer than the configured threshold. This may indicate intentional disabling, poor coverage, equipment failure, or small-vessel below-threshold operation.","Review track before/after gap; cross-check RF, SAR, patrol and VMS sources. Note whether the gap area coincides with known IUU activity.",Previous point 2026-05-03T22:39:34+00:00 → current point 2026-05-14T16:39:52+00:00 (258.0 h silence).,2026-05
BKB-0154,AIS_GAP,HIGH,95,3023050182,2026-05-20T05:04:45+00:00,-11.4803116667,142.979928333,,Cargo,AIS gap of 346.3 h,"The vessel disappeared from the AIS source feed for longer than the configured threshold. This may indicate intentional disabling, poor coverage, equipment failure, or small-vessel below-threshold operation.","Review track before/after gap; cross-check RF, SAR, patrol and VMS sources. Note whether the gap area coincides with known IUU activity.",Previous point 2026-05-05T18:44:53+00:00 → current point 2026-05-20T05:04:45+00:00 (346.3 h silence).,2026-05
BKB-0155,AIS_GAP,HIGH,91,3081688885,2026-05-01T10:37:16+00:00,-10.5866966667,142.219686667,,Pilot,AIS gap of 10.6 h,"The vessel disappeared from the AIS source feed for longer than the configured threshold. This may indicate intentional disabling, poor coverage, equipment failure, or small-vessel below-threshold operation.","Review track before/after gap; cross-check RF, SAR, patrol and VMS sources. Note whether the gap area coincides with known IUU activity.",Previous point 2026-05-01T00:00:12+00:00 → current point 2026-05-01T10:37:16+00:00 (10.6 h silence).,2026-05
BKB-0156,AIS_GAP,MEDIUM,61,3081688885,2026-05-02T12:37:27+00:00,-10.5867,142.219678333,,Pilot,AIS gap of 6.8 h,"The vessel disappeared from the AIS source feed for longer than the configured threshold. This may indicate intentional disabling, poor coverage, equipment failure, or small-vessel below-threshold operation.","Review track before/after gap; cross-check RF, SAR, patrol and VMS sources. Note whether the gap area coincides with known IUU activity.",Previous point 2026-05-02T05:49:41+00:00 → current point 2026-05-02T12:37:27+00:00 (6.8 h silence).,2026-05
BKB-0157,AIS_GAP,MEDIUM,63,3081688885,2026-05-03T00:12:05+00:00,-10.58664,142.219663333,,Pilot,AIS gap of 7.1 h,"The vessel disappeared from the AIS source feed for longer than the configured threshold. This may indicate intentional disabling, poor coverage, equipment failure, or small-vessel below-threshold operation.","Review track before/after gap; cross-check RF, SAR, patrol and VMS sources. Note whether the gap area coincides with known IUU activity.",Previous point 2026-05-02T17:04:46+00:00 → current point 2026-05-03T00:12:05+00:00 (7.1 h silence).,2026-05
BKB-0158,AIS_GAP,HIGH,95,3081688885,2026-05-03T19:38:33+00:00,-10.58664,142.21968,,Pilot,AIS gap of 18.4 h,"The vessel disappeared from the AIS source feed for longer than the configured threshold. This may indicate intentional disabling, poor coverage, equipment failure, or small-vessel below-threshold operation.","Review track before/after gap; cross-check RF, SAR, patrol and VMS sources. Note whether the gap area coincides with known IUU activity.",Previous point 2026-05-03T01:14:53+00:00 → current point 2026-05-03T19:38:33+00:00 (18.4 h silence).,2026-05
BKB-0159,AIS_GAP,MEDIUM,69,3081688885,2026-05-04T05:39:21+00:00,-10.5867133333,142.219735,,Pilot,AIS gap of 7.9 h,"The vessel disappeared from the AIS source feed for longer than the configured threshold. This may indicate intentional disabling, poor coverage, equipment failure, or small-vessel below-threshold operation.","Review track before/after gap; cross-check RF, SAR, patrol and VMS sources. Note whether the gap area coincides with known IUU activity.",Previous point 2026-05-03T21:47:57+00:00 → current point 2026-05-04T05:39:21+00:00 (7.9 h silence).,2026-05
BKB-0160,AIS_GAP,HIGH,95,3081688885,2026-05-05T05:40:19+00:00,-10.5866516667,142.21969,,Pilot,AIS gap of 16.8 h,"The vessel disappeared from the AIS source feed for longer than the configured threshold. This may indicate intentional disabling, poor coverage, equipment failure, or small-vessel below-threshold operation.","Review track before/after gap; cross-check RF, SAR, patrol and VMS sources. Note whether the gap area coincides with known IUU activity.",Previous point 2026-05-04T12:49:48+00:00 → current point 2026-05-05T05:40:19+00:00 (16.8 h silence).,2026-05
BKB-0161,AIS_GAP,MEDIUM,65,3081688885,2026-05-05T16:09:15+00:00,-10.58616,142.221441667,,Pilot,AIS gap of 7.4 h,"The vessel disappeared from the AIS source feed for longer than the configured threshold. This may indicate intentional disabling, poor coverage, equipment failure, or small-vessel below-threshold operation.","Review track before/after gap; cross-check RF, SAR, patrol and VMS sources. Note whether the gap area coincides with known IUU activity.",Previous point 2026-05-05T08:47:14+00:00 → current point 2026-05-05T16:09:15+00:00 (7.4 h silence).,2026-05
BKB-0162,AIS_GAP,HIGH,90,3081688885,2026-05-06T09:54:29+00:00,-10.586235,142.221455,,Pilot,AIS gap of 10.4 h,"The vessel disappeared from the AIS source feed for longer than the configured threshold. This may indicate intentional disabling, poor coverage, equipment failure, or small-vessel below-threshold operation.","Review track before/after gap; cross-check RF, SAR, patrol and VMS sources. Note whether the gap area coincides with known IUU activity.",Previous point 2026-05-05T23:30:36+00:00 → current point 2026-05-06T09:54:29+00:00 (10.4 h silence).,2026-05
BKB-0163,AIS_GAP,HIGH,95,3081688885,2026-05-07T00:09:09+00:00,-10.5861716667,142.221438333,,Pilot,AIS gap of 11.2 h,"The vessel disappeared from the AIS source feed for longer than the configured threshold. This may indicate intentional disabling, poor coverage, equipment failure, or small-vessel below-threshold operation.","Review track before/after gap; cross-check RF, SAR, patrol and VMS sources. Note whether the gap area coincides with known IUU activity.",Previous point 2026-05-06T12:59:29+00:00 → current point 2026-05-07T00:09:09+00:00 (11.2 h silence).,2026-05
BKB-0164,AIS_GAP,HIGH,95,3081688885,2026-05-07T16:47:17+00:00,-10.586165,142.22144,,Pilot,AIS gap of 13.5 h,"The vessel disappeared from the AIS source feed for longer than the configured threshold. This may indicate intentional disabling, poor coverage, equipment failure, or small-vessel below-threshold operation.","Review track before/after gap; cross-check RF, SAR, patrol and VMS sources. Note whether the gap area coincides with known IUU activity.",Previous point 2026-05-07T03:14:31+00:00 → current point 2026-05-07T16:47:17+00:00 (13.5 h silence).,2026-05
BKB-0165,AIS_GAP,HIGH,90,3081688885,2026-05-08T09:34:28+00:00,-10.5862066667,142.221448333,,Pilot,AIS gap of 10.5 h,"The vessel disappeared from the AIS source feed for longer than the configured threshold. This may indicate intentional disabling, poor coverage, equipment failure, or small-vessel below-threshold operation.","Review track before/after gap; cross-check RF, SAR, patrol and VMS sources. Note whether the gap area coincides with known IUU activity.",Previous point 2026-05-07T23:04:54+00:00 → current point 2026-05-08T09:34:28+00:00 (10.5 h silence).,2026-05
BKB-0166,AIS_GAP,HIGH,95,3081688885,2026-05-11T23:25:52+00:00,-10.5861766667,142.221425,,Pilot,AIS gap of 80.6 h,"The vessel disappeared from the AIS source feed for longer than the configured threshold. This may indicate intentional disabling, poor coverage, equipment failure, or small-vessel below-threshold operation.","Review track before/after gap; cross-check RF, SAR, patrol and VMS sources. Note whether the gap area coincides with known IUU activity.",Previous point 2026-05-08T14:49:38+00:00 → current point 2026-05-11T23:25:52+00:00 (80.6 h silence).,2026-05
BKB-0167,AIS_GAP,HIGH,95,3081688885,2026-05-13T09:40:52+00:00,-10.5861833333,142.221448333,,Pilot,AIS gap of 34.2 h,"The vessel disappeared from the AIS source feed for longer than the configured threshold. This may indicate intentional disabling, poor coverage, equipment failure, or small-vessel below-threshold operation.","Review track before/after gap; cross-check RF, SAR, patrol and VMS sources. Note whether the gap area coincides with known IUU activity.",Previous point 2026-05-11T23:25:52+00:00 → current point 2026-05-13T09:40:52+00:00 (34.2 h silence).,2026-05
BKB-0168,AIS_GAP,HIGH,95,3081688885,2026-05-14T11:06:50+00:00,-10.5861783333,142.221405,,Pilot,AIS gap of 18.1 h,"The vessel disappeared from the AIS source feed for longer than the configured threshold. This may indicate intentional disabling, poor coverage, equipment failure, or small-vessel below-threshold operation.","Review track before/after gap; cross-check RF, SAR, patrol and VMS sources. Note whether the gap area coincides with known IUU activity.",Previous point 2026-05-13T16:59:49+00:00 → current point 2026-05-14T11:06:50+00:00 (18.1 h silence).,2026-05
BKB-0169,AIS_GAP,HIGH,95,3081688885,2026-05-15T04:41:12+00:00,-10.58619,142.22143,,Pilot,AIS gap of 15.5 h,"The vessel disappeared from the AIS source feed for longer than the configured threshold. This may indicate intentional disabling, poor coverage, equipment failure, or small-vessel below-threshold operation.","Review track before/after gap; cross-check RF, SAR, patrol and VMS sources. Note whether the gap area coincides with known IUU activity.",Previous point 2026-05-14T13:09:45+00:00 → current point 2026-05-15T04:41:12+00:00 (15.5 h silence).,2026-05
BKB-0170,AIS_GAP,HIGH,95,3081688885,2026-05-16T00:47:48+00:00,-10.5861566667,142.221426667,,Pilot,AIS gap of 11.9 h,"The vessel disappeared from the AIS source feed for longer than the configured threshold. This may indicate intentional disabling, poor coverage, equipment failure, or small-vessel below-threshold operation.","Review track before/after gap; cross-check RF, SAR, patrol and VMS sources. Note whether the gap area coincides with known IUU activity.",Previous point 2026-05-15T12:54:52+00:00 → current point 2026-05-16T00:47:48+00:00 (11.9 h silence).,2026-05
BKB-0171,AIS_GAP,HIGH,95,3081688885,2026-05-17T23:09:07+00:00,-10.5861666667,142.221435,,Pilot,AIS gap of 46.4 h,"The vessel disappeared from the AIS source feed for longer than the configured threshold. This may indicate intentional disabling, poor coverage, equipment failure, or small-vessel below-threshold operation.","Review track before/after gap; cross-check RF, SAR, patrol and VMS sources. Note whether the gap area coincides with known IUU activity.",Previous point 2026-05-16T00:47:48+00:00 → current point 2026-05-17T23:09:07+00:00 (46.4 h silence).,2026-05
BKB-0172,AIS_GAP,HIGH,95,3081688885,2026-05-19T00:38:08+00:00,-10.586175,142.221446667,,Pilot,AIS gap of 11.5 h,"The vessel disappeared from the AIS source feed for longer than the configured threshold. This may indicate intentional disabling, poor coverage, equipment failure, or small-vessel below-threshold operation.","Review track before/after gap; cross-check RF, SAR, patrol and VMS sources. Note whether the gap area coincides with known IUU activity.",Previous point 2026-05-18T13:09:50+00:00 → current point 2026-05-19T00:38:08+00:00 (11.5 h silence).,2026-05
BKB-0173,AIS_GAP,HIGH,95,3081688885,2026-05-20T01:37:22+00:00,-10.58619,142.22143,,Pilot,AIS gap of 11.4 h,"The vessel disappeared from the AIS source feed for longer than the configured threshold. This may indicate intentional disabling, poor coverage, equipment failure, or small-vessel below-threshold operation.","Review track before/after gap; cross-check RF, SAR, patrol and VMS sources. Note whether the gap area coincides with known IUU activity.",Previous point 2026-05-19T14:14:40+00:00 → current point 2026-05-20T01:37:22+00:00 (11.4 h silence).,2026-05
BKB-0174,AIS_GAP,HIGH,95,3081688885,2026-05-20T19:58:07+00:00,-10.5862683333,142.221483333,,Pilot,AIS gap of 14.2 h,"The vessel disappeared from the AIS source feed for longer than the configured threshold. This may indicate intentional disabling, poor coverage, equipment failure, or small-vessel below-threshold operation.","Review track before/after gap; cross-check RF, SAR, patrol and VMS sources. Note whether the gap area coincides with known IUU activity.",Previous point 2026-05-20T05:48:10+00:00 → current point 2026-05-20T19:58:07+00:00 (14.2 h silence).,2026-05
BKB-0175,AIS_GAP,MEDIUM,55,3081688885,2026-05-21T04:31:25+00:00,-10.586215,142.221438333,,Pilot,AIS gap of 6.0 h,"The vessel disappeared from the AIS source feed for longer than the configured threshold. This may indicate intentional disabling, poor coverage, equipment failure, or small-vessel below-threshold operation.","Review track before/after gap; cross-check RF, SAR, patrol and VMS sources. Note whether the gap area coincides with known IUU activity.",Previous point 2026-05-20T22:29:33+00:00 → current point 2026-05-21T04:31:25+00:00 (6.0 h silence).,2026-05
BKB-0176,AIS_GAP,HIGH,95,3081688885,2026-05-22T01:38:45+00:00,-10.5861633333,142.221435,,Pilot,AIS gap of 17.9 h,"The vessel disappeared from the AIS source feed for longer than the configured threshold. This may indicate intentional disabling, poor coverage, equipment failure, or small-vessel below-threshold operation.","Review track before/after gap; cross-check RF, SAR, patrol and VMS sources. Note whether the gap area coincides with known IUU activity.",Previous point 2026-05-21T07:45:50+00:00 → current point 2026-05-22T01:38:45+00:00 (17.9 h silence).,2026-05
BKB-0177,AIS_GAP,HIGH,95,3081688885,2026-05-23T11:45:52+00:00,-10.5862316667,142.221435,,Pilot,AIS gap of 27.3 h,"The vessel disappeared from the AIS source feed for longer than the configured threshold. This may indicate intentional disabling, poor coverage, equipment failure, or small-vessel below-threshold operation.","Review track before/after gap; cross-check RF, SAR, patrol and VMS sources. Note whether the gap area coincides with known IUU activity.",Previous point 2026-05-22T08:26:19+00:00 → current point 2026-05-23T11:45:52+00:00 (27.3 h silence).,2026-05
BKB-0178,AIS_GAP,MEDIUM,60,3081688885,2026-05-23T19:28:38+00:00,-10.58615,142.221436667,,Pilot,AIS gap of 6.6 h,"The vessel disappeared from the AIS source feed for longer than the configured threshold. This may indicate intentional disabling, poor coverage, equipment failure, or small-vessel below-threshold operation.","Review track before/after gap; cross-check RF, SAR, patrol and VMS sources. Note whether the gap area coincides with known IUU activity.",Previous point 2026-05-23T12:49:45+00:00 → current point 2026-05-23T19:28:38+00:00 (6.6 h silence).,2026-05
BKB-0179,AIS_GAP,MEDIUM,74,3081688885,2026-05-24T07:08:14+00:00,-10.586325,142.221481667,,Pilot,AIS gap of 8.5 h,"The vessel disappeared from the AIS source feed for longer than the configured threshold. This may indicate intentional disabling, poor coverage, equipment failure, or small-vessel below-threshold operation.","Review track before/after gap; cross-check RF, SAR, patrol and VMS sources. Note whether the gap area coincides with known IUU activity.",Previous point 2026-05-23T22:39:36+00:00 → current point 2026-05-24T07:08:14+00:00 (8.5 h silence).,2026-05
BKB-0180,AIS_GAP,HIGH,95,3081688885,2026-05-30T04:22:06+00:00,-10.58623,142.2215,,Pilot,AIS gap of 130.5 h,"The vessel disappeared from the AIS source feed for longer than the configured threshold. This may indicate intentional disabling, poor coverage, equipment failure, or small-vessel below-threshold operation.","Review track before/after gap; cross-check RF, SAR, patrol and VMS sources. Note whether the gap area coincides with known IUU activity.",Previous point 2026-05-24T17:53:54+00:00 → current point 2026-05-30T04:22:06+00:00 (130.5 h silence).,2026-05
BKB-0181,AIS_GAP,MEDIUM,71,3081688885,2026-05-30T15:41:30+00:00,-10.5861633333,142.221426667,,Pilot,AIS gap of 8.0 h,"The vessel disappeared from the AIS source feed for longer than the configured threshold. This may indicate intentional disabling, poor coverage, equipment failure, or small-vessel below-threshold operation.","Review track before/after gap; cross-check RF, SAR, patrol and VMS sources. Note whether the gap area coincides with known IUU activity.",Previous point 2026-05-30T07:38:51+00:00 → current point 2026-05-30T15:41:30+00:00 (8.0 h silence).,2026-05
BKB-0182,AIS_GAP,HIGH,95,3081688885,2026-05-31T07:07:21+00:00,-10.58624,142.221471667,,Pilot,AIS gap of 12.2 h,"The vessel disappeared from the AIS source feed for longer than the configured threshold. This may indicate intentional disabling, poor coverage, equipment failure, or small-vessel below-threshold operation.","Review track before/after gap; cross-check RF, SAR, patrol and VMS sources. Note whether the gap area coincides with known IUU activity.",Previous point 2026-05-30T18:54:36+00:00 → current point 2026-05-31T07:07:21+00:00 (12.2 h silence).,2026-05
BKB-0183,AIS_GAP,HIGH,95,3277236545,2026-05-04T23:16:54+00:00,-10.5868783333,142.219371667,,Passenger,AIS gap of 87.5 h,"The vessel disappeared from the AIS source feed for longer than the configured threshold. This may indicate intentional disabling, poor coverage, equipment failure, or small-vessel below-threshold operation.","Review track before/after gap; cross-check RF, SAR, patrol and VMS sources. Note whether the gap area coincides with known IUU activity.",Previous point 2026-05-01T07:49:32+00:00 → current point 2026-05-04T23:16:54+00:00 (87.5 h silence).,2026-05
BKB-0184,AIS_GAP,HIGH,95,3277236545,2026-05-05T19:59:37+00:00,-10.5881583333,142.218086667,,Passenger,AIS gap of 15.0 h,"The vessel disappeared from the AIS source feed for longer than the configured threshold. This may indicate intentional disabling, poor coverage, equipment failure, or small-vessel below-threshold operation.","Review track before/after gap; cross-check RF, SAR, patrol and VMS sources. Note whether the gap area coincides with known IUU activity.",Previous point 2026-05-05T05:01:24+00:00 → current point 2026-05-05T19:59:37+00:00 (15.0 h silence).,2026-05
BKB-0185,AIS_GAP,HIGH,95,3277236545,2026-05-06T22:51:32+00:00,-10.5881033333,142.218165,,Passenger,AIS gap of 15.9 h,"The vessel disappeared from the AIS source feed for longer than the configured threshold. This may indicate intentional disabling, poor coverage, equipment failure, or small-vessel below-threshold operation.","Review track before/after gap; cross-check RF, SAR, patrol and VMS sources. Note whether the gap area coincides with known IUU activity.",Previous point 2026-05-06T06:54:49+00:00 → current point 2026-05-06T22:51:32+00:00 (15.9 h silence).,2026-05
BKB-0186,AIS_GAP,HIGH,95,3277236545,2026-05-10T20:18:24+00:00,-10.5883333333,142.218006667,,Passenger,AIS gap of 89.0 h,"The vessel disappeared from the AIS source feed for longer than the configured threshold. This may indicate intentional disabling, poor coverage, equipment failure, or small-vessel below-threshold operation.","Review track before/after gap; cross-check RF, SAR, patrol and VMS sources. Note whether the gap area coincides with known IUU activity.",Previous point 2026-05-07T03:18:37+00:00 → current point 2026-05-10T20:18:24+00:00 (89.0 h silence).,2026-05
BKB-0187,AIS_GAP,HIGH,95,3277236545,2026-05-12T20:07:14+00:00,-10.586855,142.219375,,Passenger,AIS gap of 37.4 h,"The vessel disappeared from the AIS source feed for longer than the configured threshold. This may indicate intentional disabling, poor coverage, equipment failure, or small-vessel below-threshold operation.","Review track before/after gap; cross-check RF, SAR, patrol and VMS sources. Note whether the gap area coincides with known IUU activity.",Previous point 2026-05-11T06:43:45+00:00 → current point 2026-05-12T20:07:14+00:00 (37.4 h silence).,2026-05
BKB-0188,AIS_GAP,HIGH,95,3277236545,2026-05-13T22:45:28+00:00,-10.586905,142.21955,,Passenger,AIS gap of 15.9 h,"The vessel disappeared from the AIS source feed for longer than the configured threshold. This may indicate intentional disabling, poor coverage, equipment failure, or small-vessel below-threshold operation.","Review track before/after gap; cross-check RF, SAR, patrol and VMS sources. Note whether the gap area coincides with known IUU activity.",Previous point 2026-05-13T06:52:39+00:00 → current point 2026-05-13T22:45:28+00:00 (15.9 h silence).,2026-05
BKB-0189,AIS_GAP,HIGH,95,3277236545,2026-05-20T23:47:47+00:00,-10.5868416667,142.219355,,Passenger,AIS gap of 163.6 h,"The vessel disappeared from the AIS source feed for longer than the configured threshold. This may indicate intentional disabling, poor coverage, equipment failure, or small-vessel below-threshold operation.","Review track before/after gap; cross-check RF, SAR, patrol and VMS sources. Note whether the gap area coincides with known IUU activity.",Previous point 2026-05-14T04:14:28+00:00 → current point 2026-05-20T23:47:47+00:00 (163.6 h silence).,2026-05
BKB-0190,AIS_GAP,HIGH,95,3277236545,2026-05-21T23:44:18+00:00,-10.58698,142.220993333,,Passenger,AIS gap of 19.8 h,"The vessel disappeared from the AIS source feed for longer than the configured threshold. This may indicate intentional disabling, poor coverage, equipment failure, or small-vessel below-threshold operation.","Review track before/after gap; cross-check RF, SAR, patrol and VMS sources. Note whether the gap area coincides with known IUU activity.",Previous point 2026-05-21T03:56:46+00:00 → current point 2026-05-21T23:44:18+00:00 (19.8 h silence).,2026-05
BKB-0191,AIS_GAP,HIGH,95,3277236545,2026-05-23T20:06:57+00:00,-10.586805,142.219355,,Passenger,AIS gap of 37.6 h,"The vessel disappeared from the AIS source feed for longer than the configured threshold. This may indicate intentional disabling, poor coverage, equipment failure, or small-vessel below-threshold operation.","Review track before/after gap; cross-check RF, SAR, patrol and VMS sources. Note whether the gap area coincides with known IUU activity.",Previous point 2026-05-22T06:28:51+00:00 → current point 2026-05-23T20:06:57+00:00 (37.6 h silence).,2026-05
BKB-0192,AIS_GAP,HIGH,95,35061883,2026-05-25T00:38:54+00:00,-10.683575,142.523173333,,Sailing,AIS gap of 18.1 h,"The vessel disappeared from the AIS source feed for longer than the configured threshold. This may indicate intentional disabling, poor coverage, equipment failure, or small-vessel below-threshold operation.","Review track before/after gap; cross-check RF, SAR, patrol and VMS sources. Note whether the gap area coincides with known IUU activity.",Previous point 2026-05-24T06:33:53+00:00 → current point 2026-05-25T00:38:54+00:00 (18.1 h silence).,2026-05
BKB-0193,AIS_GAP,HIGH,95,399878,2026-05-02T19:40:54+00:00,-10.5862883333,142.221106667,,Pilot,AIS gap of 33.4 h,"The vessel disappeared from the AIS source feed for longer than the configured threshold. This may indicate intentional disabling, poor coverage, equipment failure, or small-vessel below-threshold operation.","Review track before/after gap; cross-check RF, SAR, patrol and VMS sources. Note whether the gap area coincides with known IUU activity.",Previous point 2026-05-01T10:19:46+00:00 → current point 2026-05-02T19:40:54+00:00 (33.4 h silence).,2026-05
BKB-0194,AIS_GAP,MEDIUM,76,399878,2026-05-03T14:39:24+00:00,-10.586215,142.22145,,Pilot,AIS gap of 8.7 h,"The vessel disappeared from the AIS source feed for longer than the configured threshold. This may indicate intentional disabling, poor coverage, equipment failure, or small-vessel below-threshold operation.","Review track before/after gap; cross-check RF, SAR, patrol and VMS sources. Note whether the gap area coincides with known IUU activity.",Previous point 2026-05-03T05:59:43+00:00 → current point 2026-05-03T14:39:24+00:00 (8.7 h silence).,2026-05
BKB-0195,AIS_GAP,HIGH,95,399878,2026-05-04T17:37:49+00:00,-10.5862,142.221456667,,Pilot,AIS gap of 23.7 h,"The vessel disappeared from the AIS source feed for longer than the configured threshold. This may indicate intentional disabling, poor coverage, equipment failure, or small-vessel below-threshold operation.","Review track before/after gap; cross-check RF, SAR, patrol and VMS sources. Note whether the gap area coincides with known IUU activity.",Previous point 2026-05-03T17:54:41+00:00 → current point 2026-05-04T17:37:49+00:00 (23.7 h silence).,2026-05
BKB-0196,AIS_GAP,HIGH,95,399878,2026-05-05T22:22:13+00:00,-10.5862966667,142.221483333,,Pilot,AIS gap of 19.0 h,"The vessel disappeared from the AIS source feed for longer than the configured threshold. This may indicate intentional disabling, poor coverage, equipment failure, or small-vessel below-threshold operation.","Review track before/after gap; cross-check RF, SAR, patrol and VMS sources. Note whether the gap area coincides with known IUU activity.",Previous point 2026-05-05T03:24:49+00:00 → current point 2026-05-05T22:22:13+00:00 (19.0 h silence).,2026-05
BKB-0197,AIS_GAP,HIGH,95,399878,2026-05-07T03:46:11+00:00,-10.5863116667,142.221525,,Pilot,AIS gap of 22.8 h,"The vessel disappeared from the AIS source feed for longer than the configured threshold. This may indicate intentional disabling, poor coverage, equipment failure, or small-vessel below-threshold operation.","Review track before/after gap; cross-check RF, SAR, patrol and VMS sources. Note whether the gap area coincides with known IUU activity.",Previous point 2026-05-06T04:59:57+00:00 → current point 2026-05-07T03:46:11+00:00 (22.8 h silence).,2026-05
BKB-0198,AIS_GAP,HIGH,95,399878,2026-05-08T00:30:42+00:00,-10.586285,142.221483333,,Pilot,AIS gap of 14.9 h,"The vessel disappeared from the AIS source feed for longer than the configured threshold. This may indicate intentional disabling, poor coverage, equipment failure, or small-vessel below-threshold operation.","Review track before/after gap; cross-check RF, SAR, patrol and VMS sources. Note whether the gap area coincides with known IUU activity.",Previous point 2026-05-07T09:34:33+00:00 → current point 2026-05-08T00:30:42+00:00 (14.9 h silence).,2026-05
BKB-0199,AIS_GAP,HIGH,95,399878,2026-05-08T23:29:49+00:00,-10.586295,142.221461667,,Pilot,AIS gap of 20.9 h,"The vessel disappeared from the AIS source feed for longer than the configured threshold. This may indicate intentional disabling, poor coverage, equipment failure, or small-vessel below-threshold operation.","Review track before/after gap; cross-check RF, SAR, patrol and VMS sources. Note whether the gap area coincides with known IUU activity.",Previous point 2026-05-08T02:38:10+00:00 → current point 2026-05-08T23:29:49+00:00 (20.9 h silence).,2026-05
BKB-0200,AIS_GAP,HIGH,95,399878,2026-05-09T19:38:13+00:00,-10.5862416667,142.221473333,,Pilot,AIS gap of 17.1 h,"The vessel disappeared from the AIS source feed for longer than the configured threshold. This may indicate intentional disabling, poor coverage, equipment failure, or small-vessel below-threshold operation.","Review track before/after gap; cross-check RF, SAR, patrol and VMS sources. Note whether the gap area coincides with known IUU activity.",Previous point 2026-05-09T02:34:40+00:00 → current point 2026-05-09T19:38:13+00:00 (17.1 h silence).,2026-05
BKB-0201,AIS_GAP,HIGH,95,399878,2026-05-11T00:22:01+00:00,-10.5862833333,142.22148,,Pilot,AIS gap of 19.6 h,"The vessel disappeared from the AIS source feed for longer than the configured threshold. This may indicate intentional disabling, poor coverage, equipment failure, or small-vessel below-threshold operation.","Review track before/after gap; cross-check RF, SAR, patrol and VMS sources. Note whether the gap area coincides with known IUU activity.",Previous point 2026-05-10T04:44:46+00:00 → current point 2026-05-11T00:22:01+00:00 (19.6 h silence).,2026-05
BKB-0202,AIS_GAP,HIGH,95,399878,2026-05-13T04:56:32+00:00,-10.5863,142.221481667,,Pilot,AIS gap of 30.7 h,"The vessel disappeared from the AIS source feed for longer than the configured threshold. This may indicate intentional disabling, poor coverage, equipment failure, or small-vessel below-threshold operation.","Review track before/after gap; cross-check RF, SAR, patrol and VMS sources. Note whether the gap area coincides with known IUU activity.",Previous point 2026-05-11T22:14:58+00:00 → current point 2026-05-13T04:56:32+00:00 (30.7 h silence).,2026-05
BKB-0203,AIS_GAP,HIGH,95,399878,2026-05-13T23:37:48+00:00,-10.5862733333,142.221471667,,Pilot,AIS gap of 14.5 h,"The vessel disappeared from the AIS source feed for longer than the configured threshold. This may indicate intentional disabling, poor coverage, equipment failure, or small-vessel below-threshold operation.","Review track before/after gap; cross-check RF, SAR, patrol and VMS sources. Note whether the gap area coincides with known IUU activity.",Previous point 2026-05-13T09:09:55+00:00 → current point 2026-05-13T23:37:48+00:00 (14.5 h silence).,2026-05
BKB-0204,AIS_GAP,HIGH,95,399878,2026-05-15T00:46:26+00:00,-10.58628,142.221491667,,Pilot,AIS gap of 21.0 h,"The vessel disappeared from the AIS source feed for longer than the configured threshold. This may indicate intentional disabling, poor coverage, equipment failure, or small-vessel below-threshold operation.","Review track before/after gap; cross-check RF, SAR, patrol and VMS sources. Note whether the gap area coincides with known IUU activity.",Previous point 2026-05-14T03:48:08+00:00 → current point 2026-05-15T00:46:26+00:00 (21.0 h silence).,2026-05
BKB-0205,AIS_GAP,HIGH,89,399878,2026-05-15T16:16:26+00:00,-10.5923733333,142.215925,,Pilot,AIS gap of 10.3 h,"The vessel disappeared from the AIS source feed for longer than the configured threshold. This may indicate intentional disabling, poor coverage, equipment failure, or small-vessel below-threshold operation.","Review track before/after gap; cross-check RF, SAR, patrol and VMS sources. Note whether the gap area coincides with known IUU activity.",Previous point 2026-05-15T05:56:23+00:00 → current point 2026-05-15T16:16:26+00:00 (10.3 h silence).,2026-05
BKB-0206,AIS_GAP,HIGH,95,399878,2026-05-17T05:52:08+00:00,-10.586435,142.221656667,,Pilot,AIS gap of 30.9 h,"The vessel disappeared from the AIS source feed for longer than the configured threshold. This may indicate intentional disabling, poor coverage, equipment failure, or small-vessel below-threshold operation.","Review track before/after gap; cross-check RF, SAR, patrol and VMS sources. Note whether the gap area coincides with known IUU activity.",Previous point 2026-05-15T22:56:09+00:00 → current point 2026-05-17T05:52:08+00:00 (30.9 h silence).,2026-05
BKB-0207,AIS_GAP,HIGH,95,399878,2026-05-18T12:20:41+00:00,-10.5862866667,142.22148,,Pilot,AIS gap of 26.4 h,"The vessel disappeared from the AIS source feed for longer than the configured threshold. This may indicate intentional disabling, poor coverage, equipment failure, or small-vessel below-threshold operation.","Review track before/after gap; cross-check RF, SAR, patrol and VMS sources. Note whether the gap area coincides with known IUU activity.",Previous point 2026-05-17T09:54:58+00:00 → current point 2026-05-18T12:20:41+00:00 (26.4 h silence).,2026-05
BKB-0208,AIS_GAP,HIGH,95,399878,2026-05-19T18:19:23+00:00,-10.5862883333,142.221478333,,Pilot,AIS gap of 14.5 h,"The vessel disappeared from the AIS source feed for longer than the configured threshold. This may indicate intentional disabling, poor coverage, equipment failure, or small-vessel below-threshold operation.","Review track before/after gap; cross-check RF, SAR, patrol and VMS sources. Note whether the gap area coincides with known IUU activity.",Previous point 2026-05-19T03:49:29+00:00 → current point 2026-05-19T18:19:23+00:00 (14.5 h silence).,2026-05
BKB-0209,AIS_GAP,MEDIUM,63,399878,2026-05-20T04:29:17+00:00,-10.5862783333,142.221485,,Pilot,AIS gap of 7.1 h,"The vessel disappeared from the AIS source feed for longer than the configured threshold. This may indicate intentional disabling, poor coverage, equipment failure, or small-vessel below-threshold operation.","Review track before/after gap; cross-check RF, SAR, patrol and VMS sources. Note whether the gap area coincides with known IUU activity.",Previous point 2026-05-19T21:24:42+00:00 → current point 2026-05-20T04:29:17+00:00 (7.1 h silence).,2026-05
BKB-0210,AIS_GAP,HIGH,95,399878,2026-05-20T19:59:24+00:00,-10.58615,142.221426667,,Pilot,AIS gap of 12.3 h,"The vessel disappeared from the AIS source feed for longer than the configured threshold. This may indicate intentional disabling, poor coverage, equipment failure, or small-vessel below-threshold operation.","Review track before/after gap; cross-check RF, SAR, patrol and VMS sources. Note whether the gap area coincides with known IUU activity.",Previous point 2026-05-20T07:39:40+00:00 → current point 2026-05-20T19:59:24+00:00 (12.3 h silence).,2026-05
BKB-0211,AIS_GAP,HIGH,82,399878,2026-05-21T06:39:03+00:00,-10.5863116667,142.221475,,Pilot,AIS gap of 9.5 h,"The vessel disappeared from the AIS source feed for longer than the configured threshold. This may indicate intentional disabling, poor coverage, equipment failure, or small-vessel below-threshold operation.","Review track before/after gap; cross-check RF, SAR, patrol and VMS sources. Note whether the gap area coincides with known IUU activity.",Previous point 2026-05-20T21:09:45+00:00 → current point 2026-05-21T06:39:03+00:00 (9.5 h silence).,2026-05
BKB-0212,AIS_GAP,HIGH,90,399878,2026-05-22T23:22:03+00:00,-10.58628,142.22147,,Pilot,AIS gap of 10.4 h,"The vessel disappeared from the AIS source feed for longer than the configured threshold. This may indicate intentional disabling, poor coverage, equipment failure, or small-vessel below-threshold operation.","Review track before/after gap; cross-check RF, SAR, patrol and VMS sources. Note whether the gap area coincides with known IUU activity.",Previous point 2026-05-22T12:59:33+00:00 → current point 2026-05-22T23:22:03+00:00 (10.4 h silence).,2026-05
BKB-0213,AIS_GAP,HIGH,95,399878,2026-05-23T22:48:00+00:00,-10.5862933333,142.221478333,,Pilot,AIS gap of 14.9 h,"The vessel disappeared from the AIS source feed for longer than the configured threshold. This may indicate intentional disabling, poor coverage, equipment failure, or small-vessel below-threshold operation.","Review track before/after gap; cross-check RF, SAR, patrol and VMS sources. Note whether the gap area coincides with known IUU activity.",Previous point 2026-05-23T07:54:42+00:00 → current point 2026-05-23T22:48:00+00:00 (14.9 h silence).,2026-05
BKB-0214,AIS_GAP,HIGH,95,399878,2026-05-26T01:08:20+00:00,-10.5862816667,142.221491667,,Pilot,AIS gap of 36.3 h,"The vessel disappeared from the AIS source feed for longer than the configured threshold. This may indicate intentional disabling, poor coverage, equipment failure, or small-vessel below-threshold operation.","Review track before/after gap; cross-check RF, SAR, patrol and VMS sources. Note whether the gap area coincides with known IUU activity.",Previous point 2026-05-24T12:53:06+00:00 → current point 2026-05-26T01:08:20+00:00 (36.3 h silence).,2026-05
BKB-0215,AIS_GAP,HIGH,95,399878,2026-05-26T20:08:06+00:00,-10.5909966667,142.21811,,Pilot,AIS gap of 14.8 h,"The vessel disappeared from the AIS source feed for longer than the configured threshold. This may indicate intentional disabling, poor coverage, equipment failure, or small-vessel below-threshold operation.","Review track before/after gap; cross-check RF, SAR, patrol and VMS sources. Note whether the gap area coincides with known IUU activity.",Previous point 2026-05-26T05:22:54+00:00 → current point 2026-05-26T20:08:06+00:00 (14.8 h silence).,2026-05
BKB-0216,AIS_GAP,HIGH,95,399878,2026-05-27T14:10:34+00:00,-10.5862966667,142.221493333,,Pilot,AIS gap of 11.8 h,"The vessel disappeared from the AIS source feed for longer than the configured threshold. This may indicate intentional disabling, poor coverage, equipment failure, or small-vessel below-threshold operation.","Review track before/after gap; cross-check RF, SAR, patrol and VMS sources. Note whether the gap area coincides with known IUU activity.",Previous point 2026-05-27T02:23:44+00:00 → current point 2026-05-27T14:10:34+00:00 (11.8 h silence).,2026-05
BKB-0217,AIS_GAP,MEDIUM,61,399878,2026-05-28T00:13:22+00:00,-10.5862933333,142.22149,,Pilot,AIS gap of 6.8 h,"The vessel disappeared from the AIS source feed for longer than the configured threshold. This may indicate intentional disabling, poor coverage, equipment failure, or small-vessel below-threshold operation.","Review track before/after gap; cross-check RF, SAR, patrol and VMS sources. Note whether the gap area coincides with known IUU activity.",Previous point 2026-05-27T17:23:03+00:00 → current point 2026-05-28T00:13:22+00:00 (6.8 h silence).,2026-05
BKB-0218,AIS_GAP,MEDIUM,70,399878,2026-05-28T11:14:39+00:00,-10.5862233333,142.22143,,Pilot,AIS gap of 8.0 h,"The vessel disappeared from the AIS source feed for longer than the configured threshold. This may indicate intentional disabling, poor coverage, equipment failure, or small-vessel below-threshold operation.","Review track before/after gap; cross-check RF, SAR, patrol and VMS sources. Note whether the gap area coincides with known IUU activity.",Previous point 2026-05-28T03:15:32+00:00 → current point 2026-05-28T11:14:39+00:00 (8.0 h silence).,2026-05
BKB-0219,AIS_GAP,HIGH,95,399878,2026-05-29T20:08:47+00:00,-10.5861583333,142.221446667,,Pilot,AIS gap of 20.0 h,"The vessel disappeared from the AIS source feed for longer than the configured threshold. This may indicate intentional disabling, poor coverage, equipment failure, or small-vessel below-threshold operation.","Review track before/after gap; cross-check RF, SAR, patrol and VMS sources. Note whether the gap area coincides with known IUU activity.",Previous point 2026-05-29T00:09:40+00:00 → current point 2026-05-29T20:08:47+00:00 (20.0 h silence).,2026-05
BKB-0220,AIS_GAP,HIGH,95,452067081,2026-05-05T10:29:21+00:00,-9.31176166667,141.992711667,,Cargo,AIS gap of 64.8 h,"The vessel disappeared from the AIS source feed for longer than the configured threshold. This may indicate intentional disabling, poor coverage, equipment failure, or small-vessel below-threshold operation.","Review track before/after gap; cross-check RF, SAR, patrol and VMS sources. Note whether the gap area coincides with known IUU activity.",Previous point 2026-05-02T17:39:50+00:00 → current point 2026-05-05T10:29:21+00:00 (64.8 h silence).,2026-05
BKB-0221,AIS_GAP,HIGH,95,452067081,2026-05-07T12:32:43+00:00,-9.33166666667,141.865,,Cargo,AIS gap of 49.0 h,"The vessel disappeared from the AIS source feed for longer than the configured threshold. This may indicate intentional disabling, poor coverage, equipment failure, or small-vessel below-threshold operation.","Review track before/after gap; cross-check RF, SAR, patrol and VMS sources. Note whether the gap area coincides with known IUU activity.",Previous point 2026-05-05T11:33:00+00:00 → current point 2026-05-07T12:32:43+00:00 (49.0 h silence).,2026-05
BKB-0222,AIS_GAP,HIGH,90,452067081,2026-05-07T22:56:44+00:00,-9.24833333333,142.103333333,,Cargo,AIS gap of 10.4 h,"The vessel disappeared from the AIS source feed for longer than the configured threshold. This may indicate intentional disabling, poor coverage, equipment failure, or small-vessel below-threshold operation.","Review track before/after gap; cross-check RF, SAR, patrol and VMS sources. Note whether the gap area coincides with known IUU activity.",Previous point 2026-05-07T12:32:43+00:00 → current point 2026-05-07T22:56:44+00:00 (10.4 h silence).,2026-05
BKB-0223,AIS_GAP,HIGH,95,452067081,2026-05-10T20:27:21+00:00,-9.34518833333,142.667793333,,Cargo,AIS gap of 69.5 h,"The vessel disappeared from the AIS source feed for longer than the configured threshold. This may indicate intentional disabling, poor coverage, equipment failure, or small-vessel below-threshold operation.","Review track before/after gap; cross-check RF, SAR, patrol and VMS sources. Note whether the gap area coincides with known IUU activity.",Previous point 2026-05-07T22:56:44+00:00 → current point 2026-05-10T20:27:21+00:00 (69.5 h silence).,2026-05
BKB-0224,AIS_GAP,HIGH,95,452067081,2026-05-14T10:27:10+00:00,-9.32133,142.831733333,,Cargo,AIS gap of 86.0 h,"The vessel disappeared from the AIS source feed for longer than the configured threshold. This may indicate intentional disabling, poor coverage, equipment failure, or small-vessel below-threshold operation.","Review track before/after gap; cross-check RF, SAR, patrol and VMS sources. Note whether the gap area coincides with known IUU activity.",Previous point 2026-05-10T20:27:21+00:00 → current point 2026-05-14T10:27:10+00:00 (86.0 h silence).,2026-05
BKB-0225,AIS_GAP,HIGH,95,452067081,2026-05-16T08:24:55+00:00,-9.18648,143.582225,,Cargo,AIS gap of 46.0 h,"The vessel disappeared from the AIS source feed for longer than the configured threshold. This may indicate intentional disabling, poor coverage, equipment failure, or small-vessel below-threshold operation.","Review track before/after gap; cross-check RF, SAR, patrol and VMS sources. Note whether the gap area coincides with known IUU activity.",Previous point 2026-05-14T10:27:10+00:00 → current point 2026-05-16T08:24:55+00:00 (46.0 h silence).,2026-05
BKB-0226,AIS_GAP,MEDIUM,70,4595,2026-05-10T20:32:58+00:00,-10.4083333333,141.066666667,,Other,AIS gap of 7.1 h,"The vessel disappeared from the AIS source feed for longer than the configured threshold. This may indicate intentional disabling, poor coverage, equipment failure, or small-vessel below-threshold operation.","Review track before/after gap; cross-check RF, SAR, patrol and VMS sources. Note whether the gap area coincides with known IUU activity.",Previous point 2026-05-10T13:29:53+00:00 → current point 2026-05-10T20:32:58+00:00 (7.1 h silence).,2026-05
BKB-0227,AIS_GAP,HIGH,95,47739248,2026-05-22T20:54:55+00:00,-11.428015,141.812036667,,Other,AIS gap of 28.8 h,"The vessel disappeared from the AIS source feed for longer than the configured threshold. This may indicate intentional disabling, poor coverage, equipment failure, or small-vessel below-threshold operation.","Review track before/after gap; cross-check RF, SAR, patrol and VMS sources. Note whether the gap area coincides with known IUU activity.",Previous point 2026-05-21T16:05:17+00:00 → current point 2026-05-22T20:54:55+00:00 (28.8 h silence).,2026-05
BKB-0228,AIS_GAP,HIGH,95,50365633,2026-05-11T16:09:55+00:00,-11.4756466667,142.979775,,Cargo,AIS gap of 254.0 h,"The vessel disappeared from the AIS source feed for longer than the configured threshold. This may indicate intentional disabling, poor coverage, equipment failure, or small-vessel below-threshold operation.","Review track before/after gap; cross-check RF, SAR, patrol and VMS sources. Note whether the gap area coincides with known IUU activity.",Previous point 2026-05-01T02:08:54+00:00 → current point 2026-05-11T16:09:55+00:00 (254.0 h silence).,2026-05
BKB-0229,AIS_GAP,HIGH,95,50365633,2026-05-16T21:24:23+00:00,-11.4653816667,141.500335,,Cargo,AIS gap of 110.2 h,"The vessel disappeared from the AIS source feed for longer than the configured threshold. This may indicate intentional disabling, poor coverage, equipment failure, or small-vessel below-threshold operation.","Review track before/after gap; cross-check RF, SAR, patrol and VMS sources. Note whether the gap area coincides with known IUU activity.",Previous point 2026-05-12T07:12:17+00:00 → current point 2026-05-16T21:24:23+00:00 (110.2 h silence).,2026-05
BKB-0230,AIS_GAP,HIGH,95,50365633,2026-05-31T05:24:54+00:00,-11.3409333333,142.998148333,,Cargo,AIS gap of 321.8 h,"The vessel disappeared from the AIS source feed for longer than the configured threshold. This may indicate intentional disabling, poor coverage, equipment failure, or small-vessel below-threshold operation.","Review track before/after gap; cross-check RF, SAR, patrol and VMS sources. Note whether the gap area coincides with known IUU activity.",Previous point 2026-05-17T19:39:51+00:00 → current point 2026-05-31T05:24:54+00:00 (321.8 h silence).,2026-05
BKB-0231,AIS_GAP,HIGH,95,5485476919,2026-05-31T10:24:55+00:00,-9.22283833333,143.989821667,,Tanker,AIS gap of 602.0 h,"The vessel disappeared from the AIS source feed for longer than the configured threshold. This may indicate intentional disabling, poor coverage, equipment failure, or small-vessel below-threshold operation.","Review track before/after gap; cross-check RF, SAR, patrol and VMS sources. Note whether the gap area coincides with known IUU activity.",Previous point 2026-05-06T08:24:58+00:00 → current point 2026-05-31T10:24:55+00:00 (602.0 h silence).,2026-05
BKB-0232,AIS_GAP,HIGH,95,593453862,2026-05-15T10:52:45+00:00,-11.3589233333,142.996175,,Cargo,AIS gap of 313.9 h,"The vessel disappeared from the AIS source feed for longer than the configured threshold. This may indicate intentional disabling, poor coverage, equipment failure, or small-vessel below-threshold operation.","Review track before/after gap; cross-check RF, SAR, patrol and VMS sources. Note whether the gap area coincides with known IUU activity.",Previous point 2026-05-02T08:59:12+00:00 → current point 2026-05-15T10:52:45+00:00 (313.9 h silence).,2026-05
BKB-0233,AIS_GAP,HIGH,95,5944764411,2026-05-09T22:58:39+00:00,-10.3107833333,142.833196667,,Tug,AIS gap of 18.2 h,"The vessel disappeared from the AIS source feed for longer than the configured threshold. This may indicate intentional disabling, poor coverage, equipment failure, or small-vessel below-threshold operation.","Review track before/after gap; cross-check RF, SAR, patrol and VMS sources. Note whether the gap area coincides with known IUU activity.",Previous point 2026-05-09T04:44:59+00:00 → current point 2026-05-09T22:58:39+00:00 (18.2 h silence).,2026-05
BKB-0234,AIS_GAP,HIGH,95,6019,2026-05-22T23:04:11+00:00,-11.396925,141.859311667,,Cargo,AIS gap of 39.7 h,"The vessel disappeared from the AIS source feed for longer than the configured threshold. This may indicate intentional disabling, poor coverage, equipment failure, or small-vessel below-threshold operation.","Review track before/after gap; cross-check RF, SAR, patrol and VMS sources. Note whether the gap area coincides with known IUU activity.",Previous point 2026-05-21T07:24:26+00:00 → current point 2026-05-22T23:04:11+00:00 (39.7 h silence).,2026-05
BKB-0235,AIS_GAP,HIGH,95,622012888,2026-05-17T06:15:51+00:00,-11.2704266667,142.97277,,Cargo,AIS gap of 303.5 h,"The vessel disappeared from the AIS source feed for longer than the configured threshold. This may indicate intentional disabling, poor coverage, equipment failure, or small-vessel below-threshold operation.","Review track before/after gap; cross-check RF, SAR, patrol and VMS sources. Note whether the gap area coincides with known IUU activity.",Previous point 2026-05-04T14:44:56+00:00 → current point 2026-05-17T06:15:51+00:00 (303.5 h silence).,2026-05
BKB-0236,AIS_GAP,HIGH,95,622012888,2026-05-24T09:23:12+00:00,-10.4068316667,141.05405,,Cargo,AIS gap of 160.3 h,"The vessel disappeared from the AIS source feed for longer than the configured threshold. This may indicate intentional disabling, poor coverage, equipment failure, or small-vessel below-threshold operation.","Review track before/after gap; cross-check RF, SAR, patrol and VMS sources. Note whether the gap area coincides with known IUU activity.",Previous point 2026-05-17T17:03:41+00:00 → current point 2026-05-24T09:23:12+00:00 (160.3 h silence).,2026-05
BKB-0237,AIS_GAP,HIGH,95,6295430246,2026-05-06T12:24:40+00:00,-11.36765,141.96672,,Cargo,AIS gap of 41.6 h,"The vessel disappeared from the AIS source feed for longer than the configured threshold. This may indicate intentional disabling, poor coverage, equipment failure, or small-vessel below-threshold operation.","Review track before/after gap; cross-check RF, SAR, patrol and VMS sources. Note whether the gap area coincides with known IUU activity.",Previous point 2026-05-04T18:49:50+00:00 → current point 2026-05-06T12:24:40+00:00 (41.6 h silence).,2026-05
BKB-0238,AIS_GAP,HIGH,95,6295430246,2026-05-08T19:56:10+00:00,-11.2783333333,141.901666667,,Cargo,AIS gap of 26.7 h,"The vessel disappeared from the AIS source feed for longer than the configured threshold. This may indicate intentional disabling, poor coverage, equipment failure, or small-vessel below-threshold operation.","Review track before/after gap; cross-check RF, SAR, patrol and VMS sources. Note whether the gap area coincides with known IUU activity.",Previous point 2026-05-07T17:14:27+00:00 → current point 2026-05-08T19:56:10+00:00 (26.7 h silence).,2026-05
BKB-0239,AIS_GAP,HIGH,95,6295430246,2026-05-12T15:26:38+00:00,-11.3739666667,141.966853333,,Cargo,AIS gap of 26.0 h,"The vessel disappeared from the AIS source feed for longer than the configured threshold. This may indicate intentional disabling, poor coverage, equipment failure, or small-vessel below-threshold operation.","Review track before/after gap; cross-check RF, SAR, patrol and VMS sources. Note whether the gap area coincides with known IUU activity.",Previous point 2026-05-11T13:24:58+00:00 → current point 2026-05-12T15:26:38+00:00 (26.0 h silence).,2026-05
BKB-0240,AIS_GAP,HIGH,95,6295430246,2026-05-15T12:07:45+00:00,-11.400545,141.859326667,,Cargo,AIS gap of 25.4 h,"The vessel disappeared from the AIS source feed for longer than the configured threshold. This may indicate intentional disabling, poor coverage, equipment failure, or small-vessel below-threshold operation.","Review track before/after gap; cross-check RF, SAR, patrol and VMS sources. Note whether the gap area coincides with known IUU activity.",Previous point 2026-05-14T10:42:59+00:00 → current point 2026-05-15T12:07:45+00:00 (25.4 h silence).,2026-05
BKB-0241,AIS_GAP,HIGH,95,6295430246,2026-05-20T18:54:09+00:00,-11.3816466667,141.966975,,Cargo,AIS gap of 29.0 h,"The vessel disappeared from the AIS source feed for longer than the configured threshold. This may indicate intentional disabling, poor coverage, equipment failure, or small-vessel below-threshold operation.","Review track before/after gap; cross-check RF, SAR, patrol and VMS sources. Note whether the gap area coincides with known IUU activity.",Previous point 2026-05-19T13:54:57+00:00 → current point 2026-05-20T18:54:09+00:00 (29.0 h silence).,2026-05
BKB-0242,AIS_GAP,HIGH,95,6295430246,2026-05-23T11:59:32+00:00,-11.3670616667,141.781855,,Cargo,AIS gap of 46.2 h,"The vessel disappeared from the AIS source feed for longer than the configured threshold. This may indicate intentional disabling, poor coverage, equipment failure, or small-vessel below-threshold operation.","Review track before/after gap; cross-check RF, SAR, patrol and VMS sources. Note whether the gap area coincides with known IUU activity.",Previous point 2026-05-21T13:48:39+00:00 → current point 2026-05-23T11:59:32+00:00 (46.2 h silence).,2026-05
BKB-0243,AIS_GAP,HIGH,95,6295430246,2026-05-26T17:24:50+00:00,-11.2444966667,141.895545,,Cargo,AIS gap of 27.2 h,"The vessel disappeared from the AIS source feed for longer than the configured threshold. This may indicate intentional disabling, poor coverage, equipment failure, or small-vessel below-threshold operation.","Review track before/after gap; cross-check RF, SAR, patrol and VMS sources. Note whether the gap area coincides with known IUU activity.",Previous point 2026-05-25T14:12:55+00:00 → current point 2026-05-26T17:24:50+00:00 (27.2 h silence).,2026-05
BKB-0244,AIS_GAP,HIGH,95,6295430246,2026-05-29T13:34:49+00:00,-11.3722933333,141.780453333,,Cargo,AIS gap of 26.3 h,"The vessel disappeared from the AIS source feed for longer than the configured threshold. This may indicate intentional disabling, poor coverage, equipment failure, or small-vessel below-threshold operation.","Review track before/after gap; cross-check RF, SAR, patrol and VMS sources. Note whether the gap area coincides with known IUU activity.",Previous point 2026-05-28T11:14:57+00:00 → current point 2026-05-29T13:34:49+00:00 (26.3 h silence).,2026-05
BKB-0245,AIS_GAP,HIGH,95,66036675,2026-05-16T05:49:56+00:00,-9.19788333333,143.511983333,,Cargo,AIS gap of 20.0 h,"The vessel disappeared from the AIS source feed for longer than the configured threshold. This may indicate intentional disabling, poor coverage, equipment failure, or small-vessel below-threshold operation.","Review track before/after gap; cross-check RF, SAR, patrol and VMS sources. Note whether the gap area coincides with known IUU activity.",Previous point 2026-05-15T09:49:42+00:00 → current point 2026-05-16T05:49:56+00:00 (20.0 h silence).,2026-05
BKB-0246,AIS_GAP,HIGH,95,6629,2026-05-06T23:17:25+00:00,-11.4453166667,141.4946,,Cargo,AIS gap of 107.1 h,"The vessel disappeared from the AIS source feed for longer than the configured threshold. This may indicate intentional disabling, poor coverage, equipment failure, or small-vessel below-threshold operation.","Review track before/after gap; cross-check RF, SAR, patrol and VMS sources. Note whether the gap area coincides with known IUU activity.",Previous point 2026-05-02T12:09:46+00:00 → current point 2026-05-06T23:17:25+00:00 (107.1 h silence).,2026-05
BKB-0247,AIS_GAP,HIGH,95,6629,2026-05-23T12:29:31+00:00,-11.3539666667,142.993983333,,Cargo,AIS gap of 372.8 h,"The vessel disappeared from the AIS source feed for longer than the configured threshold. This may indicate intentional disabling, poor coverage, equipment failure, or small-vessel below-threshold operation.","Review track before/after gap; cross-check RF, SAR, patrol and VMS sources. Note whether the gap area coincides with known IUU activity.",Previous point 2026-05-07T23:44:14+00:00 → current point 2026-05-23T12:29:31+00:00 (372.8 h silence).,2026-05
BKB-0248,AIS_GAP,HIGH,95,6629,2026-05-26T16:53:44+00:00,-11.3984,141.4801,,Cargo,AIS gap of 63.8 h,"The vessel disappeared from the AIS source feed for longer than the configured threshold. This may indicate intentional disabling, poor coverage, equipment failure, or small-vessel below-threshold operation.","Review track before/after gap; cross-check RF, SAR, patrol and VMS sources. Note whether the gap area coincides with known IUU activity.",Previous point 2026-05-24T01:04:51+00:00 → current point 2026-05-26T16:53:44+00:00 (63.8 h silence).,2026-05
BKB-0249,AIS_GAP,HIGH,95,6659471,2026-05-15T18:39:06+00:00,-11.39495,142.990998333,,Cargo,AIS gap of 196.3 h,"The vessel disappeared from the AIS source feed for longer than the configured threshold. This may indicate intentional disabling, poor coverage, equipment failure, or small-vessel below-threshold operation.","Review track before/after gap; cross-check RF, SAR, patrol and VMS sources. Note whether the gap area coincides with known IUU activity.",Previous point 2026-05-07T14:19:55+00:00 → current point 2026-05-15T18:39:06+00:00 (196.3 h silence).,2026-05
BKB-0250,AIS_GAP,HIGH,95,6917119909,2026-05-28T00:35:32+00:00,-11.4789816667,142.979908333,,Cargo,AIS gap of 100.3 h,"The vessel disappeared from the AIS source feed for longer than the configured threshold. This may indicate intentional disabling, poor coverage, equipment failure, or small-vessel below-threshold operation.","Review track before/after gap; cross-check RF, SAR, patrol and VMS sources. Note whether the gap area coincides with known IUU activity.",Previous point 2026-05-23T20:14:55+00:00 → current point 2026-05-28T00:35:32+00:00 (100.3 h silence).,2026-05
BKB-0251,AIS_GAP,HIGH,95,8295314951,2026-05-21T02:34:09+00:00,-10.752705,142.366356667,,Other,AIS gap of 118.9 h,"The vessel disappeared from the AIS source feed for longer than the configured threshold. This may indicate intentional disabling, poor coverage, equipment failure, or small-vessel below-threshold operation.","Review track before/after gap; cross-check RF, SAR, patrol and VMS sources. Note whether the gap area coincides with known IUU activity.",Previous point 2026-05-16T03:39:46+00:00 → current point 2026-05-21T02:34:09+00:00 (118.9 h silence).,2026-05
BKB-0252,AIS_GAP,HIGH,95,8295314951,2026-05-27T03:54:18+00:00,-10.824735,142.337693333,,Other,AIS gap of 141.8 h,"The vessel disappeared from the AIS source feed for longer than the configured threshold. This may indicate intentional disabling, poor coverage, equipment failure, or small-vessel below-threshold operation.","Review track before/after gap; cross-check RF, SAR, patrol and VMS sources. Note whether the gap area coincides with known IUU activity.",Previous point 2026-05-21T06:04:28+00:00 → current point 2026-05-27T03:54:18+00:00 (141.8 h silence).,2026-05
BKB-0253,AIS_GAP,HIGH,95,8295314951,2026-05-29T05:56:03+00:00,-10.7211666667,142.31824,,Other,AIS gap of 48.9 h,"The vessel disappeared from the AIS source feed for longer than the configured threshold. This may indicate intentional disabling, poor coverage, equipment failure, or small-vessel below-threshold operation.","Review track before/after gap; cross-check RF, SAR, patrol and VMS sources. Note whether the gap area coincides with known IUU activity.",Previous point 2026-05-27T05:00:31+00:00 → current point 2026-05-29T05:56:03+00:00 (48.9 h silence).,2026-05
BKB-0254,AIS_GAP,HIGH,95,8339052490,2026-05-03T23:29:35+00:00,-10.58109,142.240493333,,Pilot,AIS gap of 40.0 h,"The vessel disappeared from the AIS source feed for longer than the configured threshold. This may indicate intentional disabling, poor coverage, equipment failure, or small-vessel below-threshold operation.","Review track before/after gap; cross-check RF, SAR, patrol and VMS sources. Note whether the gap area coincides with known IUU activity.",Previous point 2026-05-02T07:31:56+00:00 → current point 2026-05-03T23:29:35+00:00 (40.0 h silence).,2026-05
BKB-0255,AIS_GAP,MEDIUM,69,8339052490,2026-05-04T13:28:46+00:00,-10.0477183333,143.062211667,,Pilot,AIS gap of 7.8 h,"The vessel disappeared from the AIS source feed for longer than the configured threshold. This may indicate intentional disabling, poor coverage, equipment failure, or small-vessel below-threshold operation.","Review track before/after gap; cross-check RF, SAR, patrol and VMS sources. Note whether the gap area coincides with known IUU activity.",Previous point 2026-05-04T05:39:58+00:00 → current point 2026-05-04T13:28:46+00:00 (7.8 h silence).,2026-05
BKB-0256,AIS_GAP,HIGH,95,8339052490,2026-05-06T08:39:49+00:00,-10.0471083333,143.062603333,,Pilot,AIS gap of 32.1 h,"The vessel disappeared from the AIS source feed for longer than the configured threshold. This may indicate intentional disabling, poor coverage, equipment failure, or small-vessel below-threshold operation.","Review track before/after gap; cross-check RF, SAR, patrol and VMS sources. Note whether the gap area coincides with known IUU activity.",Previous point 2026-05-05T00:34:15+00:00 → current point 2026-05-06T08:39:49+00:00 (32.1 h silence).,2026-05
BKB-0257,AIS_GAP,HIGH,95,8339052490,2026-05-07T11:07:21+00:00,-10.04781,143.06213,,Pilot,AIS gap of 22.3 h,"The vessel disappeared from the AIS source feed for longer than the configured threshold. This may indicate intentional disabling, poor coverage, equipment failure, or small-vessel below-threshold operation.","Review track before/after gap; cross-check RF, SAR, patrol and VMS sources. Note whether the gap area coincides with known IUU activity.",Previous point 2026-05-06T12:49:48+00:00 → current point 2026-05-07T11:07:21+00:00 (22.3 h silence).,2026-05
BKB-0258,AIS_GAP,HIGH,95,8339052490,2026-05-08T03:14:50+00:00,-10.0476733333,143.062195,,Pilot,AIS gap of 11.3 h,"The vessel disappeared from the AIS source feed for longer than the configured threshold. This may indicate intentional disabling, poor coverage, equipment failure, or small-vessel below-threshold operation.","Review track before/after gap; cross-check RF, SAR, patrol and VMS sources. Note whether the gap area coincides with known IUU activity.",Previous point 2026-05-07T15:59:00+00:00 → current point 2026-05-08T03:14:50+00:00 (11.3 h silence).,2026-05
BKB-0259,AIS_GAP,HIGH,95,8339052490,2026-05-10T04:08:44+00:00,-10.047705,143.062176667,,Pilot,AIS gap of 38.5 h,"The vessel disappeared from the AIS source feed for longer than the configured threshold. This may indicate intentional disabling, poor coverage, equipment failure, or small-vessel below-threshold operation.","Review track before/after gap; cross-check RF, SAR, patrol and VMS sources. Note whether the gap area coincides with known IUU activity.",Previous point 2026-05-08T13:39:56+00:00 → current point 2026-05-10T04:08:44+00:00 (38.5 h silence).,2026-05
BKB-0260,AIS_GAP,HIGH,95,8339052490,2026-05-12T06:34:56+00:00,-10.0478933333,143.062105,,Pilot,AIS gap of 29.3 h,"The vessel disappeared from the AIS source feed for longer than the configured threshold. This may indicate intentional disabling, poor coverage, equipment failure, or small-vessel below-threshold operation.","Review track before/after gap; cross-check RF, SAR, patrol and VMS sources. Note whether the gap area coincides with known IUU activity.",Previous point 2026-05-11T01:14:27+00:00 → current point 2026-05-12T06:34:56+00:00 (29.3 h silence).,2026-05
BKB-0261,AIS_GAP,HIGH,95,8339052490,2026-05-13T20:47:16+00:00,-10.0477833333,143.062083333,,Pilot,AIS gap of 33.6 h,"The vessel disappeared from the AIS source feed for longer than the configured threshold. This may indicate intentional disabling, poor coverage, equipment failure, or small-vessel below-threshold operation.","Review track before/after gap; cross-check RF, SAR, patrol and VMS sources. Note whether the gap area coincides with known IUU activity.",Previous point 2026-05-12T11:08:20+00:00 → current point 2026-05-13T20:47:16+00:00 (33.6 h silence).,2026-05
BKB-0262,AIS_GAP,HIGH,95,8339052490,2026-05-14T16:28:41+00:00,-10.0473133333,143.06386,,Pilot,AIS gap of 12.9 h,"The vessel disappeared from the AIS source feed for longer than the configured threshold. This may indicate intentional disabling, poor coverage, equipment failure, or small-vessel below-threshold operation.","Review track before/after gap; cross-check RF, SAR, patrol and VMS sources. Note whether the gap area coincides with known IUU activity.",Previous point 2026-05-14T03:34:50+00:00 → current point 2026-05-14T16:28:41+00:00 (12.9 h silence).,2026-05
BKB-0263,AIS_GAP,HIGH,80,8339052490,2026-05-15T09:18:33+00:00,-10.0478433333,143.06208,,Pilot,AIS gap of 9.2 h,"The vessel disappeared from the AIS source feed for longer than the configured threshold. This may indicate intentional disabling, poor coverage, equipment failure, or small-vessel below-threshold operation.","Review track before/after gap; cross-check RF, SAR, patrol and VMS sources. Note whether the gap area coincides with known IUU activity.",Previous point 2026-05-15T00:04:43+00:00 → current point 2026-05-15T09:18:33+00:00 (9.2 h silence).,2026-05
BKB-0264,AIS_GAP,HIGH,95,8339052490,2026-05-16T19:39:45+00:00,-10.04774,143.062118333,,Pilot,AIS gap of 19.4 h,"The vessel disappeared from the AIS source feed for longer than the configured threshold. This may indicate intentional disabling, poor coverage, equipment failure, or small-vessel below-threshold operation.","Review track before/after gap; cross-check RF, SAR, patrol and VMS sources. Note whether the gap area coincides with known IUU activity.",Previous point 2026-05-16T00:16:57+00:00 → current point 2026-05-16T19:39:45+00:00 (19.4 h silence).,2026-05
BKB-0265,AIS_GAP,HIGH,92,8339052490,2026-05-18T13:58:05+00:00,-9.74273666667,143.435343333,,Pilot,AIS gap of 10.6 h,"The vessel disappeared from the AIS source feed for longer than the configured threshold. This may indicate intentional disabling, poor coverage, equipment failure, or small-vessel below-threshold operation.","Review track before/after gap; cross-check RF, SAR, patrol and VMS sources. Note whether the gap area coincides with known IUU activity.",Previous point 2026-05-18T03:20:12+00:00 → current point 2026-05-18T13:58:05+00:00 (10.6 h silence).,2026-05
BKB-0266,AIS_GAP,HIGH,95,8339052490,2026-05-20T14:48:59+00:00,-10.047805,143.062106667,,Pilot,AIS gap of 38.1 h,"The vessel disappeared from the AIS source feed for longer than the configured threshold. This may indicate intentional disabling, poor coverage, equipment failure, or small-vessel below-threshold operation.","Review track before/after gap; cross-check RF, SAR, patrol and VMS sources. Note whether the gap area coincides with known IUU activity.",Previous point 2026-05-19T00:43:14+00:00 → current point 2026-05-20T14:48:59+00:00 (38.1 h silence).,2026-05
BKB-0267,AIS_GAP,HIGH,95,8339052490,2026-05-22T09:19:34+00:00,-10.0477066667,143.06217,,Pilot,AIS gap of 37.9 h,"The vessel disappeared from the AIS source feed for longer than the configured threshold. This may indicate intentional disabling, poor coverage, equipment failure, or small-vessel below-threshold operation.","Review track before/after gap; cross-check RF, SAR, patrol and VMS sources. Note whether the gap area coincides with known IUU activity.",Previous point 2026-05-20T19:24:21+00:00 → current point 2026-05-22T09:19:34+00:00 (37.9 h silence).,2026-05
BKB-0268,AIS_GAP,MEDIUM,56,8339052490,2026-05-24T04:09:17+00:00,-10.0477916667,143.06217,,Pilot,AIS gap of 6.2 h,"The vessel disappeared from the AIS source feed for longer than the configured threshold. This may indicate intentional disabling, poor coverage, equipment failure, or small-vessel below-threshold operation.","Review track before/after gap; cross-check RF, SAR, patrol and VMS sources. Note whether the gap area coincides with known IUU activity.",Previous point 2026-05-23T21:58:33+00:00 → current point 2026-05-24T04:09:17+00:00 (6.2 h silence).,2026-05
BKB-0269,AIS_GAP,HIGH,95,8339052490,2026-05-26T00:09:40+00:00,-10.047775,143.06221,,Pilot,AIS gap of 23.2 h,"The vessel disappeared from the AIS source feed for longer than the configured threshold. This may indicate intentional disabling, poor coverage, equipment failure, or small-vessel below-threshold operation.","Review track before/after gap; cross-check RF, SAR, patrol and VMS sources. Note whether the gap area coincides with known IUU activity.",Previous point 2026-05-25T00:59:38+00:00 → current point 2026-05-26T00:09:40+00:00 (23.2 h silence).,2026-05
BKB-0270,AIS_GAP,HIGH,80,8339052490,2026-05-26T13:36:23+00:00,-10.047795,143.062185,,Pilot,AIS gap of 9.1 h,"The vessel disappeared from the AIS source feed for longer than the configured threshold. This may indicate intentional disabling, poor coverage, equipment failure, or small-vessel below-threshold operation.","Review track before/after gap; cross-check RF, SAR, patrol and VMS sources. Note whether the gap area coincides with known IUU activity.",Previous point 2026-05-26T04:28:35+00:00 → current point 2026-05-26T13:36:23+00:00 (9.1 h silence).,2026-05
BKB-0271,AIS_GAP,HIGH,95,8339052490,2026-05-27T12:14:10+00:00,-10.0478733333,143.062133333,,Pilot,AIS gap of 18.1 h,"The vessel disappeared from the AIS source feed for longer than the configured threshold. This may indicate intentional disabling, poor coverage, equipment failure, or small-vessel below-threshold operation.","Review track before/after gap; cross-check RF, SAR, patrol and VMS sources. Note whether the gap area coincides with known IUU activity.",Previous point 2026-05-26T18:08:30+00:00 → current point 2026-05-27T12:14:10+00:00 (18.1 h silence).,2026-05
BKB-0272,AIS_GAP,MEDIUM,65,8339052490,2026-05-30T23:49:46+00:00,-10.0476483333,143.062596667,,Pilot,AIS gap of 7.3 h,"The vessel disappeared from the AIS source feed for longer than the configured threshold. This may indicate intentional disabling, poor coverage, equipment failure, or small-vessel below-threshold operation.","Review track before/after gap; cross-check RF, SAR, patrol and VMS sources. Note whether the gap area coincides with known IUU activity.",Previous point 2026-05-30T16:34:34+00:00 → current point 2026-05-30T23:49:46+00:00 (7.3 h silence).,2026-05
BKB-0273,AIS_GAP,HIGH,95,8339052490,2026-05-31T20:39:13+00:00,-10.0478083333,143.063043333,,Pilot,AIS gap of 14.1 h,"The vessel disappeared from the AIS source feed for longer than the configured threshold. This may indicate intentional disabling, poor coverage, equipment failure, or small-vessel below-threshold operation.","Review track before/after gap; cross-check RF, SAR, patrol and VMS sources. Note whether the gap area coincides with known IUU activity.",Previous point 2026-05-31T06:34:34+00:00 → current point 2026-05-31T20:39:13+00:00 (14.1 h silence).,2026-05
BKB-0274,AIS_GAP,HIGH,95,83852175,2026-05-03T10:24:12+00:00,-10.0478483333,143.062153333,,Pilot,AIS gap of 32.9 h,"The vessel disappeared from the AIS source feed for longer than the configured threshold. This may indicate intentional disabling, poor coverage, equipment failure, or small-vessel below-threshold operation.","Review track before/after gap; cross-check RF, SAR, patrol and VMS sources. Note whether the gap area coincides with known IUU activity.",Previous point 2026-05-02T01:29:55+00:00 → current point 2026-05-03T10:24:12+00:00 (32.9 h silence).,2026-05
BKB-0275,AIS_GAP,HIGH,95,83852175,2026-05-05T03:58:26+00:00,-10.5862266667,142.221476667,,Pilot,AIS gap of 20.8 h,"The vessel disappeared from the AIS source feed for longer than the configured threshold. This may indicate intentional disabling, poor coverage, equipment failure, or small-vessel below-threshold operation.","Review track before/after gap; cross-check RF, SAR, patrol and VMS sources. Note whether the gap area coincides with known IUU activity.",Previous point 2026-05-04T07:12:09+00:00 → current point 2026-05-05T03:58:26+00:00 (20.8 h silence).,2026-05
BKB-0276,AIS_GAP,HIGH,95,83852175,2026-05-08T15:43:14+00:00,-10.5862016667,142.221465,,Pilot,AIS gap of 80.6 h,"The vessel disappeared from the AIS source feed for longer than the configured threshold. This may indicate intentional disabling, poor coverage, equipment failure, or small-vessel below-threshold operation.","Review track before/after gap; cross-check RF, SAR, patrol and VMS sources. Note whether the gap area coincides with known IUU activity.",Previous point 2026-05-05T07:09:47+00:00 → current point 2026-05-08T15:43:14+00:00 (80.6 h silence).,2026-05
BKB-0277,AIS_GAP,HIGH,95,83852175,2026-05-09T13:38:53+00:00,-10.586195,142.221458333,,Pilot,AIS gap of 18.6 h,"The vessel disappeared from the AIS source feed for longer than the configured threshold. This may indicate intentional disabling, poor coverage, equipment failure, or small-vessel below-threshold operation.","Review track before/after gap; cross-check RF, SAR, patrol and VMS sources. Note whether the gap area coincides with known IUU activity.",Previous point 2026-05-08T19:04:31+00:00 → current point 2026-05-09T13:38:53+00:00 (18.6 h silence).,2026-05
BKB-0278,AIS_GAP,HIGH,95,83852175,2026-05-10T13:09:32+00:00,-10.5861733333,142.221435,,Pilot,AIS gap of 19.2 h,"The vessel disappeared from the AIS source feed for longer than the configured threshold. This may indicate intentional disabling, poor coverage, equipment failure, or small-vessel below-threshold operation.","Review track before/after gap; cross-check RF, SAR, patrol and VMS sources. Note whether the gap area coincides with known IUU activity.",Previous point 2026-05-09T17:54:43+00:00 → current point 2026-05-10T13:09:32+00:00 (19.2 h silence).,2026-05
BKB-0279,AIS_GAP,HIGH,95,83852175,2026-05-11T08:17:18+00:00,-10.5862033333,142.22144,,Pilot,AIS gap of 16.0 h,"The vessel disappeared from the AIS source feed for longer than the configured threshold. This may indicate intentional disabling, poor coverage, equipment failure, or small-vessel below-threshold operation.","Review track before/after gap; cross-check RF, SAR, patrol and VMS sources. Note whether the gap area coincides with known IUU activity.",Previous point 2026-05-10T16:14:53+00:00 → current point 2026-05-11T08:17:18+00:00 (16.0 h silence).,2026-05
BKB-0280,AIS_GAP,HIGH,90,83852175,2026-05-11T22:57:02+00:00,-10.5861883333,142.221416667,,Pilot,AIS gap of 10.4 h,"The vessel disappeared from the AIS source feed for longer than the configured threshold. This may indicate intentional disabling, poor coverage, equipment failure, or small-vessel below-threshold operation.","Review track before/after gap; cross-check RF, SAR, patrol and VMS sources. Note whether the gap area coincides with known IUU activity.",Previous point 2026-05-11T12:30:43+00:00 → current point 2026-05-11T22:57:02+00:00 (10.4 h silence).,2026-05
BKB-0281,AIS_GAP,HIGH,95,83852175,2026-05-16T04:14:49+00:00,-10.57775,142.156458333,,Pilot,AIS gap of 101.3 h,"The vessel disappeared from the AIS source feed for longer than the configured threshold. This may indicate intentional disabling, poor coverage, equipment failure, or small-vessel below-threshold operation.","Review track before/after gap; cross-check RF, SAR, patrol and VMS sources. Note whether the gap area coincides with known IUU activity.",Previous point 2026-05-11T22:57:02+00:00 → current point 2026-05-16T04:14:49+00:00 (101.3 h silence).,2026-05
BKB-0282,AIS_GAP,HIGH,95,83852175,2026-05-17T12:38:41+00:00,-10.5861966667,142.22143,,Pilot,AIS gap of 18.4 h,"The vessel disappeared from the AIS source feed for longer than the configured threshold. This may indicate intentional disabling, poor coverage, equipment failure, or small-vessel below-threshold operation.","Review track before/after gap; cross-check RF, SAR, patrol and VMS sources. Note whether the gap area coincides with known IUU activity.",Previous point 2026-05-16T18:14:40+00:00 → current point 2026-05-17T12:38:41+00:00 (18.4 h silence).,2026-05
BKB-0283,AIS_GAP,HIGH,95,83852175,2026-05-24T16:46:15+00:00,-10.58621,142.221456667,,Pilot,AIS gap of 162.0 h,"The vessel disappeared from the AIS source feed for longer than the configured threshold. This may indicate intentional disabling, poor coverage, equipment failure, or small-vessel below-threshold operation.","Review track before/after gap; cross-check RF, SAR, patrol and VMS sources. Note whether the gap area coincides with known IUU activity.",Previous point 2026-05-17T22:49:07+00:00 → current point 2026-05-24T16:46:15+00:00 (162.0 h silence).,2026-05
BKB-0284,AIS_GAP,MEDIUM,66,83852175,2026-05-25T14:32:44+00:00,-10.586175,142.221455,,Pilot,AIS gap of 7.4 h,"The vessel disappeared from the AIS source feed for longer than the configured threshold. This may indicate intentional disabling, poor coverage, equipment failure, or small-vessel below-threshold operation.","Review track before/after gap; cross-check RF, SAR, patrol and VMS sources. Note whether the gap area coincides with known IUU activity.",Previous point 2026-05-25T07:09:32+00:00 → current point 2026-05-25T14:32:44+00:00 (7.4 h silence).,2026-05
BKB-0285,AIS_GAP,HIGH,95,83852175,2026-05-26T09:59:56+00:00,-10.5862183333,142.221423333,,Pilot,AIS gap of 16.3 h,"The vessel disappeared from the AIS source feed for longer than the configured threshold. This may indicate intentional disabling, poor coverage, equipment failure, or small-vessel below-threshold operation.","Review track before/after gap; cross-check RF, SAR, patrol and VMS sources. Note whether the gap area coincides with known IUU activity.",Previous point 2026-05-25T17:39:34+00:00 → current point 2026-05-26T09:59:56+00:00 (16.3 h silence).,2026-05
BKB-0286,AIS_GAP,HIGH,95,83852175,2026-05-27T09:02:20+00:00,-10.5862316667,142.221476667,,Pilot,AIS gap of 19.8 h,"The vessel disappeared from the AIS source feed for longer than the configured threshold. This may indicate intentional disabling, poor coverage, equipment failure, or small-vessel below-threshold operation.","Review track before/after gap; cross-check RF, SAR, patrol and VMS sources. Note whether the gap area coincides with known IUU activity.",Previous point 2026-05-26T13:14:51+00:00 → current point 2026-05-27T09:02:20+00:00 (19.8 h silence).,2026-05
BKB-0287,AIS_GAP,HIGH,87,83852175,2026-05-27T23:09:31+00:00,-10.5863766667,142.220861667,,Pilot,AIS gap of 10.0 h,"The vessel disappeared from the AIS source feed for longer than the configured threshold. This may indicate intentional disabling, poor coverage, equipment failure, or small-vessel below-threshold operation.","Review track before/after gap; cross-check RF, SAR, patrol and VMS sources. Note whether the gap area coincides with known IUU activity.",Previous point 2026-05-27T13:07:16+00:00 → current point 2026-05-27T23:09:31+00:00 (10.0 h silence).,2026-05
BKB-0288,AIS_GAP,HIGH,95,83852175,2026-05-29T05:07:55+00:00,-10.586355,142.22153,,Pilot,AIS gap of 20.4 h,"The vessel disappeared from the AIS source feed for longer than the configured threshold. This may indicate intentional disabling, poor coverage, equipment failure, or small-vessel below-threshold operation.","Review track before/after gap; cross-check RF, SAR, patrol and VMS sources. Note whether the gap area coincides with known IUU activity.",Previous point 2026-05-28T08:45:24+00:00 → current point 2026-05-29T05:07:55+00:00 (20.4 h silence).,2026-05
BKB-0289,AIS_GAP,HIGH,95,83852175,2026-05-30T23:04:26+00:00,-10.5907116667,142.217786667,,Pilot,AIS gap of 32.6 h,"The vessel disappeared from the AIS source feed for longer than the configured threshold. This may indicate intentional disabling, poor coverage, equipment failure, or small-vessel below-threshold operation.","Review track before/after gap; cross-check RF, SAR, patrol and VMS sources. Note whether the gap area coincides with known IUU activity.",Previous point 2026-05-29T14:29:39+00:00 → current point 2026-05-30T23:04:26+00:00 (32.6 h silence).,2026-05
BKB-0290,AIS_GAP,HIGH,95,83852175,2026-05-31T22:02:09+00:00,-10.5862966667,142.221496667,,Pilot,AIS gap of 13.2 h,"The vessel disappeared from the AIS source feed for longer than the configured threshold. This may indicate intentional disabling, poor coverage, equipment failure, or small-vessel below-threshold operation.","Review track before/after gap; cross-check RF, SAR, patrol and VMS sources. Note whether the gap area coincides with known IUU activity.",Previous point 2026-05-31T08:49:34+00:00 → current point 2026-05-31T22:02:09+00:00 (13.2 h silence).,2026-05
BKB-0291,AIS_GAP,HIGH,95,8649904760,2026-05-26T14:04:09+00:00,-11.2448783333,142.964203333,,Cargo,AIS gap of 148.5 h,"The vessel disappeared from the AIS source feed for longer than the configured threshold. This may indicate intentional disabling, poor coverage, equipment failure, or small-vessel below-threshold operation.","Review track before/after gap; cross-check RF, SAR, patrol and VMS sources. Note whether the gap area coincides with known IUU activity.",Previous point 2026-05-20T09:34:58+00:00 → current point 2026-05-26T14:04:09+00:00 (148.5 h silence).,2026-05
BKB-0292,AIS_GAP,HIGH,95,869570199,2026-05-28T07:13:46+00:00,-11.4610266667,142.981631667,,Cargo,AIS gap of 393.1 h,"The vessel disappeared from the AIS source feed for longer than the configured threshold. This may indicate intentional disabling, poor coverage, equipment failure, or small-vessel below-threshold operation.","Review track before/after gap; cross-check RF, SAR, patrol and VMS sources. Note whether the gap area coincides with known IUU activity.",Previous point 2026-05-11T22:09:44+00:00 → current point 2026-05-28T07:13:46+00:00 (393.1 h silence).,2026-05
BKB-0293,AIS_GAP,HIGH,95,9007975193,2026-05-10T19:49:28+00:00,-11.46024,142.98189,,Cargo,AIS gap of 139.0 h,"The vessel disappeared from the AIS source feed for longer than the configured threshold. This may indicate intentional disabling, poor coverage, equipment failure, or small-vessel below-threshold operation.","Review track before/after gap; cross-check RF, SAR, patrol and VMS sources. Note whether the gap area coincides with known IUU activity.",Previous point 2026-05-05T00:51:49+00:00 → current point 2026-05-10T19:49:28+00:00 (139.0 h silence).,2026-05
BKB-0294,AIS_GAP,HIGH,95,9389456606,2026-05-28T20:04:31+00:00,-10.586835,142.219368333,,Passenger,AIS gap of 13.6 h,"The vessel disappeared from the AIS source feed for longer than the configured threshold. This may indicate intentional disabling, poor coverage, equipment failure, or small-vessel below-threshold operation.","Review track before/after gap; cross-check RF, SAR, patrol and VMS sources. Note whether the gap area coincides with known IUU activity.",Previous point 2026-05-28T06:28:11+00:00 → current point 2026-05-28T20:04:31+00:00 (13.6 h silence).,2026-05
BKB-0295,AIS_GAP,HIGH,95,9389456606,2026-05-29T19:58:58+00:00,-10.58687,142.219365,,Passenger,AIS gap of 13.3 h,"The vessel disappeared from the AIS source feed for longer than the configured threshold. This may indicate intentional disabling, poor coverage, equipment failure, or small-vessel below-threshold operation.","Review track before/after gap; cross-check RF, SAR, patrol and VMS sources. Note whether the gap area coincides with known IUU activity.",Previous point 2026-05-29T06:39:50+00:00 → current point 2026-05-29T19:58:58+00:00 (13.3 h silence).,2026-05
BKB-0296,AIS_GAP,HIGH,95,9389456606,2026-05-31T20:02:58+00:00,-10.5868333333,142.219393333,,Passenger,AIS gap of 43.6 h,"The vessel disappeared from the AIS source feed for longer than the configured threshold. This may indicate intentional disabling, poor coverage, equipment failure, or small-vessel below-threshold operation.","Review track before/after gap; cross-check RF, SAR, patrol and VMS sources. Note whether the gap area coincides with known IUU activity.",Previous point 2026-05-30T00:25:26+00:00 → current point 2026-05-31T20:02:58+00:00 (43.6 h silence).,2026-05
BKB-0297,AIS_GAP,HIGH,83,9807111000,2026-05-06T22:45:37+00:00,-9.95310333333,141.000423333,,Fishing,AIS gap of 8.7 h,"The vessel disappeared from the AIS source feed for longer than the configured threshold. This may indicate intentional disabling, poor coverage, equipment failure, or small-vessel below-threshold operation.","Review track before/after gap; cross-check RF, SAR, patrol and VMS sources. Note whether the gap area coincides with known IUU activity.",Previous point 2026-05-06T14:02:59+00:00 → current point 2026-05-06T22:45:37+00:00 (8.7 h silence).,2026-05
BKB-0298,AIS_GAP,HIGH,95,9807111000,2026-05-13T08:11:22+00:00,-10.1216516667,141.02547,,Fishing,AIS gap of 153.4 h,"The vessel disappeared from the AIS source feed for longer than the configured threshold. This may indicate intentional disabling, poor coverage, equipment failure, or small-vessel below-threshold operation.","Review track before/after gap; cross-check RF, SAR, patrol and VMS sources. Note whether the gap area coincides with known IUU activity.",Previous point 2026-05-06T22:45:37+00:00 → current point 2026-05-13T08:11:22+00:00 (153.4 h silence).,2026-05
BKB-0299,AIS_GAP,HIGH,95,9807111000,2026-05-14T02:55:25+00:00,-10.0651583333,141.009615,,Fishing,AIS gap of 16.7 h,"The vessel disappeared from the AIS source feed for longer than the configured threshold. This may indicate intentional disabling, poor coverage, equipment failure, or small-vessel below-threshold operation.","Review track before/after gap; cross-check RF, SAR, patrol and VMS sources. Note whether the gap area coincides with known IUU activity.",Previous point 2026-05-13T10:15:52+00:00 → current point 2026-05-14T02:55:25+00:00 (16.7 h silence).,2026-05
BKB-0300,AIS_GAP,HIGH,95,9807111000,2026-05-15T00:49:58+00:00,-10.0549933333,141.02725,,Fishing,AIS gap of 12.8 h,"The vessel disappeared from the AIS source feed for longer than the configured threshold. This may indicate intentional disabling, poor coverage, equipment failure, or small-vessel below-threshold operation.","Review track before/after gap; cross-check RF, SAR, patrol and VMS sources. Note whether the gap area coincides with known IUU activity.",Previous point 2026-05-14T12:02:29+00:00 → current point 2026-05-15T00:49:58+00:00 (12.8 h silence).,2026-05
BKB-0301,AIS_GAP,HIGH,95,9807111000,2026-05-22T07:11:24+00:00,-10.0459316667,141.023373333,,Fishing,AIS gap of 173.3 h,"The vessel disappeared from the AIS source feed for longer than the configured threshold. This may indicate intentional disabling, poor coverage, equipment failure, or small-vessel below-threshold operation.","Review track before/after gap; cross-check RF, SAR, patrol and VMS sources. Note whether the gap area coincides with known IUU activity.",Previous point 2026-05-15T01:50:57+00:00 → current point 2026-05-22T07:11:24+00:00 (173.3 h silence).,2026-05
BKB-0302,AIS_GAP,HIGH,95,9807111000,2026-05-23T09:37:46+00:00,-10.0807283333,141.026083333,,Fishing,AIS gap of 19.9 h,"The vessel disappeared from the AIS source feed for longer than the configured threshold. This may indicate intentional disabling, poor coverage, equipment failure, or small-vessel below-threshold operation.","Review track before/after gap; cross-check RF, SAR, patrol and VMS sources. Note whether the gap area coincides with known IUU activity.",Previous point 2026-05-22T13:40:50+00:00 → current point 2026-05-23T09:37:46+00:00 (19.9 h silence).,2026-05
BKB-0303,AIS_GAP,HIGH,95,9807111000,2026-05-24T07:50:38+00:00,-10.079385,141.00453,,Fishing,AIS gap of 16.9 h,"The vessel disappeared from the AIS source feed for longer than the configured threshold. This may indicate intentional disabling, poor coverage, equipment failure, or small-vessel below-threshold operation.","Review track before/after gap; cross-check RF, SAR, patrol and VMS sources. Note whether the gap area coincides with known IUU activity.",Previous point 2026-05-23T14:55:27+00:00 → current point 2026-05-24T07:50:38+00:00 (16.9 h silence).,2026-05
BKB-0304,AIS_GAP,HIGH,95,9822822822,2026-05-12T07:14:25+00:00,-11.3391233333,141.527418333,,Cargo,AIS gap of 117.0 h,"The vessel disappeared from the AIS source feed for longer than the configured threshold. This may indicate intentional disabling, poor coverage, equipment failure, or small-vessel below-threshold operation.","Review track before/after gap; cross-check RF, SAR, patrol and VMS sources. Note whether the gap area coincides with known IUU activity.",Previous point 2026-05-07T10:12:10+00:00 → current point 2026-05-12T07:14:25+00:00 (117.0 h silence).,2026-05
BKB-0305,AIS_GAP,HIGH,95,9822822822,2026-05-28T02:49:53+00:00,-11.44036,142.985568333,,Cargo,AIS gap of 363.0 h,"The vessel disappeared from the AIS source feed for longer than the configured threshold. This may indicate intentional disabling, poor coverage, equipment failure, or small-vessel below-threshold operation.","Review track before/after gap; cross-check RF, SAR, patrol and VMS sources. Note whether the gap area coincides with known IUU activity.",Previous point 2026-05-12T23:48:13+00:00 → current point 2026-05-28T02:49:53+00:00 (363.0 h silence).,2026-05
BKB-0306,AIS_GAP,HIGH,95,9930281405,2026-05-08T10:59:53+00:00,-10.5838766667,142.23094,,Tug,AIS gap of 116.0 h,"The vessel disappeared from the AIS source feed for longer than the configured threshold. This may indicate intentional disabling, poor coverage, equipment failure, or small-vessel below-threshold operation.","Review track before/after gap; cross-check RF, SAR, patrol and VMS sources. Note whether the gap area coincides with known IUU activity.",Previous point 2026-05-03T14:59:47+00:00 → current point 2026-05-08T10:59:53+00:00 (116.0 h silence).,2026-05
BKB-0307,AIS_GAP,HIGH,95,9930281405,2026-05-19T08:34:36+00:00,-10.5838266667,142.23176,,Tug,AIS gap of 45.9 h,"The vessel disappeared from the AIS source feed for longer than the configured threshold. This may indicate intentional disabling, poor coverage, equipment failure, or small-vessel below-threshold operation.","Review track before/after gap; cross-check RF, SAR, patrol and VMS sources. Note whether the gap area coincides with known IUU activity.",Previous point 2026-05-17T10:43:30+00:00 → current point 2026-05-19T08:34:36+00:00 (45.9 h silence).,2026-05
BKB-0308,AIS_GAP,HIGH,95,9930281405,2026-05-25T00:09:35+00:00,-10.5843233333,142.230866667,,Tug,AIS gap of 14.6 h,"The vessel disappeared from the AIS source feed for longer than the configured threshold. This may indicate intentional disabling, poor coverage, equipment failure, or small-vessel below-threshold operation.","Review track before/after gap; cross-check RF, SAR, patrol and VMS sources. Note whether the gap area coincides with known IUU activity.",Previous point 2026-05-24T09:34:34+00:00 → current point 2026-05-25T00:09:35+00:00 (14.6 h silence).,2026-05
BKB-0309,AIS_GAP,HIGH,95,9930281405,2026-05-29T06:49:50+00:00,-10.5839616667,142.231725,,Tug,AIS gap of 48.7 h,"The vessel disappeared from the AIS source feed for longer than the configured threshold. This may indicate intentional disabling, poor coverage, equipment failure, or small-vessel below-threshold operation.","Review track before/after gap; cross-check RF, SAR, patrol and VMS sources. Note whether the gap area coincides with known IUU activity.",Previous point 2026-05-27T06:08:26+00:00 → current point 2026-05-29T06:49:50+00:00 (48.7 h silence).,2026-05
BKB-0310,AIS_GAP,MEDIUM,73,9930281405,2026-05-31T10:23:29+00:00,-10.5836033333,142.231748333,,Tug,AIS gap of 8.3 h,"The vessel disappeared from the AIS source feed for longer than the configured threshold. This may indicate intentional disabling, poor coverage, equipment failure, or small-vessel below-threshold operation.","Review track before/after gap; cross-check RF, SAR, patrol and VMS sources. Note whether the gap area coincides with known IUU activity.",Previous point 2026-05-31T02:04:51+00:00 → current point 2026-05-31T10:23:29+00:00 (8.3 h silence).,2026-05
BKB-0001,LOITERING,HIGH,88,9930281405,2026-05-31T13:24:54+00:00,-10.588525,142.234718333,,Tug,Loitering 686.8 h within 2.6 km,"The vessel remains inside a small geographic radius at low average speed for a sustained period. In northern Australian waters, this pattern is consistent with IUU fishing activity or sea-cucumber harvesting.","Check whether the area is consistent with a licensed fishing zone, anchorage, or known permitted activity. Cross-reference against AFMA authorisation records and VMS data if available.",Span 686.8 h; max radius from centroid 2.63 km; avg SOG 0.2 kn.,2026-05
BKB-0001,SENSITIVE_ZONE,LOW,52,8845,2026-05-08T23:31:59+00:00,-10.8115166667,142.796033333,,Cargo,Presence inside Torres Strait illustrative fisheries focus area,"The vessel is inside an illustrative monitoring zone. This is contextual enrichment, not an allegation of wrongdoing.",Use as a contextual feature alongside gap/loitering/rendezvous alerts rather than as a standalone escalation trigger.,Distance to zone centre 73.8 km; zone radius 80.0 km.,2026-05
BKB-0002,SENSITIVE_ZONE,LOW,52,5944764411,2026-05-10T07:09:59+00:00,-10.5360466667,142.16723,,Tug,Presence inside Torres Strait illustrative fisheries focus area,"The vessel is inside an illustrative monitoring zone. This is contextual enrichment, not an allegation of wrongdoing.",Use as a contextual feature alongside gap/loitering/rendezvous alerts rather than as a standalone escalation trigger.,Distance to zone centre 5.4 km; zone radius 80.0 km.,2026-05
BKB-0003,SENSITIVE_ZONE,LOW,52,11101410773,2026-05-14T23:29:47+00:00,-10.841535,141.773315,,Sailing,Presence inside Torres Strait illustrative fisheries focus area,"The vessel is inside an illustrative monitoring zone. This is contextual enrichment, not an allegation of wrongdoing.",Use as a contextual feature alongside gap/loitering/rendezvous alerts rather than as a standalone escalation trigger.,Distance to zone centre 60.1 km; zone radius 80.0 km.,2026-05
BKB-0004,SENSITIVE_ZONE,LOW,52,13079483495,2026-05-16T09:23:35+00:00,-10.588045,142.22302,,Law_enforcement,Presence inside Torres Strait illustrative fisheries focus area,"The vessel is inside an illustrative monitoring zone. This is contextual enrichment, not an allegation of wrongdoing.",Use as a contextual feature alongside gap/loitering/rendezvous alerts rather than as a standalone escalation trigger.,Distance to zone centre 10.1 km; zone radius 80.0 km.,2026-05
BKB-0005,SENSITIVE_ZONE,LOW,52,1495008416,2026-05-25T01:07:23+00:00,-10.6347,142.492051667,,Other,Presence inside Torres Strait illustrative fisheries focus area,"The vessel is inside an illustrative monitoring zone. This is contextual enrichment, not an allegation of wrongdoing.",Use as a contextual feature alongside gap/loitering/rendezvous alerts rather than as a standalone escalation trigger.,Distance to zone centre 35.3 km; zone radius 80.0 km.,2026-05
BKB-0006,SENSITIVE_ZONE,LOW,52,3116317030,2026-05-26T18:19:54+00:00,-10.69254,142.426561667,,Fishing,Presence inside Torres Strait illustrative fisheries focus area,"The vessel is inside an illustrative monitoring zone. This is contextual enrichment, not an allegation of wrongdoing.",Use as a contextual feature alongside gap/loitering/rendezvous alerts rather than as a standalone escalation trigger.,Distance to zone centre 32.7 km; zone radius 80.0 km.,2026-05
BKB-0007,SENSITIVE_ZONE,LOW,52,35061883,2026-05-27T00:04:48+00:00,-10.6737966667,141.826226667,,Sailing,Presence inside Torres Strait illustrative fisheries focus area,"The vessel is inside an illustrative monitoring zone. This is contextual enrichment, not an allegation of wrongdoing.",Use as a contextual feature alongside gap/loitering/rendezvous alerts rather than as a standalone escalation trigger.,Distance to zone centre 45.2 km; zone radius 80.0 km.,2026-05
BKB-0008,SENSITIVE_ZONE,LOW,52,1539738270,2026-05-27T02:19:58+00:00,-10.58695,142.221263333,,Other,Presence inside Torres Strait illustrative fisheries focus area,"The vessel is inside an illustrative monitoring zone. This is contextual enrichment, not an allegation of wrongdoing.",Use as a contextual feature alongside gap/loitering/rendezvous alerts rather than as a standalone escalation trigger.,Distance to zone centre 9.9 km; zone radius 80.0 km.,2026-05
BKB-0009,SENSITIVE_ZONE,LOW,52,19255975570,2026-05-28T09:39:16+00:00,-10.8224616667,141.818785,,Pleasure,Presence inside Torres Strait illustrative fisheries focus area,"The vessel is inside an illustrative monitoring zone. This is contextual enrichment, not an allegation of wrongdoing.",Use as a contextual feature alongside gap/loitering/rendezvous alerts rather than as a standalone escalation trigger.,Distance to zone centre 55.0 km; zone radius 80.0 km.,2026-05
BKB-0010,SENSITIVE_ZONE,LOW,52,20150295219,2026-05-28T16:38:31+00:00,-10.6683333333,141.946666667,,Unknown,Presence inside Torres Strait illustrative fisheries focus area,"The vessel is inside an illustrative monitoring zone. This is contextual enrichment, not an allegation of wrongdoing.",Use as a contextual feature alongside gap/loitering/rendezvous alerts rather than as a standalone escalation trigger.,Distance to zone centre 33.4 km; zone radius 80.0 km.,2026-05
BKB-0011,SENSITIVE_ZONE,LOW,52,8295314951,2026-05-29T08:10:34+00:00,-10.5869783333,142.219631667,,Other,Presence inside Torres Strait illustrative fisheries focus area,"The vessel is inside an illustrative monitoring zone. This is contextual enrichment, not an allegation of wrongdoing.",Use as a contextual feature alongside gap/loitering/rendezvous alerts rather than as a standalone escalation trigger.,Distance to zone centre 9.9 km; zone radius 80.0 km.,2026-05
BKB-0012,SENSITIVE_ZONE,LOW,52,11873854412,2026-05-29T08:49:57+00:00,-10.586955,142.219493333,,Other,Presence inside Torres Strait illustrative fisheries focus area,"The vessel is inside an illustrative monitoring zone. This is contextual enrichment, not an allegation of wrongdoing.",Use as a contextual feature alongside gap/loitering/rendezvous alerts rather than as a standalone escalation trigger.,Distance to zone centre 9.9 km; zone radius 80.0 km.,2026-05
BKB-0013,SENSITIVE_ZONE,LOW,52,399878,2026-05-30T04:10:28+00:00,-10.5861983333,142.221456667,,Pilot,Presence inside Torres Strait illustrative fisheries focus area,"The vessel is inside an illustrative monitoring zone. This is contextual enrichment, not an allegation of wrongdoing.",Use as a contextual feature alongside gap/loitering/rendezvous alerts rather than as a standalone escalation trigger.,Distance to zone centre 9.9 km; zone radius 80.0 km.,2026-05
BKB-0014,SENSITIVE_ZONE,LOW,52,17512462904,2026-05-30T21:28:27+00:00,-10.59293,142.242338333,,Sailing,Presence inside Torres Strait illustrative fisheries focus area,"The vessel is inside an illustrative monitoring zone. This is contextual enrichment, not an allegation of wrongdoing.",Use as a contextual feature alongside gap/loitering/rendezvous alerts rather than as a standalone escalation trigger.,Distance to zone centre 11.3 km; zone radius 80.0 km.,2026-05
BKB-0015,SENSITIVE_ZONE,LOW,52,21690202746,2026-05-31T02:29:47+00:00,-10.5938783333,142.241253333,,Sailing,Presence inside Torres Strait illustrative fisheries focus area,"The vessel is inside an illustrative monitoring zone. This is contextual enrichment, not an allegation of wrongdoing.",Use as a contextual feature alongside gap/loitering/rendezvous alerts rather than as a standalone escalation trigger.,Distance to zone centre 11.4 km; zone radius 80.0 km.,2026-05
BKB-0016,SENSITIVE_ZONE,LOW,52,3081688885,2026-05-31T12:54:38+00:00,-10.5768633333,142.160648333,,Pilot,Presence inside Torres Strait illustrative fisheries focus area,"The vessel is inside an illustrative monitoring zone. This is contextual enrichment, not an allegation of wrongdoing.",Use as a contextual feature alongside gap/loitering/rendezvous alerts rather than as a standalone escalation trigger.,Distance to zone centre 9.6 km; zone radius 80.0 km.,2026-05
BKB-0017,SENSITIVE_ZONE,LOW,52,9930281405,2026-05-31T13:24:54+00:00,-10.588525,142.234718333,,Tug,Presence inside Torres Strait illustrative fisheries focus area,"The vessel is inside an illustrative monitoring zone. This is contextual enrichment, not an allegation of wrongdoing.",Use as a contextual feature alongside gap/loitering/rendezvous alerts rather than as a standalone escalation trigger.,Distance to zone centre 10.5 km; zone radius 80.0 km.,2026-05
BKB-0018,SENSITIVE_ZONE,LOW,52,83852175,2026-05-31T23:04:31+00:00,-10.57269,142.113778333,,Pilot,Presence inside Torres Strait illustrative fisheries focus area,"The vessel is inside an illustrative monitoring zone. This is contextual enrichment, not an allegation of wrongdoing.",Use as a contextual feature alongside gap/loitering/rendezvous alerts rather than as a standalone escalation trigger.,Distance to zone centre 12.4 km; zone radius 80.0 km.,2026-05
BKB-0019,SENSITIVE_ZONE,LOW,52,10815164921,2026-05-31T23:09:44+00:00,-10.5836066667,142.03792,,Sailing,Presence inside Torres Strait illustrative fisheries focus area,"The vessel is inside an illustrative monitoring zone. This is contextual enrichment, not an allegation of wrongdoing.",Use as a contextual feature alongside gap/loitering/rendezvous alerts rather than as a standalone escalation trigger.,Distance to zone centre 20.0 km; zone radius 80.0 km.,2026-05
BKB-0020,SENSITIVE_ZONE,LOW,52,5406937093,2026-05-31T23:14:51+00:00,-10.5676366667,142.051533333,,Cargo,Presence inside Torres Strait illustrative fisheries focus area,"The vessel is inside an illustrative monitoring zone. This is contextual enrichment, not an allegation of wrongdoing.",Use as a contextual feature alongside gap/loitering/rendezvous alerts rather than as a standalone escalation trigger.,Distance to zone centre 17.9 km; zone radius 80.0 km.,2026-05
BKB-0021,SENSITIVE_ZONE,LOW,52,4975107535,2026-05-31T23:22:00+00:00,-10.5863583333,142.221938333,,Law_enforcement,Presence inside Torres Strait illustrative fisheries focus area,"The vessel is inside an illustrative monitoring zone. This is contextual enrichment, not an allegation of wrongdoing.",Use as a contextual feature alongside gap/loitering/rendezvous alerts rather than as a standalone escalation trigger.,Distance to zone centre 9.9 km; zone radius 80.0 km.,2026-05
BKB-0022,SENSITIVE_ZONE,LOW,52,20646392196,2026-05-31T23:28:39+00:00,-10.589355,142.219968333,,Other,Presence inside Torres Strait illustrative fisheries focus area,"The vessel is inside an illustrative monitoring zone. This is contextual enrichment, not an allegation of wrongdoing.",Use as a contextual feature alongside gap/loitering/rendezvous alerts rather than as a standalone escalation trigger.,Distance to zone centre 10.2 km; zone radius 80.0 km.,2026-05
BKB-0023,SENSITIVE_ZONE,LOW,52,19161811333,2026-05-31T23:29:58+00:00,-10.2160083333,142.133146667,,Cargo,Presence inside Torres Strait illustrative fisheries focus area,"The vessel is inside an illustrative monitoring zone. This is contextual enrichment, not an allegation of wrongdoing.",Use as a contextual feature alongside gap/loitering/rendezvous alerts rather than as a standalone escalation trigger.,Distance to zone centre 32.4 km; zone radius 80.0 km.,2026-05
BKB-0024,SENSITIVE_ZONE,LOW,52,6295430246,2026-05-31T23:34:00+00:00,-10.5787333333,142.24928,,Cargo,Presence inside Torres Strait illustrative fisheries focus area,"The vessel is inside an illustrative monitoring zone. This is contextual enrichment, not an allegation of wrongdoing.",Use as a contextual feature alongside gap/loitering/rendezvous alerts rather than as a standalone escalation trigger.,Distance to zone centre 10.3 km; zone radius 80.0 km.,2026-05
BKB-0025,SENSITIVE_ZONE,LOW,52,9773982122,2026-05-31T23:34:56+00:00,-10.6246533333,141.758325,,Cargo,Presence inside Torres Strait illustrative fisheries focus area,"The vessel is inside an illustrative monitoring zone. This is contextual enrichment, not an allegation of wrongdoing.",Use as a contextual feature alongside gap/loitering/rendezvous alerts rather than as a standalone escalation trigger.,Distance to zone centre 50.2 km; zone radius 80.0 km.,2026-05
BKB-0026,SENSITIVE_ZONE,LOW,52,22459109467,2026-05-31T23:35:13+00:00,-10.5834433333,142.227608333,,Other,Presence inside Torres Strait illustrative fisheries focus area,"The vessel is inside an illustrative monitoring zone. This is contextual enrichment, not an allegation of wrongdoing.",Use as a contextual feature alongside gap/loitering/rendezvous alerts rather than as a standalone escalation trigger.,Distance to zone centre 9.8 km; zone radius 80.0 km.,2026-05
BKB-0027,SENSITIVE_ZONE,LOW,52,17975949069,2026-05-31T23:39:13+00:00,-10.594935,142.240425,,Fishing,Presence inside Torres Strait illustrative fisheries focus area,"The vessel is inside an illustrative monitoring zone. This is contextual enrichment, not an allegation of wrongdoing.",Use as a contextual feature alongside gap/loitering/rendezvous alerts rather than as a standalone escalation trigger.,Distance to zone centre 11.4 km; zone radius 80.0 km.,2026-05
BKB-0028,SENSITIVE_ZONE,LOW,52,19978640788,2026-05-31T23:41:41+00:00,-10.5864516667,142.221546667,,Pilot,Presence inside Torres Strait illustrative fisheries focus area,"The vessel is inside an illustrative monitoring zone. This is contextual enrichment, not an allegation of wrongdoing.",Use as a contextual feature alongside gap/loitering/rendezvous alerts rather than as a standalone escalation trigger.,Distance to zone centre 9.9 km; zone radius 80.0 km.,2026-05
BKB-0029,SENSITIVE_ZONE,LOW,52,9389456606,2026-05-31T23:42:23+00:00,-10.5867,142.221658333,,Passenger,Presence inside Torres Strait illustrative fisheries focus area,"The vessel is inside an illustrative monitoring zone. This is contextual enrichment, not an allegation of wrongdoing.",Use as a contextual feature alongside gap/loitering/rendezvous alerts rather than as a standalone escalation trigger.,Distance to zone centre 9.9 km; zone radius 80.0 km.,2026-05
BKB-0030,SENSITIVE_ZONE,LOW,52,5485476919,2026-05-31T23:54:57+00:00,-10.4742083333,142.337266667,,Tanker,Presence inside Torres Strait illustrative fisheries focus area,"The vessel is inside an illustrative monitoring zone. This is contextual enrichment, not an allegation of wrongdoing.",Use as a contextual feature alongside gap/loitering/rendezvous alerts rather than as a standalone escalation trigger.,Distance to zone centre 15.3 km; zone radius 80.0 km.,2026-05
