alert_id,alert_type,severity,risk_score,mmsi,timestamp,lat,lon,vessel_name,vessel_type,title,explanation,recommended_action,evidence
BKB-0001,IMPOSSIBLE_SPEED,HIGH,98,51001002,2023-01-05T09:47:34.790248+00:00,-7.816588723489698,146.53583472430506,IDN FISHER 02,Fishing,Implied speed 835 kn — possible spoofing,"Successive AIS positions imply a physically impossible speed, strongly suggesting AIS position spoofing, a false-identity broadcast, or a track-stitching error merging two different vessels.","Inspect raw source rows. Compare against alternative AIS feeds, RF/SAR/patrol data. Do not assume identity continuity across this jump.",Implied speed 835.4 kn between 2023-01-05T09:27:34.790248+00:00 and 2023-01-05T09:47:34.790248+00:00.
BKB-0002,IMPOSSIBLE_SPEED,HIGH,98,51001002,2023-01-05T10:07:34.790248+00:00,-10.58894,142.80861,IDN FISHER 02,Fishing,Implied speed 830 kn — possible spoofing,"Successive AIS positions imply a physically impossible speed, strongly suggesting AIS position spoofing, a false-identity broadcast, or a track-stitching error merging two different vessels.","Inspect raw source rows. Compare against alternative AIS feeds, RF/SAR/patrol data. Do not assume identity continuity across this jump.",Implied speed 829.7 kn between 2023-01-05T09:47:34.790248+00:00 and 2023-01-05T10:07:34.790248+00:00.
BKB-0006,AIS_GAP,HIGH,95,51001004,2023-01-03T10:42:23.938225+00:00,-10.51719,141.94707,IDN FISHER 04,Fishing,AIS gap of 10.0 h,"The vessel disappeared from the AIS source feed for longer than the configured threshold. This may indicate intentional disabling, poor coverage, equipment failure, or small-vessel below-threshold operation.","Review track before/after gap; cross-check RF, SAR, patrol and VMS sources. Note whether the gap area coincides with known IUU activity.",Previous point 2023-01-03T00:42:23.938225+00:00 → current point 2023-01-03T10:42:23.938225+00:00 (10.0 h silence).
BKB-0001,AIS_GAP,HIGH,95,51001001,2023-01-08T04:06:32.765378+00:00,-10.16495,141.30576,IDN FISHER 01,Fishing,AIS gap of 8.2 h,"The vessel disappeared from the AIS source feed for longer than the configured threshold. This may indicate intentional disabling, poor coverage, equipment failure, or small-vessel below-threshold operation.","Review track before/after gap; cross-check RF, SAR, patrol and VMS sources. Note whether the gap area coincides with known IUU activity.",Previous point 2023-01-07T19:51:32.765378+00:00 → current point 2023-01-08T04:06:32.765378+00:00 (8.2 h silence).
BKB-0026,AIS_GAP,HIGH,95,510099999,2023-01-09T01:53:59.927738+00:00,-10.90032,143.20009,DARK VESSEL,Fishing,AIS gap of 75.0 h,"The vessel disappeared from the AIS source feed for longer than the configured threshold. This may indicate intentional disabling, poor coverage, equipment failure, or small-vessel below-threshold operation.","Review track before/after gap; cross-check RF, SAR, patrol and VMS sources. Note whether the gap area coincides with known IUU activity.",Previous point 2023-01-05T22:53:59.927738+00:00 → current point 2023-01-09T01:53:59.927738+00:00 (75.0 h silence).
BKB-0002,AIS_GAP,HIGH,95,51001001,2023-01-10T23:36:32.765378+00:00,-10.10729,141.27128,IDN FISHER 01,Fishing,AIS gap of 11.2 h,"The vessel disappeared from the AIS source feed for longer than the configured threshold. This may indicate intentional disabling, poor coverage, equipment failure, or small-vessel below-threshold operation.","Review track before/after gap; cross-check RF, SAR, patrol and VMS sources. Note whether the gap area coincides with known IUU activity.",Previous point 2023-01-10T12:21:32.765378+00:00 → current point 2023-01-10T23:36:32.765378+00:00 (11.2 h silence).
BKB-0042,AIS_GAP,HIGH,95,510099999,2023-01-12T13:53:59.927738+00:00,-10.89968,143.19976,DARK VESSEL,Fishing,AIS gap of 39.0 h,"The vessel disappeared from the AIS source feed for longer than the configured threshold. This may indicate intentional disabling, poor coverage, equipment failure, or small-vessel below-threshold operation.","Review track before/after gap; cross-check RF, SAR, patrol and VMS sources. Note whether the gap area coincides with known IUU activity.",Previous point 2023-01-10T22:53:59.927738+00:00 → current point 2023-01-12T13:53:59.927738+00:00 (39.0 h silence).
BKB-0005,AIS_GAP,HIGH,95,51001003,2023-01-14T11:08:16.180805+00:00,-9.96238,141.64144,IDN FISHER 03,Fishing,AIS gap of 17.2 h,"The vessel disappeared from the AIS source feed for longer than the configured threshold. This may indicate intentional disabling, poor coverage, equipment failure, or small-vessel below-threshold operation.","Review track before/after gap; cross-check RF, SAR, patrol and VMS sources. Note whether the gap area coincides with known IUU activity.",Previous point 2023-01-13T17:53:16.180805+00:00 → current point 2023-01-14T11:08:16.180805+00:00 (17.2 h silence).
BKB-0070,AIS_GAP,HIGH,95,510099999,2023-01-17T01:53:59.927738+00:00,-10.90031,143.19925,DARK VESSEL,Fishing,AIS gap of 27.0 h,"The vessel disappeared from the AIS source feed for longer than the configured threshold. This may indicate intentional disabling, poor coverage, equipment failure, or small-vessel below-threshold operation.","Review track before/after gap; cross-check RF, SAR, patrol and VMS sources. Note whether the gap area coincides with known IUU activity.",Previous point 2023-01-15T22:53:59.927738+00:00 → current point 2023-01-17T01:53:59.927738+00:00 (27.0 h silence).
BKB-0004,AIS_GAP,HIGH,95,51001002,2023-01-23T11:27:34.790248+00:00,-8.73662,144.23532,IDN FISHER 02,Fishing,AIS gap of 8.7 h,"The vessel disappeared from the AIS source feed for longer than the configured threshold. This may indicate intentional disabling, poor coverage, equipment failure, or small-vessel below-threshold operation.","Review track before/after gap; cross-check RF, SAR, patrol and VMS sources. Note whether the gap area coincides with known IUU activity.",Previous point 2023-01-23T02:47:34.790248+00:00 → current point 2023-01-23T11:27:34.790248+00:00 (8.7 h silence).
BKB-0003,AIS_GAP,HIGH,88,51001002,2023-01-20T00:07:34.790248+00:00,-9.04061,143.74128,IDN FISHER 02,Fishing,AIS gap of 5.3 h,"The vessel disappeared from the AIS source feed for longer than the configured threshold. This may indicate intentional disabling, poor coverage, equipment failure, or small-vessel below-threshold operation.","Review track before/after gap; cross-check RF, SAR, patrol and VMS sources. Note whether the gap area coincides with known IUU activity.",Previous point 2023-01-19T18:47:34.790248+00:00 → current point 2023-01-20T00:07:34.790248+00:00 (5.3 h silence).
BKB-0042,RENDEZVOUS_CANDIDATE,HIGH,85,553000101,2023-01-01T08:48:37.493394+00:00,-9.39833,142.36933,PNG VESSEL 01,Fishing,Possible rendezvous with AUS LICENSED 02,"Two vessels appeared within 0.81km of each other within the time window. Vessel-to-vessel transfers (catch, fuel, crew) are a known IUU evasion method.","Check vessel types, flag states, licensed activity, and AIS gap history for both parties.",553000101/50300702; separation 0.81km; time delta 22093min.
BKB-0030,RENDEZVOUS_CANDIDATE,HIGH,85,50300701,2023-01-01T17:51:56.795716+00:00,-10.00248,141.57869,AUS LICENSED 01,Fishing,Possible rendezvous with PNG VESSEL 02,"Two vessels appeared within 1.43km of each other within the time window. Vessel-to-vessel transfers (catch, fuel, crew) are a known IUU evasion method.","Check vessel types, flag states, licensed activity, and AIS gap history for both parties.",50300701/553000102; separation 1.43km; time delta 20628min.
BKB-0041,RENDEZVOUS_CANDIDATE,HIGH,85,553000101,2023-01-01T23:18:37.493394+00:00,-9.48656,142.90131,PNG VESSEL 01,Fishing,Possible rendezvous with IDN FISHER 02,"Two vessels appeared within 0.50km of each other within the time window. Vessel-to-vessel transfers (catch, fuel, crew) are a known IUU evasion method.","Check vessel types, flag states, licensed activity, and AIS gap history for both parties.",553000101/51001002; separation 0.50km; time delta 12769min.
BKB-0001,RENDEZVOUS_CANDIDATE,HIGH,85,51001003,2023-01-01T23:53:16.180805+00:00,-11.30147,141.75327,IDN FISHER 03,Fishing,Possible rendezvous with AUS LICENSED 01,"Two vessels appeared within 1.45km of each other within the time window. Vessel-to-vessel transfers (catch, fuel, crew) are a known IUU evasion method.","Check vessel types, flag states, licensed activity, and AIS gap history for both parties.",51001003/50300701; separation 1.45km; time delta 21704min.
BKB-0008,RENDEZVOUS_CANDIDATE,HIGH,85,50300702,2023-01-02T05:16:45.348613+00:00,-10.92623,142.26735,AUS LICENSED 02,Fishing,Possible rendezvous with AUS LICENSED 03,"Two vessels appeared within 0.83km of each other within the time window. Vessel-to-vessel transfers (catch, fuel, crew) are a known IUU evasion method.","Check vessel types, flag states, licensed activity, and AIS gap history for both parties.",50300702/50300703; separation 0.83km; time delta 4772min.
BKB-0007,RENDEZVOUS_CANDIDATE,HIGH,85,50300702,2023-01-02T05:31:45.348613+00:00,-10.94028,142.27108,AUS LICENSED 02,Fishing,Possible rendezvous with IDN FISHER 03,"Two vessels appeared within 1.06km of each other within the time window. Vessel-to-vessel transfers (catch, fuel, crew) are a known IUU evasion method.","Check vessel types, flag states, licensed activity, and AIS gap history for both parties.",50300702/51001003; separation 1.06km; time delta 22612min.
BKB-0005,RENDEZVOUS_CANDIDATE,HIGH,85,50300702,2023-01-02T06:46:45.348613+00:00,-10.99605,142.29421,AUS LICENSED 02,Fishing,Possible rendezvous with IDN FISHER 06,"Two vessels appeared within 0.49km of each other within the time window. Vessel-to-vessel transfers (catch, fuel, crew) are a known IUU evasion method.","Check vessel types, flag states, licensed activity, and AIS gap history for both parties.",50300702/51001006; separation 0.49km; time delta 19686min.
BKB-0040,RENDEZVOUS_CANDIDATE,HIGH,85,553000101,2023-01-02T17:18:37.493394+00:00,-9.63088,142.85124,PNG VESSEL 01,Fishing,Possible rendezvous with IDN FISHER 05,"Two vessels appeared within 0.94km of each other within the time window. Vessel-to-vessel transfers (catch, fuel, crew) are a known IUU evasion method.","Check vessel types, flag states, licensed activity, and AIS gap history for both parties.",553000101/51001005; separation 0.94km; time delta 9688min.
BKB-0039,RENDEZVOUS_CANDIDATE,HIGH,85,553000101,2023-01-02T18:18:37.493394+00:00,-9.65063,142.85049,PNG VESSEL 01,Fishing,Possible rendezvous with IDN FISHER 06,"Two vessels appeared within 1.35km of each other within the time window. Vessel-to-vessel transfers (catch, fuel, crew) are a known IUU evasion method.","Check vessel types, flag states, licensed activity, and AIS gap history for both parties.",553000101/51001006; separation 1.35km; time delta 15454min.
BKB-0014,RENDEZVOUS_CANDIDATE,HIGH,85,51001004,2023-01-02T22:42:23.938225+00:00,-10.54252,141.91944,IDN FISHER 04,Fishing,Possible rendezvous with AUS LICENSED 01,"Two vessels appeared within 1.12km of each other within the time window. Vessel-to-vessel transfers (catch, fuel, crew) are a known IUU evasion method.","Check vessel types, flag states, licensed activity, and AIS gap history for both parties.",51001004/50300701; separation 1.12km; time delta 18550min.
BKB-0018,RENDEZVOUS_CANDIDATE,HIGH,85,51001003,2023-01-03T11:08:16.180805+00:00,-10.36755,141.13449,IDN FISHER 03,Fishing,Possible rendezvous with PNG VESSEL 02,"Two vessels appeared within 1.24km of each other within the time window. Vessel-to-vessel transfers (catch, fuel, crew) are a known IUU evasion method.","Check vessel types, flag states, licensed activity, and AIS gap history for both parties.",51001003/553000102; separation 1.24km; time delta 20372min.
BKB-0037,RENDEZVOUS_CANDIDATE,HIGH,85,553000101,2023-01-03T19:48:37.493394+00:00,-9.74908,143.00251,PNG VESSEL 01,Fishing,Possible rendezvous with PNG VESSEL 02,"Two vessels appeared within 1.02km of each other within the time window. Vessel-to-vessel transfers (catch, fuel, crew) are a known IUU evasion method.","Check vessel types, flag states, licensed activity, and AIS gap history for both parties.",553000101/553000102; separation 1.02km; time delta 1281min.
BKB-0023,RENDEZVOUS_CANDIDATE,HIGH,85,51001001,2023-01-03T23:36:32.765378+00:00,-10.19028,141.25228,IDN FISHER 01,Fishing,Possible rendezvous with IDN FISHER 03,"Two vessels appeared within 0.95km of each other within the time window. Vessel-to-vessel transfers (catch, fuel, crew) are a known IUU evasion method.","Check vessel types, flag states, licensed activity, and AIS gap history for both parties.",51001001/51001003; separation 0.95km; time delta 13067min.
BKB-0036,RENDEZVOUS_CANDIDATE,HIGH,85,553000102,2023-01-04T06:39:59.879589+00:00,-9.86462,142.85101,PNG VESSEL 02,Fishing,Possible rendezvous with IDN FISHER 05,"Two vessels appeared within 1.56km of each other within the time window. Vessel-to-vessel transfers (catch, fuel, crew) are a known IUU evasion method.","Check vessel types, flag states, licensed activity, and AIS gap history for both parties.",553000102/51001005; separation 1.56km; time delta 6817min.
BKB-0024,RENDEZVOUS_CANDIDATE,HIGH,85,51001001,2023-01-04T11:36:32.765378+00:00,-10.18207,141.28886,IDN FISHER 01,Fishing,Possible rendezvous with IDN FISHER 06,"Two vessels appeared within 0.33km of each other within the time window. Vessel-to-vessel transfers (catch, fuel, crew) are a known IUU evasion method.","Check vessel types, flag states, licensed activity, and AIS gap history for both parties.",51001001/51001006; separation 0.33km; time delta 4156min.
BKB-0004,RENDEZVOUS_CANDIDATE,HIGH,85,51001006,2023-01-04T14:32:36.213469+00:00,-11.01394,141.50544,IDN FISHER 06,Fishing,Possible rendezvous with AUS LICENSED 01,"Two vessels appeared within 0.17km of each other within the time window. Vessel-to-vessel transfers (catch, fuel, crew) are a known IUU evasion method.","Check vessel types, flag states, licensed activity, and AIS gap history for both parties.",51001006/50300701; separation 0.17km; time delta 19204min.
BKB-0031,RENDEZVOUS_CANDIDATE,HIGH,85,553000101,2023-01-04T16:48:37.493394+00:00,-9.94968,143.77874,PNG VESSEL 01,Fishing,Possible rendezvous with IDN FISHER 08,"Two vessels appeared within 1.30km of each other within the time window. Vessel-to-vessel transfers (catch, fuel, crew) are a known IUU evasion method.","Check vessel types, flag states, licensed activity, and AIS gap history for both parties.",553000101/51001008; separation 1.30km; time delta 17426min.
BKB-0003,RENDEZVOUS_CANDIDATE,HIGH,85,51001006,2023-01-04T17:32:36.213469+00:00,-11.14521,141.57854,IDN FISHER 06,Fishing,Possible rendezvous with IDN FISHER 03,"Two vessels appeared within 1.13km of each other within the time window. Vessel-to-vessel transfers (catch, fuel, crew) are a known IUU evasion method.","Check vessel types, flag states, licensed activity, and AIS gap history for both parties.",51001006/51001003; separation 1.13km; time delta 6456min.
BKB-0032,RENDEZVOUS_CANDIDATE,HIGH,85,51001005,2023-01-04T19:16:51.520686+00:00,-9.93522,142.43111,IDN FISHER 05,Fishing,Possible rendezvous with IDN FISHER 06,"Two vessels appeared within 0.45km of each other within the time window. Vessel-to-vessel transfers (catch, fuel, crew) are a known IUU evasion method.","Check vessel types, flag states, licensed activity, and AIS gap history for both parties.",51001005/51001006; separation 0.45km; time delta 11616min.
BKB-0033,RENDEZVOUS_CANDIDATE,HIGH,85,51001005,2023-01-04T19:46:51.520686+00:00,-9.91991,142.45421,IDN FISHER 05,Fishing,Possible rendezvous with AUS LICENSED 02,"Two vessels appeared within 0.91km of each other within the time window. Vessel-to-vessel transfers (catch, fuel, crew) are a known IUU evasion method.","Check vessel types, flag states, licensed activity, and AIS gap history for both parties.",51001005/50300702; separation 0.91km; time delta 14085min.
BKB-0010,RENDEZVOUS_CANDIDATE,HIGH,85,50300703,2023-01-04T21:18:30.763635+00:00,-10.81964,141.87676,AUS LICENSED 03,Fishing,Possible rendezvous with AUS LICENSED 01,"Two vessels appeared within 0.46km of each other within the time window. Vessel-to-vessel transfers (catch, fuel, crew) are a known IUU evasion method.","Check vessel types, flag states, licensed activity, and AIS gap history for both parties.",50300703/50300701; separation 0.46km; time delta 16248min.
BKB-0038,RENDEZVOUS_CANDIDATE,HIGH,85,51001005,2023-01-04T23:46:51.520686+00:00,-9.74115,142.59695,IDN FISHER 05,Fishing,Possible rendezvous with IDN FISHER 02,"Two vessels appeared within 0.37km of each other within the time window. Vessel-to-vessel transfers (catch, fuel, crew) are a known IUU evasion method.","Check vessel types, flag states, licensed activity, and AIS gap history for both parties.",51001005/51001002; separation 0.37km; time delta 3181min.
BKB-0026,RENDEZVOUS_CANDIDATE,HIGH,85,50300702,2023-01-05T07:31:45.348613+00:00,-10.16806,142.60944,AUS LICENSED 02,Fishing,Possible rendezvous with PNG VESSEL 02,"Two vessels appeared within 0.56km of each other within the time window. Vessel-to-vessel transfers (catch, fuel, crew) are a known IUU evasion method.","Check vessel types, flag states, licensed activity, and AIS gap history for both parties.",50300702/553000102; separation 0.56km; time delta 248min.
BKB-0028,RENDEZVOUS_CANDIDATE,HIGH,85,553000102,2023-01-05T08:39:59.879589+00:00,-10.12091,142.68229,PNG VESSEL 02,Fishing,Possible rendezvous with AUS LICENSED 03,"Two vessels appeared within 0.60km of each other within the time window. Vessel-to-vessel transfers (catch, fuel, crew) are a known IUU evasion method.","Check vessel types, flag states, licensed activity, and AIS gap history for both parties.",553000102/50300703; separation 0.60km; time delta 10674min.
BKB-0022,RENDEZVOUS_CANDIDATE,HIGH,85,51001007,2023-01-05T08:47:57.853117+00:00,-10.27124,141.48342,IDN FISHER 07,Fishing,Possible rendezvous with IDN FISHER 06,"Two vessels appeared within 0.24km of each other within the time window. Vessel-to-vessel transfers (catch, fuel, crew) are a known IUU evasion method.","Check vessel types, flag states, licensed activity, and AIS gap history for both parties.",51001007/51001006; separation 0.24km; time delta 3645min.
BKB-0013,RENDEZVOUS_CANDIDATE,HIGH,85,51001002,2023-01-05T10:47:34.790248+00:00,-10.57241,142.83475,IDN FISHER 02,Fishing,Possible rendezvous with AUS LICENSED 03,"Two vessels appeared within 0.40km of each other within the time window. Vessel-to-vessel transfers (catch, fuel, crew) are a known IUU evasion method.","Check vessel types, flag states, licensed activity, and AIS gap history for both parties.",51001002/50300703; separation 0.40km; time delta 9001min.
BKB-0021,RENDEZVOUS_CANDIDATE,HIGH,85,50300701,2023-01-05T10:51:56.795716+00:00,-10.28907,141.70482,AUS LICENSED 01,Fishing,Possible rendezvous with PNG VESSEL 04,"Two vessels appeared within 0.62km of each other within the time window. Vessel-to-vessel transfers (catch, fuel, crew) are a known IUU evasion method.","Check vessel types, flag states, licensed activity, and AIS gap history for both parties.",50300701/553000104; separation 0.62km; time delta 4632min.
BKB-0009,RENDEZVOUS_CANDIDATE,HIGH,85,50300703,2023-01-05T11:03:30.763635+00:00,-10.90876,142.19829,AUS LICENSED 03,Fishing,Possible rendezvous with IDN FISHER 03,"Two vessels appeared within 1.53km of each other within the time window. Vessel-to-vessel transfers (catch, fuel, crew) are a known IUU evasion method.","Check vessel types, flag states, licensed activity, and AIS gap history for both parties.",50300703/51001003; separation 1.53km; time delta 17645min.
BKB-0006,RENDEZVOUS_CANDIDATE,HIGH,85,50300703,2023-01-05T12:18:30.763635+00:00,-10.93988,142.25489,AUS LICENSED 03,Fishing,Possible rendezvous with IDN FISHER 06,"Two vessels appeared within 0.37km of each other within the time window. Vessel-to-vessel transfers (catch, fuel, crew) are a known IUU evasion method.","Check vessel types, flag states, licensed activity, and AIS gap history for both parties.",50300703/51001006; separation 0.37km; time delta 15114min.
BKB-0027,RENDEZVOUS_CANDIDATE,HIGH,85,553000102,2023-01-05T13:09:59.879589+00:00,-10.16137,142.64411,PNG VESSEL 02,Fishing,Possible rendezvous with IDN FISHER 02,"Two vessels appeared within 0.67km of each other within the time window. Vessel-to-vessel transfers (catch, fuel, crew) are a known IUU evasion method.","Check vessel types, flag states, licensed activity, and AIS gap history for both parties.",553000102/51001002; separation 0.67km; time delta 1498min.
BKB-0012,RENDEZVOUS_CANDIDATE,HIGH,85,51001002,2023-01-05T19:27:34.790248+00:00,-10.64934,142.731,IDN FISHER 02,Fishing,Possible rendezvous with AUS LICENSED 02,"Two vessels appeared within 1.65km of each other within the time window. Vessel-to-vessel transfers (catch, fuel, crew) are a known IUU evasion method.","Check vessel types, flag states, licensed activity, and AIS gap history for both parties.",51001002/50300702; separation 1.65km; time delta 4504min.
BKB-0043,RENDEZVOUS_CANDIDATE,HIGH,85,51001003,2023-01-05T22:23:16.180805+00:00,-9.09984,142.06277,IDN FISHER 03,Fishing,Possible rendezvous with IDN FISHER 05,"Two vessels appeared within 0.90km of each other within the time window. Vessel-to-vessel transfers (catch, fuel, crew) are a known IUU evasion method.","Check vessel types, flag states, licensed activity, and AIS gap history for both parties.",51001003/51001005; separation 0.90km; time delta 16824min.
BKB-0017,RENDEZVOUS_CANDIDATE,HIGH,85,51001002,2023-01-06T02:47:34.790248+00:00,-10.37979,142.79266,IDN FISHER 02,Fishing,Possible rendezvous with PNG VESSEL 04,"Two vessels appeared within 0.59km of each other within the time window. Vessel-to-vessel transfers (catch, fuel, crew) are a known IUU evasion method.","Check vessel types, flag states, licensed activity, and AIS gap history for both parties.",51001002/553000104; separation 0.59km; time delta 1246min.
BKB-0044,RENDEZVOUS_CANDIDATE,HIGH,85,553000103,2023-01-06T03:37:31.275419+00:00,-9.09,143.4058,PNG VESSEL 03,Fishing,Possible rendezvous with IDN FISHER 05,"Two vessels appeared within 1.44km of each other within the time window. Vessel-to-vessel transfers (catch, fuel, crew) are a known IUU evasion method.","Check vessel types, flag states, licensed activity, and AIS gap history for both parties.",553000103/51001005; separation 1.44km; time delta 5769min.
BKB-0015,RENDEZVOUS_CANDIDATE,HIGH,85,50300702,2023-01-06T09:46:45.348613+00:00,-10.40491,142.36974,AUS LICENSED 02,Fishing,Possible rendezvous with PNG VESSEL 04,"Two vessels appeared within 0.88km of each other within the time window. Vessel-to-vessel transfers (catch, fuel, crew) are a known IUU evasion method.","Check vessel types, flag states, licensed activity, and AIS gap history for both parties.",50300702/553000104; separation 0.88km; time delta 1457min.
BKB-0011,RENDEZVOUS_CANDIDATE,HIGH,85,51001006,2023-01-06T11:12:36.213469+00:00,-10.68686,141.25581,IDN FISHER 06,Fishing,Possible rendezvous with PNG VESSEL 04,"Two vessels appeared within 1.53km of each other within the time window. Vessel-to-vessel transfers (catch, fuel, crew) are a known IUU evasion method.","Check vessel types, flag states, licensed activity, and AIS gap history for both parties.",51001006/553000104; separation 1.53km; time delta 13491min.
BKB-0029,RENDEZVOUS_CANDIDATE,HIGH,85,51001002,2023-01-06T15:27:34.790248+00:00,-10.09623,142.66549,IDN FISHER 02,Fishing,Possible rendezvous with IDN FISHER 06,"Two vessels appeared within 0.44km of each other within the time window. Vessel-to-vessel transfers (catch, fuel, crew) are a known IUU evasion method.","Check vessel types, flag states, licensed activity, and AIS gap history for both parties.",51001002/51001006; separation 0.44km; time delta 10465min.
BKB-0016,RENDEZVOUS_CANDIDATE,HIGH,85,553000104,2023-01-07T00:03:33.142741+00:00,-10.37894,142.76856,PNG VESSEL 04,Fishing,Possible rendezvous with AUS LICENSED 03,"Two vessels appeared within 1.94km of each other within the time window. Vessel-to-vessel transfers (catch, fuel, crew) are a known IUU evasion method.","Check vessel types, flag states, licensed activity, and AIS gap history for both parties.",553000104/50300703; separation 1.94km; time delta 840min.
BKB-0019,RENDEZVOUS_CANDIDATE,HIGH,85,51001006,2023-01-07T01:12:36.213469+00:00,-10.36993,141.12272,IDN FISHER 06,Fishing,Possible rendezvous with PNG VESSEL 02,"Two vessels appeared within 1.01km of each other within the time window. Vessel-to-vessel transfers (catch, fuel, crew) are a known IUU evasion method.","Check vessel types, flag states, licensed activity, and AIS gap history for both parties.",51001006/553000102; separation 1.01km; time delta 15207min.
BKB-0034,RENDEZVOUS_CANDIDATE,HIGH,85,553000101,2023-01-07T11:18:37.493394+00:00,-9.91879,144.14079,PNG VESSEL 01,Fishing,Possible rendezvous with PNG VESSEL 03,"Two vessels appeared within 0.55km of each other within the time window. Vessel-to-vessel transfers (catch, fuel, crew) are a known IUU evasion method.","Check vessel types, flag states, licensed activity, and AIS gap history for both parties.",553000101/553000103; separation 0.55km; time delta 15109min.
BKB-0025,RENDEZVOUS_CANDIDATE,HIGH,85,553000104,2023-01-09T10:33:33.142741+00:00,-10.17691,141.21365,PNG VESSEL 04,Fishing,Possible rendezvous with IDN FISHER 01,"Two vessels appeared within 1.55km of each other within the time window. Vessel-to-vessel transfers (catch, fuel, crew) are a known IUU evasion method.","Check vessel types, flag states, licensed activity, and AIS gap history for both parties.",553000104/51001001; separation 1.55km; time delta 7083min.
BKB-0045,RENDEZVOUS_CANDIDATE,HIGH,85,50300701,2023-01-10T06:21:56.795716+00:00,-9.01689,141.50752,AUS LICENSED 01,Fishing,Possible rendezvous with IDN FISHER 05,"Two vessels appeared within 0.97km of each other within the time window. Vessel-to-vessel transfers (catch, fuel, crew) are a known IUU evasion method.","Check vessel types, flag states, licensed activity, and AIS gap history for both parties.",50300701/51001005; separation 0.97km; time delta 9535min.
BKB-0002,RENDEZVOUS_CANDIDATE,HIGH,85,51001003,2023-01-10T13:23:16.180805+00:00,-11.22254,141.10054,IDN FISHER 03,Fishing,Possible rendezvous with PNG VESSEL 04,"Two vessels appeared within 0.27km of each other within the time window. Vessel-to-vessel transfers (catch, fuel, crew) are a known IUU evasion method.","Check vessel types, flag states, licensed activity, and AIS gap history for both parties.",51001003/553000104; separation 0.27km; time delta 9610min.
BKB-0046,RENDEZVOUS_CANDIDATE,HIGH,85,553000103,2023-01-11T12:37:31.275419+00:00,-8.912,144.09157,PNG VESSEL 03,Fishing,Possible rendezvous with IDN FISHER 02,"Two vessels appeared within 0.60km of each other within the time window. Vessel-to-vessel transfers (catch, fuel, crew) are a known IUU evasion method.","Check vessel types, flag states, licensed activity, and AIS gap history for both parties.",553000103/51001002; separation 0.60km; time delta 8630min.
BKB-0020,RENDEZVOUS_CANDIDATE,HIGH,85,553000104,2023-01-14T11:03:33.142741+00:00,-10.37095,141.12865,PNG VESSEL 04,Fishing,Possible rendezvous with PNG VESSEL 02,"Two vessels appeared within 0.67km of each other within the time window. Vessel-to-vessel transfers (catch, fuel, crew) are a known IUU evasion method.","Check vessel types, flag states, licensed activity, and AIS gap history for both parties.",553000104/553000102; separation 0.67km; time delta 4536min.
BKB-0035,RENDEZVOUS_CANDIDATE,HIGH,85,51001008,2023-01-16T01:14:23.380778+00:00,-9.90438,144.02135,IDN FISHER 08,Fishing,Possible rendezvous with PNG VESSEL 03,"Two vessels appeared within 1.36km of each other within the time window. Vessel-to-vessel transfers (catch, fuel, crew) are a known IUU evasion method.","Check vessel types, flag states, licensed activity, and AIS gap history for both parties.",51001008/553000103; separation 1.36km; time delta 1073min.
BKB-0047,RENDEZVOUS_CANDIDATE,HIGH,85,553000103,2023-01-19T20:37:31.275419+00:00,-10.82664,144.15318,PNG VESSEL 03,Fishing,Possible rendezvous with IDN FISHER 06,"Two vessels appeared within 0.47km of each other within the time window. Vessel-to-vessel transfers (catch, fuel, crew) are a known IUU evasion method.","Check vessel types, flag states, licensed activity, and AIS gap history for both parties.",553000103/51001006; separation 0.47km; time delta 12255min.
BKB-0048,RENDEZVOUS_CANDIDATE,HIGH,85,51001005,2023-01-20T14:46:51.520686+00:00,-9.71091,143.09405,IDN FISHER 05,Fishing,Possible rendezvous with IDN FISHER 08,"Two vessels appeared within 0.42km of each other within the time window. Vessel-to-vessel transfers (catch, fuel, crew) are a known IUU evasion method.","Check vessel types, flag states, licensed activity, and AIS gap history for both parties.",51001005/51001008; separation 0.42km; time delta 5908min.
BKB-0007,AIS_GAP,MEDIUM,70,510099999,2023-01-03T16:53:59.927738+00:00,-10.93187,143.25291,DARK VESSEL,Fishing,AIS gap of 3.0 h,"The vessel disappeared from the AIS source feed for longer than the configured threshold. This may indicate intentional disabling, poor coverage, equipment failure, or small-vessel below-threshold operation.","Review track before/after gap; cross-check RF, SAR, patrol and VMS sources. Note whether the gap area coincides with known IUU activity.",Previous point 2023-01-03T13:53:59.927738+00:00 → current point 2023-01-03T16:53:59.927738+00:00 (3.0 h silence).
BKB-0008,AIS_GAP,MEDIUM,70,510099999,2023-01-03T19:53:59.927738+00:00,-10.90114,143.1996,DARK VESSEL,Fishing,AIS gap of 3.0 h,"The vessel disappeared from the AIS source feed for longer than the configured threshold. This may indicate intentional disabling, poor coverage, equipment failure, or small-vessel below-threshold operation.","Review track before/after gap; cross-check RF, SAR, patrol and VMS sources. Note whether the gap area coincides with known IUU activity.",Previous point 2023-01-03T16:53:59.927738+00:00 → current point 2023-01-03T19:53:59.927738+00:00 (3.0 h silence).
BKB-0009,AIS_GAP,MEDIUM,70,510099999,2023-01-03T22:53:59.927738+00:00,-10.87404,143.14605,DARK VESSEL,Fishing,AIS gap of 3.0 h,"The vessel disappeared from the AIS source feed for longer than the configured threshold. This may indicate intentional disabling, poor coverage, equipment failure, or small-vessel below-threshold operation.","Review track before/after gap; cross-check RF, SAR, patrol and VMS sources. Note whether the gap area coincides with known IUU activity.",Previous point 2023-01-03T19:53:59.927738+00:00 → current point 2023-01-03T22:53:59.927738+00:00 (3.0 h silence).
BKB-0010,AIS_GAP,MEDIUM,70,510099999,2023-01-04T01:53:59.927738+00:00,-10.8982,143.20013,DARK VESSEL,Fishing,AIS gap of 3.0 h,"The vessel disappeared from the AIS source feed for longer than the configured threshold. This may indicate intentional disabling, poor coverage, equipment failure, or small-vessel below-threshold operation.","Review track before/after gap; cross-check RF, SAR, patrol and VMS sources. Note whether the gap area coincides with known IUU activity.",Previous point 2023-01-03T22:53:59.927738+00:00 → current point 2023-01-04T01:53:59.927738+00:00 (3.0 h silence).
BKB-0011,AIS_GAP,MEDIUM,70,510099999,2023-01-04T04:53:59.927738+00:00,-10.96076,143.19042,DARK VESSEL,Fishing,AIS gap of 3.0 h,"The vessel disappeared from the AIS source feed for longer than the configured threshold. This may indicate intentional disabling, poor coverage, equipment failure, or small-vessel below-threshold operation.","Review track before/after gap; cross-check RF, SAR, patrol and VMS sources. Note whether the gap area coincides with known IUU activity.",Previous point 2023-01-04T01:53:59.927738+00:00 → current point 2023-01-04T04:53:59.927738+00:00 (3.0 h silence).
BKB-0012,AIS_GAP,MEDIUM,70,510099999,2023-01-04T07:53:59.927738+00:00,-10.90032,143.20043,DARK VESSEL,Fishing,AIS gap of 3.0 h,"The vessel disappeared from the AIS source feed for longer than the configured threshold. This may indicate intentional disabling, poor coverage, equipment failure, or small-vessel below-threshold operation.","Review track before/after gap; cross-check RF, SAR, patrol and VMS sources. Note whether the gap area coincides with known IUU activity.",Previous point 2023-01-04T04:53:59.927738+00:00 → current point 2023-01-04T07:53:59.927738+00:00 (3.0 h silence).
BKB-0013,AIS_GAP,MEDIUM,70,510099999,2023-01-04T10:53:59.927738+00:00,-10.85663,143.24356,DARK VESSEL,Fishing,AIS gap of 3.0 h,"The vessel disappeared from the AIS source feed for longer than the configured threshold. This may indicate intentional disabling, poor coverage, equipment failure, or small-vessel below-threshold operation.","Review track before/after gap; cross-check RF, SAR, patrol and VMS sources. Note whether the gap area coincides with known IUU activity.",Previous point 2023-01-04T07:53:59.927738+00:00 → current point 2023-01-04T10:53:59.927738+00:00 (3.0 h silence).
BKB-0014,AIS_GAP,MEDIUM,70,510099999,2023-01-04T13:53:59.927738+00:00,-10.90054,143.20058,DARK VESSEL,Fishing,AIS gap of 3.0 h,"The vessel disappeared from the AIS source feed for longer than the configured threshold. This may indicate intentional disabling, poor coverage, equipment failure, or small-vessel below-threshold operation.","Review track before/after gap; cross-check RF, SAR, patrol and VMS sources. Note whether the gap area coincides with known IUU activity.",Previous point 2023-01-04T10:53:59.927738+00:00 → current point 2023-01-04T13:53:59.927738+00:00 (3.0 h silence).
BKB-0015,AIS_GAP,MEDIUM,70,510099999,2023-01-04T16:53:59.927738+00:00,-10.93442,143.15092,DARK VESSEL,Fishing,AIS gap of 3.0 h,"The vessel disappeared from the AIS source feed for longer than the configured threshold. This may indicate intentional disabling, poor coverage, equipment failure, or small-vessel below-threshold operation.","Review track before/after gap; cross-check RF, SAR, patrol and VMS sources. Note whether the gap area coincides with known IUU activity.",Previous point 2023-01-04T13:53:59.927738+00:00 → current point 2023-01-04T16:53:59.927738+00:00 (3.0 h silence).
BKB-0016,AIS_GAP,MEDIUM,70,510099999,2023-01-04T19:53:59.927738+00:00,-10.89891,143.20012,DARK VESSEL,Fishing,AIS gap of 3.0 h,"The vessel disappeared from the AIS source feed for longer than the configured threshold. This may indicate intentional disabling, poor coverage, equipment failure, or small-vessel below-threshold operation.","Review track before/after gap; cross-check RF, SAR, patrol and VMS sources. Note whether the gap area coincides with known IUU activity.",Previous point 2023-01-04T16:53:59.927738+00:00 → current point 2023-01-04T19:53:59.927738+00:00 (3.0 h silence).
BKB-0017,AIS_GAP,MEDIUM,70,510099999,2023-01-04T22:53:59.927738+00:00,-10.86824,143.25469,DARK VESSEL,Fishing,AIS gap of 3.0 h,"The vessel disappeared from the AIS source feed for longer than the configured threshold. This may indicate intentional disabling, poor coverage, equipment failure, or small-vessel below-threshold operation.","Review track before/after gap; cross-check RF, SAR, patrol and VMS sources. Note whether the gap area coincides with known IUU activity.",Previous point 2023-01-04T19:53:59.927738+00:00 → current point 2023-01-04T22:53:59.927738+00:00 (3.0 h silence).
BKB-0018,AIS_GAP,MEDIUM,70,510099999,2023-01-05T01:53:59.927738+00:00,-10.89958,143.1994,DARK VESSEL,Fishing,AIS gap of 3.0 h,"The vessel disappeared from the AIS source feed for longer than the configured threshold. This may indicate intentional disabling, poor coverage, equipment failure, or small-vessel below-threshold operation.","Review track before/after gap; cross-check RF, SAR, patrol and VMS sources. Note whether the gap area coincides with known IUU activity.",Previous point 2023-01-04T22:53:59.927738+00:00 → current point 2023-01-05T01:53:59.927738+00:00 (3.0 h silence).
BKB-0019,AIS_GAP,MEDIUM,70,510099999,2023-01-05T04:53:59.927738+00:00,-10.96022,143.20391,DARK VESSEL,Fishing,AIS gap of 3.0 h,"The vessel disappeared from the AIS source feed for longer than the configured threshold. This may indicate intentional disabling, poor coverage, equipment failure, or small-vessel below-threshold operation.","Review track before/after gap; cross-check RF, SAR, patrol and VMS sources. Note whether the gap area coincides with known IUU activity.",Previous point 2023-01-05T01:53:59.927738+00:00 → current point 2023-01-05T04:53:59.927738+00:00 (3.0 h silence).
BKB-0020,AIS_GAP,MEDIUM,70,510099999,2023-01-05T07:53:59.927738+00:00,-10.90037,143.1987,DARK VESSEL,Fishing,AIS gap of 3.0 h,"The vessel disappeared from the AIS source feed for longer than the configured threshold. This may indicate intentional disabling, poor coverage, equipment failure, or small-vessel below-threshold operation.","Review track before/after gap; cross-check RF, SAR, patrol and VMS sources. Note whether the gap area coincides with known IUU activity.",Previous point 2023-01-05T04:53:59.927738+00:00 → current point 2023-01-05T07:53:59.927738+00:00 (3.0 h silence).
BKB-0021,AIS_GAP,MEDIUM,70,510099999,2023-01-05T10:53:59.927738+00:00,-10.83871,143.20844,DARK VESSEL,Fishing,AIS gap of 3.0 h,"The vessel disappeared from the AIS source feed for longer than the configured threshold. This may indicate intentional disabling, poor coverage, equipment failure, or small-vessel below-threshold operation.","Review track before/after gap; cross-check RF, SAR, patrol and VMS sources. Note whether the gap area coincides with known IUU activity.",Previous point 2023-01-05T07:53:59.927738+00:00 → current point 2023-01-05T10:53:59.927738+00:00 (3.0 h silence).
BKB-0022,AIS_GAP,MEDIUM,70,510099999,2023-01-05T13:53:59.927738+00:00,-10.90014,143.20078,DARK VESSEL,Fishing,AIS gap of 3.0 h,"The vessel disappeared from the AIS source feed for longer than the configured threshold. This may indicate intentional disabling, poor coverage, equipment failure, or small-vessel below-threshold operation.","Review track before/after gap; cross-check RF, SAR, patrol and VMS sources. Note whether the gap area coincides with known IUU activity.",Previous point 2023-01-05T10:53:59.927738+00:00 → current point 2023-01-05T13:53:59.927738+00:00 (3.0 h silence).
BKB-0023,AIS_GAP,MEDIUM,70,510099999,2023-01-05T16:53:59.927738+00:00,-10.95549,143.2183,DARK VESSEL,Fishing,AIS gap of 3.0 h,"The vessel disappeared from the AIS source feed for longer than the configured threshold. This may indicate intentional disabling, poor coverage, equipment failure, or small-vessel below-threshold operation.","Review track before/after gap; cross-check RF, SAR, patrol and VMS sources. Note whether the gap area coincides with known IUU activity.",Previous point 2023-01-05T13:53:59.927738+00:00 → current point 2023-01-05T16:53:59.927738+00:00 (3.0 h silence).
BKB-0024,AIS_GAP,MEDIUM,70,510099999,2023-01-05T19:53:59.927738+00:00,-10.90007,143.20058,DARK VESSEL,Fishing,AIS gap of 3.0 h,"The vessel disappeared from the AIS source feed for longer than the configured threshold. This may indicate intentional disabling, poor coverage, equipment failure, or small-vessel below-threshold operation.","Review track before/after gap; cross-check RF, SAR, patrol and VMS sources. Note whether the gap area coincides with known IUU activity.",Previous point 2023-01-05T16:53:59.927738+00:00 → current point 2023-01-05T19:53:59.927738+00:00 (3.0 h silence).
BKB-0025,AIS_GAP,MEDIUM,70,510099999,2023-01-05T22:53:59.927738+00:00,-10.86666,143.14967,DARK VESSEL,Fishing,AIS gap of 3.0 h,"The vessel disappeared from the AIS source feed for longer than the configured threshold. This may indicate intentional disabling, poor coverage, equipment failure, or small-vessel below-threshold operation.","Review track before/after gap; cross-check RF, SAR, patrol and VMS sources. Note whether the gap area coincides with known IUU activity.",Previous point 2023-01-05T19:53:59.927738+00:00 → current point 2023-01-05T22:53:59.927738+00:00 (3.0 h silence).
BKB-0027,AIS_GAP,MEDIUM,70,510099999,2023-01-09T04:53:59.927738+00:00,-10.87382,143.25445,DARK VESSEL,Fishing,AIS gap of 3.0 h,"The vessel disappeared from the AIS source feed for longer than the configured threshold. This may indicate intentional disabling, poor coverage, equipment failure, or small-vessel below-threshold operation.","Review track before/after gap; cross-check RF, SAR, patrol and VMS sources. Note whether the gap area coincides with known IUU activity.",Previous point 2023-01-09T01:53:59.927738+00:00 → current point 2023-01-09T04:53:59.927738+00:00 (3.0 h silence).
BKB-0028,AIS_GAP,MEDIUM,70,510099999,2023-01-09T07:53:59.927738+00:00,-10.90131,143.19979,DARK VESSEL,Fishing,AIS gap of 3.0 h,"The vessel disappeared from the AIS source feed for longer than the configured threshold. This may indicate intentional disabling, poor coverage, equipment failure, or small-vessel below-threshold operation.","Review track before/after gap; cross-check RF, SAR, patrol and VMS sources. Note whether the gap area coincides with known IUU activity.",Previous point 2023-01-09T04:53:59.927738+00:00 → current point 2023-01-09T07:53:59.927738+00:00 (3.0 h silence).
BKB-0029,AIS_GAP,MEDIUM,70,510099999,2023-01-09T10:53:59.927738+00:00,-10.91343,143.14038,DARK VESSEL,Fishing,AIS gap of 3.0 h,"The vessel disappeared from the AIS source feed for longer than the configured threshold. This may indicate intentional disabling, poor coverage, equipment failure, or small-vessel below-threshold operation.","Review track before/after gap; cross-check RF, SAR, patrol and VMS sources. Note whether the gap area coincides with known IUU activity.",Previous point 2023-01-09T07:53:59.927738+00:00 → current point 2023-01-09T10:53:59.927738+00:00 (3.0 h silence).
BKB-0030,AIS_GAP,MEDIUM,70,510099999,2023-01-09T13:53:59.927738+00:00,-10.90119,143.19893,DARK VESSEL,Fishing,AIS gap of 3.0 h,"The vessel disappeared from the AIS source feed for longer than the configured threshold. This may indicate intentional disabling, poor coverage, equipment failure, or small-vessel below-threshold operation.","Review track before/after gap; cross-check RF, SAR, patrol and VMS sources. Note whether the gap area coincides with known IUU activity.",Previous point 2023-01-09T10:53:59.927738+00:00 → current point 2023-01-09T13:53:59.927738+00:00 (3.0 h silence).
BKB-0031,AIS_GAP,MEDIUM,70,510099999,2023-01-09T16:53:59.927738+00:00,-10.91564,143.25768,DARK VESSEL,Fishing,AIS gap of 3.0 h,"The vessel disappeared from the AIS source feed for longer than the configured threshold. This may indicate intentional disabling, poor coverage, equipment failure, or small-vessel below-threshold operation.","Review track before/after gap; cross-check RF, SAR, patrol and VMS sources. Note whether the gap area coincides with known IUU activity.",Previous point 2023-01-09T13:53:59.927738+00:00 → current point 2023-01-09T16:53:59.927738+00:00 (3.0 h silence).
BKB-0032,AIS_GAP,MEDIUM,70,510099999,2023-01-09T19:53:59.927738+00:00,-10.89954,143.20157,DARK VESSEL,Fishing,AIS gap of 3.0 h,"The vessel disappeared from the AIS source feed for longer than the configured threshold. This may indicate intentional disabling, poor coverage, equipment failure, or small-vessel below-threshold operation.","Review track before/after gap; cross-check RF, SAR, patrol and VMS sources. Note whether the gap area coincides with known IUU activity.",Previous point 2023-01-09T16:53:59.927738+00:00 → current point 2023-01-09T19:53:59.927738+00:00 (3.0 h silence).
BKB-0033,AIS_GAP,MEDIUM,70,510099999,2023-01-09T22:53:59.927738+00:00,-10.90834,143.13931,DARK VESSEL,Fishing,AIS gap of 3.0 h,"The vessel disappeared from the AIS source feed for longer than the configured threshold. This may indicate intentional disabling, poor coverage, equipment failure, or small-vessel below-threshold operation.","Review track before/after gap; cross-check RF, SAR, patrol and VMS sources. Note whether the gap area coincides with known IUU activity.",Previous point 2023-01-09T19:53:59.927738+00:00 → current point 2023-01-09T22:53:59.927738+00:00 (3.0 h silence).
BKB-0034,AIS_GAP,MEDIUM,70,510099999,2023-01-10T01:53:59.927738+00:00,-10.9015,143.1991,DARK VESSEL,Fishing,AIS gap of 3.0 h,"The vessel disappeared from the AIS source feed for longer than the configured threshold. This may indicate intentional disabling, poor coverage, equipment failure, or small-vessel below-threshold operation.","Review track before/after gap; cross-check RF, SAR, patrol and VMS sources. Note whether the gap area coincides with known IUU activity.",Previous point 2023-01-09T22:53:59.927738+00:00 → current point 2023-01-10T01:53:59.927738+00:00 (3.0 h silence).
BKB-0035,AIS_GAP,MEDIUM,70,510099999,2023-01-10T04:53:59.927738+00:00,-10.93431,143.24866,DARK VESSEL,Fishing,AIS gap of 3.0 h,"The vessel disappeared from the AIS source feed for longer than the configured threshold. This may indicate intentional disabling, poor coverage, equipment failure, or small-vessel below-threshold operation.","Review track before/after gap; cross-check RF, SAR, patrol and VMS sources. Note whether the gap area coincides with known IUU activity.",Previous point 2023-01-10T01:53:59.927738+00:00 → current point 2023-01-10T04:53:59.927738+00:00 (3.0 h silence).
BKB-0036,AIS_GAP,MEDIUM,70,510099999,2023-01-10T07:53:59.927738+00:00,-10.90145,143.19975,DARK VESSEL,Fishing,AIS gap of 3.0 h,"The vessel disappeared from the AIS source feed for longer than the configured threshold. This may indicate intentional disabling, poor coverage, equipment failure, or small-vessel below-threshold operation.","Review track before/after gap; cross-check RF, SAR, patrol and VMS sources. Note whether the gap area coincides with known IUU activity.",Previous point 2023-01-10T04:53:59.927738+00:00 → current point 2023-01-10T07:53:59.927738+00:00 (3.0 h silence).
BKB-0037,AIS_GAP,MEDIUM,70,510099999,2023-01-10T10:53:59.927738+00:00,-10.84067,143.21039,DARK VESSEL,Fishing,AIS gap of 3.0 h,"The vessel disappeared from the AIS source feed for longer than the configured threshold. This may indicate intentional disabling, poor coverage, equipment failure, or small-vessel below-threshold operation.","Review track before/after gap; cross-check RF, SAR, patrol and VMS sources. Note whether the gap area coincides with known IUU activity.",Previous point 2023-01-10T07:53:59.927738+00:00 → current point 2023-01-10T10:53:59.927738+00:00 (3.0 h silence).
BKB-0038,AIS_GAP,MEDIUM,70,510099999,2023-01-10T13:53:59.927738+00:00,-10.89977,143.20113,DARK VESSEL,Fishing,AIS gap of 3.0 h,"The vessel disappeared from the AIS source feed for longer than the configured threshold. This may indicate intentional disabling, poor coverage, equipment failure, or small-vessel below-threshold operation.","Review track before/after gap; cross-check RF, SAR, patrol and VMS sources. Note whether the gap area coincides with known IUU activity.",Previous point 2023-01-10T10:53:59.927738+00:00 → current point 2023-01-10T13:53:59.927738+00:00 (3.0 h silence).
BKB-0039,AIS_GAP,MEDIUM,70,510099999,2023-01-10T16:53:59.927738+00:00,-10.91785,143.14251,DARK VESSEL,Fishing,AIS gap of 3.0 h,"The vessel disappeared from the AIS source feed for longer than the configured threshold. This may indicate intentional disabling, poor coverage, equipment failure, or small-vessel below-threshold operation.","Review track before/after gap; cross-check RF, SAR, patrol and VMS sources. Note whether the gap area coincides with known IUU activity.",Previous point 2023-01-10T13:53:59.927738+00:00 → current point 2023-01-10T16:53:59.927738+00:00 (3.0 h silence).
BKB-0040,AIS_GAP,MEDIUM,70,510099999,2023-01-10T19:53:59.927738+00:00,-10.89937,143.19921,DARK VESSEL,Fishing,AIS gap of 3.0 h,"The vessel disappeared from the AIS source feed for longer than the configured threshold. This may indicate intentional disabling, poor coverage, equipment failure, or small-vessel below-threshold operation.","Review track before/after gap; cross-check RF, SAR, patrol and VMS sources. Note whether the gap area coincides with known IUU activity.",Previous point 2023-01-10T16:53:59.927738+00:00 → current point 2023-01-10T19:53:59.927738+00:00 (3.0 h silence).
BKB-0041,AIS_GAP,MEDIUM,70,510099999,2023-01-10T22:53:59.927738+00:00,-10.8861,143.25905,DARK VESSEL,Fishing,AIS gap of 3.0 h,"The vessel disappeared from the AIS source feed for longer than the configured threshold. This may indicate intentional disabling, poor coverage, equipment failure, or small-vessel below-threshold operation.","Review track before/after gap; cross-check RF, SAR, patrol and VMS sources. Note whether the gap area coincides with known IUU activity.",Previous point 2023-01-10T19:53:59.927738+00:00 → current point 2023-01-10T22:53:59.927738+00:00 (3.0 h silence).
BKB-0043,AIS_GAP,MEDIUM,70,510099999,2023-01-12T16:53:59.927738+00:00,-10.86888,143.25265,DARK VESSEL,Fishing,AIS gap of 3.0 h,"The vessel disappeared from the AIS source feed for longer than the configured threshold. This may indicate intentional disabling, poor coverage, equipment failure, or small-vessel below-threshold operation.","Review track before/after gap; cross-check RF, SAR, patrol and VMS sources. Note whether the gap area coincides with known IUU activity.",Previous point 2023-01-12T13:53:59.927738+00:00 → current point 2023-01-12T16:53:59.927738+00:00 (3.0 h silence).
BKB-0044,AIS_GAP,MEDIUM,70,510099999,2023-01-12T19:53:59.927738+00:00,-10.89827,143.20144,DARK VESSEL,Fishing,AIS gap of 3.0 h,"The vessel disappeared from the AIS source feed for longer than the configured threshold. This may indicate intentional disabling, poor coverage, equipment failure, or small-vessel below-threshold operation.","Review track before/after gap; cross-check RF, SAR, patrol and VMS sources. Note whether the gap area coincides with known IUU activity.",Previous point 2023-01-12T16:53:59.927738+00:00 → current point 2023-01-12T19:53:59.927738+00:00 (3.0 h silence).
BKB-0045,AIS_GAP,MEDIUM,70,510099999,2023-01-12T22:53:59.927738+00:00,-10.959,143.19037,DARK VESSEL,Fishing,AIS gap of 3.0 h,"The vessel disappeared from the AIS source feed for longer than the configured threshold. This may indicate intentional disabling, poor coverage, equipment failure, or small-vessel below-threshold operation.","Review track before/after gap; cross-check RF, SAR, patrol and VMS sources. Note whether the gap area coincides with known IUU activity.",Previous point 2023-01-12T19:53:59.927738+00:00 → current point 2023-01-12T22:53:59.927738+00:00 (3.0 h silence).
BKB-0046,AIS_GAP,MEDIUM,70,510099999,2023-01-13T01:53:59.927738+00:00,-10.89874,143.20042,DARK VESSEL,Fishing,AIS gap of 3.0 h,"The vessel disappeared from the AIS source feed for longer than the configured threshold. This may indicate intentional disabling, poor coverage, equipment failure, or small-vessel below-threshold operation.","Review track before/after gap; cross-check RF, SAR, patrol and VMS sources. Note whether the gap area coincides with known IUU activity.",Previous point 2023-01-12T22:53:59.927738+00:00 → current point 2023-01-13T01:53:59.927738+00:00 (3.0 h silence).
BKB-0047,AIS_GAP,MEDIUM,70,510099999,2023-01-13T04:53:59.927738+00:00,-10.84018,143.18222,DARK VESSEL,Fishing,AIS gap of 3.0 h,"The vessel disappeared from the AIS source feed for longer than the configured threshold. This may indicate intentional disabling, poor coverage, equipment failure, or small-vessel below-threshold operation.","Review track before/after gap; cross-check RF, SAR, patrol and VMS sources. Note whether the gap area coincides with known IUU activity.",Previous point 2023-01-13T01:53:59.927738+00:00 → current point 2023-01-13T04:53:59.927738+00:00 (3.0 h silence).
BKB-0048,AIS_GAP,MEDIUM,70,510099999,2023-01-13T07:53:59.927738+00:00,-10.89884,143.20106,DARK VESSEL,Fishing,AIS gap of 3.0 h,"The vessel disappeared from the AIS source feed for longer than the configured threshold. This may indicate intentional disabling, poor coverage, equipment failure, or small-vessel below-threshold operation.","Review track before/after gap; cross-check RF, SAR, patrol and VMS sources. Note whether the gap area coincides with known IUU activity.",Previous point 2023-01-13T04:53:59.927738+00:00 → current point 2023-01-13T07:53:59.927738+00:00 (3.0 h silence).
BKB-0049,AIS_GAP,MEDIUM,70,510099999,2023-01-13T10:53:59.927738+00:00,-10.92957,143.25245,DARK VESSEL,Fishing,AIS gap of 3.0 h,"The vessel disappeared from the AIS source feed for longer than the configured threshold. This may indicate intentional disabling, poor coverage, equipment failure, or small-vessel below-threshold operation.","Review track before/after gap; cross-check RF, SAR, patrol and VMS sources. Note whether the gap area coincides with known IUU activity.",Previous point 2023-01-13T07:53:59.927738+00:00 → current point 2023-01-13T10:53:59.927738+00:00 (3.0 h silence).
BKB-0050,AIS_GAP,MEDIUM,70,510099999,2023-01-13T13:53:59.927738+00:00,-10.90013,143.1999,DARK VESSEL,Fishing,AIS gap of 3.0 h,"The vessel disappeared from the AIS source feed for longer than the configured threshold. This may indicate intentional disabling, poor coverage, equipment failure, or small-vessel below-threshold operation.","Review track before/after gap; cross-check RF, SAR, patrol and VMS sources. Note whether the gap area coincides with known IUU activity.",Previous point 2023-01-13T10:53:59.927738+00:00 → current point 2023-01-13T13:53:59.927738+00:00 (3.0 h silence).
BKB-0051,AIS_GAP,MEDIUM,70,510099999,2023-01-13T16:53:59.927738+00:00,-10.95399,143.17303,DARK VESSEL,Fishing,AIS gap of 3.0 h,"The vessel disappeared from the AIS source feed for longer than the configured threshold. This may indicate intentional disabling, poor coverage, equipment failure, or small-vessel below-threshold operation.","Review track before/after gap; cross-check RF, SAR, patrol and VMS sources. Note whether the gap area coincides with known IUU activity.",Previous point 2023-01-13T13:53:59.927738+00:00 → current point 2023-01-13T16:53:59.927738+00:00 (3.0 h silence).
BKB-0052,AIS_GAP,MEDIUM,70,510099999,2023-01-13T19:53:59.927738+00:00,-10.9015,143.20127,DARK VESSEL,Fishing,AIS gap of 3.0 h,"The vessel disappeared from the AIS source feed for longer than the configured threshold. This may indicate intentional disabling, poor coverage, equipment failure, or small-vessel below-threshold operation.","Review track before/after gap; cross-check RF, SAR, patrol and VMS sources. Note whether the gap area coincides with known IUU activity.",Previous point 2023-01-13T16:53:59.927738+00:00 → current point 2023-01-13T19:53:59.927738+00:00 (3.0 h silence).
BKB-0053,AIS_GAP,MEDIUM,70,510099999,2023-01-13T22:53:59.927738+00:00,-10.8515,143.23671,DARK VESSEL,Fishing,AIS gap of 3.0 h,"The vessel disappeared from the AIS source feed for longer than the configured threshold. This may indicate intentional disabling, poor coverage, equipment failure, or small-vessel below-threshold operation.","Review track before/after gap; cross-check RF, SAR, patrol and VMS sources. Note whether the gap area coincides with known IUU activity.",Previous point 2023-01-13T19:53:59.927738+00:00 → current point 2023-01-13T22:53:59.927738+00:00 (3.0 h silence).
BKB-0054,AIS_GAP,MEDIUM,70,510099999,2023-01-14T01:53:59.927738+00:00,-10.9011,143.19914,DARK VESSEL,Fishing,AIS gap of 3.0 h,"The vessel disappeared from the AIS source feed for longer than the configured threshold. This may indicate intentional disabling, poor coverage, equipment failure, or small-vessel below-threshold operation.","Review track before/after gap; cross-check RF, SAR, patrol and VMS sources. Note whether the gap area coincides with known IUU activity.",Previous point 2023-01-13T22:53:59.927738+00:00 → current point 2023-01-14T01:53:59.927738+00:00 (3.0 h silence).
BKB-0055,AIS_GAP,MEDIUM,70,510099999,2023-01-14T04:53:59.927738+00:00,-10.93344,143.1477,DARK VESSEL,Fishing,AIS gap of 3.0 h,"The vessel disappeared from the AIS source feed for longer than the configured threshold. This may indicate intentional disabling, poor coverage, equipment failure, or small-vessel below-threshold operation.","Review track before/after gap; cross-check RF, SAR, patrol and VMS sources. Note whether the gap area coincides with known IUU activity.",Previous point 2023-01-14T01:53:59.927738+00:00 → current point 2023-01-14T04:53:59.927738+00:00 (3.0 h silence).
BKB-0056,AIS_GAP,MEDIUM,70,510099999,2023-01-14T07:53:59.927738+00:00,-10.90297,143.19977,DARK VESSEL,Fishing,AIS gap of 3.0 h,"The vessel disappeared from the AIS source feed for longer than the configured threshold. This may indicate intentional disabling, poor coverage, equipment failure, or small-vessel below-threshold operation.","Review track before/after gap; cross-check RF, SAR, patrol and VMS sources. Note whether the gap area coincides with known IUU activity.",Previous point 2023-01-14T04:53:59.927738+00:00 → current point 2023-01-14T07:53:59.927738+00:00 (3.0 h silence).
BKB-0057,AIS_GAP,MEDIUM,70,510099999,2023-01-14T10:53:59.927738+00:00,-10.87128,143.25474,DARK VESSEL,Fishing,AIS gap of 3.0 h,"The vessel disappeared from the AIS source feed for longer than the configured threshold. This may indicate intentional disabling, poor coverage, equipment failure, or small-vessel below-threshold operation.","Review track before/after gap; cross-check RF, SAR, patrol and VMS sources. Note whether the gap area coincides with known IUU activity.",Previous point 2023-01-14T07:53:59.927738+00:00 → current point 2023-01-14T10:53:59.927738+00:00 (3.0 h silence).
BKB-0058,AIS_GAP,MEDIUM,70,510099999,2023-01-14T13:53:59.927738+00:00,-10.89912,143.19825,DARK VESSEL,Fishing,AIS gap of 3.0 h,"The vessel disappeared from the AIS source feed for longer than the configured threshold. This may indicate intentional disabling, poor coverage, equipment failure, or small-vessel below-threshold operation.","Review track before/after gap; cross-check RF, SAR, patrol and VMS sources. Note whether the gap area coincides with known IUU activity.",Previous point 2023-01-14T10:53:59.927738+00:00 → current point 2023-01-14T13:53:59.927738+00:00 (3.0 h silence).
BKB-0059,AIS_GAP,MEDIUM,70,510099999,2023-01-14T16:53:59.927738+00:00,-10.95794,143.18017,DARK VESSEL,Fishing,AIS gap of 3.0 h,"The vessel disappeared from the AIS source feed for longer than the configured threshold. This may indicate intentional disabling, poor coverage, equipment failure, or small-vessel below-threshold operation.","Review track before/after gap; cross-check RF, SAR, patrol and VMS sources. Note whether the gap area coincides with known IUU activity.",Previous point 2023-01-14T13:53:59.927738+00:00 → current point 2023-01-14T16:53:59.927738+00:00 (3.0 h silence).
BKB-0060,AIS_GAP,MEDIUM,70,510099999,2023-01-14T19:53:59.927738+00:00,-10.9017,143.20075,DARK VESSEL,Fishing,AIS gap of 3.0 h,"The vessel disappeared from the AIS source feed for longer than the configured threshold. This may indicate intentional disabling, poor coverage, equipment failure, or small-vessel below-threshold operation.","Review track before/after gap; cross-check RF, SAR, patrol and VMS sources. Note whether the gap area coincides with known IUU activity.",Previous point 2023-01-14T16:53:59.927738+00:00 → current point 2023-01-14T19:53:59.927738+00:00 (3.0 h silence).
BKB-0061,AIS_GAP,MEDIUM,70,510099999,2023-01-14T22:53:59.927738+00:00,-10.8479,143.1755,DARK VESSEL,Fishing,AIS gap of 3.0 h,"The vessel disappeared from the AIS source feed for longer than the configured threshold. This may indicate intentional disabling, poor coverage, equipment failure, or small-vessel below-threshold operation.","Review track before/after gap; cross-check RF, SAR, patrol and VMS sources. Note whether the gap area coincides with known IUU activity.",Previous point 2023-01-14T19:53:59.927738+00:00 → current point 2023-01-14T22:53:59.927738+00:00 (3.0 h silence).
BKB-0062,AIS_GAP,MEDIUM,70,510099999,2023-01-15T01:53:59.927738+00:00,-10.89991,143.20127,DARK VESSEL,Fishing,AIS gap of 3.0 h,"The vessel disappeared from the AIS source feed for longer than the configured threshold. This may indicate intentional disabling, poor coverage, equipment failure, or small-vessel below-threshold operation.","Review track before/after gap; cross-check RF, SAR, patrol and VMS sources. Note whether the gap area coincides with known IUU activity.",Previous point 2023-01-14T22:53:59.927738+00:00 → current point 2023-01-15T01:53:59.927738+00:00 (3.0 h silence).
BKB-0063,AIS_GAP,MEDIUM,70,510099999,2023-01-15T04:53:59.927738+00:00,-10.96101,143.19042,DARK VESSEL,Fishing,AIS gap of 3.0 h,"The vessel disappeared from the AIS source feed for longer than the configured threshold. This may indicate intentional disabling, poor coverage, equipment failure, or small-vessel below-threshold operation.","Review track before/after gap; cross-check RF, SAR, patrol and VMS sources. Note whether the gap area coincides with known IUU activity.",Previous point 2023-01-15T01:53:59.927738+00:00 → current point 2023-01-15T04:53:59.927738+00:00 (3.0 h silence).
BKB-0064,AIS_GAP,MEDIUM,70,510099999,2023-01-15T07:53:59.927738+00:00,-10.9003,143.20109,DARK VESSEL,Fishing,AIS gap of 3.0 h,"The vessel disappeared from the AIS source feed for longer than the configured threshold. This may indicate intentional disabling, poor coverage, equipment failure, or small-vessel below-threshold operation.","Review track before/after gap; cross-check RF, SAR, patrol and VMS sources. Note whether the gap area coincides with known IUU activity.",Previous point 2023-01-15T04:53:59.927738+00:00 → current point 2023-01-15T07:53:59.927738+00:00 (3.0 h silence).
BKB-0065,AIS_GAP,MEDIUM,70,510099999,2023-01-15T10:53:59.927738+00:00,-10.84943,143.16725,DARK VESSEL,Fishing,AIS gap of 3.0 h,"The vessel disappeared from the AIS source feed for longer than the configured threshold. This may indicate intentional disabling, poor coverage, equipment failure, or small-vessel below-threshold operation.","Review track before/after gap; cross-check RF, SAR, patrol and VMS sources. Note whether the gap area coincides with known IUU activity.",Previous point 2023-01-15T07:53:59.927738+00:00 → current point 2023-01-15T10:53:59.927738+00:00 (3.0 h silence).
BKB-0066,AIS_GAP,MEDIUM,70,510099999,2023-01-15T13:53:59.927738+00:00,-10.89926,143.19983,DARK VESSEL,Fishing,AIS gap of 3.0 h,"The vessel disappeared from the AIS source feed for longer than the configured threshold. This may indicate intentional disabling, poor coverage, equipment failure, or small-vessel below-threshold operation.","Review track before/after gap; cross-check RF, SAR, patrol and VMS sources. Note whether the gap area coincides with known IUU activity.",Previous point 2023-01-15T10:53:59.927738+00:00 → current point 2023-01-15T13:53:59.927738+00:00 (3.0 h silence).
BKB-0067,AIS_GAP,MEDIUM,70,510099999,2023-01-15T16:53:59.927738+00:00,-10.93466,143.24921,DARK VESSEL,Fishing,AIS gap of 3.0 h,"The vessel disappeared from the AIS source feed for longer than the configured threshold. This may indicate intentional disabling, poor coverage, equipment failure, or small-vessel below-threshold operation.","Review track before/after gap; cross-check RF, SAR, patrol and VMS sources. Note whether the gap area coincides with known IUU activity.",Previous point 2023-01-15T13:53:59.927738+00:00 → current point 2023-01-15T16:53:59.927738+00:00 (3.0 h silence).
BKB-0068,AIS_GAP,MEDIUM,70,510099999,2023-01-15T19:53:59.927738+00:00,-10.90161,143.19849,DARK VESSEL,Fishing,AIS gap of 3.0 h,"The vessel disappeared from the AIS source feed for longer than the configured threshold. This may indicate intentional disabling, poor coverage, equipment failure, or small-vessel below-threshold operation.","Review track before/after gap; cross-check RF, SAR, patrol and VMS sources. Note whether the gap area coincides with known IUU activity.",Previous point 2023-01-15T16:53:59.927738+00:00 → current point 2023-01-15T19:53:59.927738+00:00 (3.0 h silence).
BKB-0069,AIS_GAP,MEDIUM,70,510099999,2023-01-15T22:53:59.927738+00:00,-10.85415,143.16175,DARK VESSEL,Fishing,AIS gap of 3.0 h,"The vessel disappeared from the AIS source feed for longer than the configured threshold. This may indicate intentional disabling, poor coverage, equipment failure, or small-vessel below-threshold operation.","Review track before/after gap; cross-check RF, SAR, patrol and VMS sources. Note whether the gap area coincides with known IUU activity.",Previous point 2023-01-15T19:53:59.927738+00:00 → current point 2023-01-15T22:53:59.927738+00:00 (3.0 h silence).
BKB-0071,AIS_GAP,MEDIUM,70,510099999,2023-01-17T04:53:59.927738+00:00,-10.85063,143.23333,DARK VESSEL,Fishing,AIS gap of 3.0 h,"The vessel disappeared from the AIS source feed for longer than the configured threshold. This may indicate intentional disabling, poor coverage, equipment failure, or small-vessel below-threshold operation.","Review track before/after gap; cross-check RF, SAR, patrol and VMS sources. Note whether the gap area coincides with known IUU activity.",Previous point 2023-01-17T01:53:59.927738+00:00 → current point 2023-01-17T04:53:59.927738+00:00 (3.0 h silence).
BKB-0072,AIS_GAP,MEDIUM,70,510099999,2023-01-17T07:53:59.927738+00:00,-10.89802,143.2001,DARK VESSEL,Fishing,AIS gap of 3.0 h,"The vessel disappeared from the AIS source feed for longer than the configured threshold. This may indicate intentional disabling, poor coverage, equipment failure, or small-vessel below-threshold operation.","Review track before/after gap; cross-check RF, SAR, patrol and VMS sources. Note whether the gap area coincides with known IUU activity.",Previous point 2023-01-17T04:53:59.927738+00:00 → current point 2023-01-17T07:53:59.927738+00:00 (3.0 h silence).
BKB-0073,AIS_GAP,MEDIUM,70,510099999,2023-01-17T10:53:59.927738+00:00,-10.87097,143.14599,DARK VESSEL,Fishing,AIS gap of 3.0 h,"The vessel disappeared from the AIS source feed for longer than the configured threshold. This may indicate intentional disabling, poor coverage, equipment failure, or small-vessel below-threshold operation.","Review track before/after gap; cross-check RF, SAR, patrol and VMS sources. Note whether the gap area coincides with known IUU activity.",Previous point 2023-01-17T07:53:59.927738+00:00 → current point 2023-01-17T10:53:59.927738+00:00 (3.0 h silence).
BKB-0074,AIS_GAP,MEDIUM,70,510099999,2023-01-17T13:53:59.927738+00:00,-10.9,143.19923,DARK VESSEL,Fishing,AIS gap of 3.0 h,"The vessel disappeared from the AIS source feed for longer than the configured threshold. This may indicate intentional disabling, poor coverage, equipment failure, or small-vessel below-threshold operation.","Review track before/after gap; cross-check RF, SAR, patrol and VMS sources. Note whether the gap area coincides with known IUU activity.",Previous point 2023-01-17T10:53:59.927738+00:00 → current point 2023-01-17T13:53:59.927738+00:00 (3.0 h silence).
BKB-0075,AIS_GAP,MEDIUM,70,510099999,2023-01-17T16:53:59.927738+00:00,-10.91688,143.25741,DARK VESSEL,Fishing,AIS gap of 3.0 h,"The vessel disappeared from the AIS source feed for longer than the configured threshold. This may indicate intentional disabling, poor coverage, equipment failure, or small-vessel below-threshold operation.","Review track before/after gap; cross-check RF, SAR, patrol and VMS sources. Note whether the gap area coincides with known IUU activity.",Previous point 2023-01-17T13:53:59.927738+00:00 → current point 2023-01-17T16:53:59.927738+00:00 (3.0 h silence).
BKB-0076,AIS_GAP,MEDIUM,70,510099999,2023-01-17T19:53:59.927738+00:00,-10.89949,143.20028,DARK VESSEL,Fishing,AIS gap of 3.0 h,"The vessel disappeared from the AIS source feed for longer than the configured threshold. This may indicate intentional disabling, poor coverage, equipment failure, or small-vessel below-threshold operation.","Review track before/after gap; cross-check RF, SAR, patrol and VMS sources. Note whether the gap area coincides with known IUU activity.",Previous point 2023-01-17T16:53:59.927738+00:00 → current point 2023-01-17T19:53:59.927738+00:00 (3.0 h silence).
BKB-0077,AIS_GAP,MEDIUM,70,510099999,2023-01-17T22:53:59.927738+00:00,-10.87365,143.14421,DARK VESSEL,Fishing,AIS gap of 3.0 h,"The vessel disappeared from the AIS source feed for longer than the configured threshold. This may indicate intentional disabling, poor coverage, equipment failure, or small-vessel below-threshold operation.","Review track before/after gap; cross-check RF, SAR, patrol and VMS sources. Note whether the gap area coincides with known IUU activity.",Previous point 2023-01-17T19:53:59.927738+00:00 → current point 2023-01-17T22:53:59.927738+00:00 (3.0 h silence).
BKB-0078,AIS_GAP,MEDIUM,70,510099999,2023-01-18T01:53:59.927738+00:00,-10.90012,143.20022,DARK VESSEL,Fishing,AIS gap of 3.0 h,"The vessel disappeared from the AIS source feed for longer than the configured threshold. This may indicate intentional disabling, poor coverage, equipment failure, or small-vessel below-threshold operation.","Review track before/after gap; cross-check RF, SAR, patrol and VMS sources. Note whether the gap area coincides with known IUU activity.",Previous point 2023-01-17T22:53:59.927738+00:00 → current point 2023-01-18T01:53:59.927738+00:00 (3.0 h silence).
BKB-0079,AIS_GAP,MEDIUM,70,510099999,2023-01-18T04:53:59.927738+00:00,-10.84094,143.21438,DARK VESSEL,Fishing,AIS gap of 3.0 h,"The vessel disappeared from the AIS source feed for longer than the configured threshold. This may indicate intentional disabling, poor coverage, equipment failure, or small-vessel below-threshold operation.","Review track before/after gap; cross-check RF, SAR, patrol and VMS sources. Note whether the gap area coincides with known IUU activity.",Previous point 2023-01-18T01:53:59.927738+00:00 → current point 2023-01-18T04:53:59.927738+00:00 (3.0 h silence).
BKB-0080,AIS_GAP,MEDIUM,70,510099999,2023-01-18T07:53:59.927738+00:00,-10.89979,143.19961,DARK VESSEL,Fishing,AIS gap of 3.0 h,"The vessel disappeared from the AIS source feed for longer than the configured threshold. This may indicate intentional disabling, poor coverage, equipment failure, or small-vessel below-threshold operation.","Review track before/after gap; cross-check RF, SAR, patrol and VMS sources. Note whether the gap area coincides with known IUU activity.",Previous point 2023-01-18T04:53:59.927738+00:00 → current point 2023-01-18T07:53:59.927738+00:00 (3.0 h silence).
BKB-0081,AIS_GAP,MEDIUM,70,510099999,2023-01-18T10:53:59.927738+00:00,-10.93944,143.24675,DARK VESSEL,Fishing,AIS gap of 3.0 h,"The vessel disappeared from the AIS source feed for longer than the configured threshold. This may indicate intentional disabling, poor coverage, equipment failure, or small-vessel below-threshold operation.","Review track before/after gap; cross-check RF, SAR, patrol and VMS sources. Note whether the gap area coincides with known IUU activity.",Previous point 2023-01-18T07:53:59.927738+00:00 → current point 2023-01-18T10:53:59.927738+00:00 (3.0 h silence).
BKB-0082,AIS_GAP,MEDIUM,70,510099999,2023-01-18T13:53:59.927738+00:00,-10.90095,143.20035,DARK VESSEL,Fishing,AIS gap of 3.0 h,"The vessel disappeared from the AIS source feed for longer than the configured threshold. This may indicate intentional disabling, poor coverage, equipment failure, or small-vessel below-threshold operation.","Review track before/after gap; cross-check RF, SAR, patrol and VMS sources. Note whether the gap area coincides with known IUU activity.",Previous point 2023-01-18T10:53:59.927738+00:00 → current point 2023-01-18T13:53:59.927738+00:00 (3.0 h silence).
BKB-0083,AIS_GAP,MEDIUM,70,510099999,2023-01-18T16:53:59.927738+00:00,-10.88772,143.1405,DARK VESSEL,Fishing,AIS gap of 3.0 h,"The vessel disappeared from the AIS source feed for longer than the configured threshold. This may indicate intentional disabling, poor coverage, equipment failure, or small-vessel below-threshold operation.","Review track before/after gap; cross-check RF, SAR, patrol and VMS sources. Note whether the gap area coincides with known IUU activity.",Previous point 2023-01-18T13:53:59.927738+00:00 → current point 2023-01-18T16:53:59.927738+00:00 (3.0 h silence).
BKB-0084,AIS_GAP,MEDIUM,70,510099999,2023-01-18T19:53:59.927738+00:00,-10.8994,143.1983,DARK VESSEL,Fishing,AIS gap of 3.0 h,"The vessel disappeared from the AIS source feed for longer than the configured threshold. This may indicate intentional disabling, poor coverage, equipment failure, or small-vessel below-threshold operation.","Review track before/after gap; cross-check RF, SAR, patrol and VMS sources. Note whether the gap area coincides with known IUU activity.",Previous point 2023-01-18T16:53:59.927738+00:00 → current point 2023-01-18T19:53:59.927738+00:00 (3.0 h silence).
BKB-0085,AIS_GAP,MEDIUM,70,510099999,2023-01-18T22:53:59.927738+00:00,-10.91853,143.25817,DARK VESSEL,Fishing,AIS gap of 3.0 h,"The vessel disappeared from the AIS source feed for longer than the configured threshold. This may indicate intentional disabling, poor coverage, equipment failure, or small-vessel below-threshold operation.","Review track before/after gap; cross-check RF, SAR, patrol and VMS sources. Note whether the gap area coincides with known IUU activity.",Previous point 2023-01-18T19:53:59.927738+00:00 → current point 2023-01-18T22:53:59.927738+00:00 (3.0 h silence).
BKB-0086,AIS_GAP,MEDIUM,70,510099999,2023-01-19T01:53:59.927738+00:00,-10.90093,143.19716,DARK VESSEL,Fishing,AIS gap of 3.0 h,"The vessel disappeared from the AIS source feed for longer than the configured threshold. This may indicate intentional disabling, poor coverage, equipment failure, or small-vessel below-threshold operation.","Review track before/after gap; cross-check RF, SAR, patrol and VMS sources. Note whether the gap area coincides with known IUU activity.",Previous point 2023-01-18T22:53:59.927738+00:00 → current point 2023-01-19T01:53:59.927738+00:00 (3.0 h silence).
BKB-0087,AIS_GAP,MEDIUM,70,510099999,2023-01-19T04:53:59.927738+00:00,-10.93033,143.14491,DARK VESSEL,Fishing,AIS gap of 3.0 h,"The vessel disappeared from the AIS source feed for longer than the configured threshold. This may indicate intentional disabling, poor coverage, equipment failure, or small-vessel below-threshold operation.","Review track before/after gap; cross-check RF, SAR, patrol and VMS sources. Note whether the gap area coincides with known IUU activity.",Previous point 2023-01-19T01:53:59.927738+00:00 → current point 2023-01-19T04:53:59.927738+00:00 (3.0 h silence).
BKB-0088,AIS_GAP,MEDIUM,70,510099999,2023-01-19T07:53:59.927738+00:00,-10.90202,143.19694,DARK VESSEL,Fishing,AIS gap of 3.0 h,"The vessel disappeared from the AIS source feed for longer than the configured threshold. This may indicate intentional disabling, poor coverage, equipment failure, or small-vessel below-threshold operation.","Review track before/after gap; cross-check RF, SAR, patrol and VMS sources. Note whether the gap area coincides with known IUU activity.",Previous point 2023-01-19T04:53:59.927738+00:00 → current point 2023-01-19T07:53:59.927738+00:00 (3.0 h silence).
BKB-0089,AIS_GAP,MEDIUM,70,510099999,2023-01-19T10:53:59.927738+00:00,-10.91754,143.25847,DARK VESSEL,Fishing,AIS gap of 3.0 h,"The vessel disappeared from the AIS source feed for longer than the configured threshold. This may indicate intentional disabling, poor coverage, equipment failure, or small-vessel below-threshold operation.","Review track before/after gap; cross-check RF, SAR, patrol and VMS sources. Note whether the gap area coincides with known IUU activity.",Previous point 2023-01-19T07:53:59.927738+00:00 → current point 2023-01-19T10:53:59.927738+00:00 (3.0 h silence).
BKB-0090,AIS_GAP,MEDIUM,70,510099999,2023-01-19T13:53:59.927738+00:00,-10.89924,143.20083,DARK VESSEL,Fishing,AIS gap of 3.0 h,"The vessel disappeared from the AIS source feed for longer than the configured threshold. This may indicate intentional disabling, poor coverage, equipment failure, or small-vessel below-threshold operation.","Review track before/after gap; cross-check RF, SAR, patrol and VMS sources. Note whether the gap area coincides with known IUU activity.",Previous point 2023-01-19T10:53:59.927738+00:00 → current point 2023-01-19T13:53:59.927738+00:00 (3.0 h silence).
BKB-0091,AIS_GAP,MEDIUM,70,510099999,2023-01-19T16:53:59.927738+00:00,-10.9454,143.15895,DARK VESSEL,Fishing,AIS gap of 3.0 h,"The vessel disappeared from the AIS source feed for longer than the configured threshold. This may indicate intentional disabling, poor coverage, equipment failure, or small-vessel below-threshold operation.","Review track before/after gap; cross-check RF, SAR, patrol and VMS sources. Note whether the gap area coincides with known IUU activity.",Previous point 2023-01-19T13:53:59.927738+00:00 → current point 2023-01-19T16:53:59.927738+00:00 (3.0 h silence).
BKB-0092,AIS_GAP,MEDIUM,70,510099999,2023-01-19T19:53:59.927738+00:00,-10.89979,143.2007,DARK VESSEL,Fishing,AIS gap of 3.0 h,"The vessel disappeared from the AIS source feed for longer than the configured threshold. This may indicate intentional disabling, poor coverage, equipment failure, or small-vessel below-threshold operation.","Review track before/after gap; cross-check RF, SAR, patrol and VMS sources. Note whether the gap area coincides with known IUU activity.",Previous point 2023-01-19T16:53:59.927738+00:00 → current point 2023-01-19T19:53:59.927738+00:00 (3.0 h silence).
BKB-0093,AIS_GAP,MEDIUM,70,510099999,2023-01-19T22:53:59.927738+00:00,-10.89199,143.2606,DARK VESSEL,Fishing,AIS gap of 3.0 h,"The vessel disappeared from the AIS source feed for longer than the configured threshold. This may indicate intentional disabling, poor coverage, equipment failure, or small-vessel below-threshold operation.","Review track before/after gap; cross-check RF, SAR, patrol and VMS sources. Note whether the gap area coincides with known IUU activity.",Previous point 2023-01-19T19:53:59.927738+00:00 → current point 2023-01-19T22:53:59.927738+00:00 (3.0 h silence).
BKB-0094,AIS_GAP,MEDIUM,70,510099999,2023-01-20T01:53:59.927738+00:00,-10.9015,143.19903,DARK VESSEL,Fishing,AIS gap of 3.0 h,"The vessel disappeared from the AIS source feed for longer than the configured threshold. This may indicate intentional disabling, poor coverage, equipment failure, or small-vessel below-threshold operation.","Review track before/after gap; cross-check RF, SAR, patrol and VMS sources. Note whether the gap area coincides with known IUU activity.",Previous point 2023-01-19T22:53:59.927738+00:00 → current point 2023-01-20T01:53:59.927738+00:00 (3.0 h silence).
BKB-0095,AIS_GAP,MEDIUM,70,510099999,2023-01-20T04:53:59.927738+00:00,-10.85956,143.15599,DARK VESSEL,Fishing,AIS gap of 3.0 h,"The vessel disappeared from the AIS source feed for longer than the configured threshold. This may indicate intentional disabling, poor coverage, equipment failure, or small-vessel below-threshold operation.","Review track before/after gap; cross-check RF, SAR, patrol and VMS sources. Note whether the gap area coincides with known IUU activity.",Previous point 2023-01-20T01:53:59.927738+00:00 → current point 2023-01-20T04:53:59.927738+00:00 (3.0 h silence).
BKB-0096,AIS_GAP,MEDIUM,70,510099999,2023-01-20T07:53:59.927738+00:00,-10.90018,143.20108,DARK VESSEL,Fishing,AIS gap of 3.0 h,"The vessel disappeared from the AIS source feed for longer than the configured threshold. This may indicate intentional disabling, poor coverage, equipment failure, or small-vessel below-threshold operation.","Review track before/after gap; cross-check RF, SAR, patrol and VMS sources. Note whether the gap area coincides with known IUU activity.",Previous point 2023-01-20T04:53:59.927738+00:00 → current point 2023-01-20T07:53:59.927738+00:00 (3.0 h silence).
BKB-0097,AIS_GAP,MEDIUM,70,510099999,2023-01-20T10:53:59.927738+00:00,-10.95341,143.22766,DARK VESSEL,Fishing,AIS gap of 3.0 h,"The vessel disappeared from the AIS source feed for longer than the configured threshold. This may indicate intentional disabling, poor coverage, equipment failure, or small-vessel below-threshold operation.","Review track before/after gap; cross-check RF, SAR, patrol and VMS sources. Note whether the gap area coincides with known IUU activity.",Previous point 2023-01-20T07:53:59.927738+00:00 → current point 2023-01-20T10:53:59.927738+00:00 (3.0 h silence).
BKB-0098,AIS_GAP,MEDIUM,70,510099999,2023-01-20T13:53:59.927738+00:00,-10.89926,143.19874,DARK VESSEL,Fishing,AIS gap of 3.0 h,"The vessel disappeared from the AIS source feed for longer than the configured threshold. This may indicate intentional disabling, poor coverage, equipment failure, or small-vessel below-threshold operation.","Review track before/after gap; cross-check RF, SAR, patrol and VMS sources. Note whether the gap area coincides with known IUU activity.",Previous point 2023-01-20T10:53:59.927738+00:00 → current point 2023-01-20T13:53:59.927738+00:00 (3.0 h silence).
BKB-0099,AIS_GAP,MEDIUM,70,510099999,2023-01-20T16:53:59.927738+00:00,-10.84309,143.18112,DARK VESSEL,Fishing,AIS gap of 3.0 h,"The vessel disappeared from the AIS source feed for longer than the configured threshold. This may indicate intentional disabling, poor coverage, equipment failure, or small-vessel below-threshold operation.","Review track before/after gap; cross-check RF, SAR, patrol and VMS sources. Note whether the gap area coincides with known IUU activity.",Previous point 2023-01-20T13:53:59.927738+00:00 → current point 2023-01-20T16:53:59.927738+00:00 (3.0 h silence).
BKB-0100,AIS_GAP,MEDIUM,70,510099999,2023-01-20T19:53:59.927738+00:00,-10.8986,143.20105,DARK VESSEL,Fishing,AIS gap of 3.0 h,"The vessel disappeared from the AIS source feed for longer than the configured threshold. This may indicate intentional disabling, poor coverage, equipment failure, or small-vessel below-threshold operation.","Review track before/after gap; cross-check RF, SAR, patrol and VMS sources. Note whether the gap area coincides with known IUU activity.",Previous point 2023-01-20T16:53:59.927738+00:00 → current point 2023-01-20T19:53:59.927738+00:00 (3.0 h silence).
BKB-0101,AIS_GAP,MEDIUM,70,510099999,2023-01-20T22:53:59.927738+00:00,-10.9346,143.25097,DARK VESSEL,Fishing,AIS gap of 3.0 h,"The vessel disappeared from the AIS source feed for longer than the configured threshold. This may indicate intentional disabling, poor coverage, equipment failure, or small-vessel below-threshold operation.","Review track before/after gap; cross-check RF, SAR, patrol and VMS sources. Note whether the gap area coincides with known IUU activity.",Previous point 2023-01-20T19:53:59.927738+00:00 → current point 2023-01-20T22:53:59.927738+00:00 (3.0 h silence).
BKB-0102,AIS_GAP,MEDIUM,70,510099999,2023-01-21T01:53:59.927738+00:00,-10.90055,143.19953,DARK VESSEL,Fishing,AIS gap of 3.0 h,"The vessel disappeared from the AIS source feed for longer than the configured threshold. This may indicate intentional disabling, poor coverage, equipment failure, or small-vessel below-threshold operation.","Review track before/after gap; cross-check RF, SAR, patrol and VMS sources. Note whether the gap area coincides with known IUU activity.",Previous point 2023-01-20T22:53:59.927738+00:00 → current point 2023-01-21T01:53:59.927738+00:00 (3.0 h silence).
BKB-0103,AIS_GAP,MEDIUM,70,510099999,2023-01-21T04:53:59.927738+00:00,-10.84893,143.17131,DARK VESSEL,Fishing,AIS gap of 3.0 h,"The vessel disappeared from the AIS source feed for longer than the configured threshold. This may indicate intentional disabling, poor coverage, equipment failure, or small-vessel below-threshold operation.","Review track before/after gap; cross-check RF, SAR, patrol and VMS sources. Note whether the gap area coincides with known IUU activity.",Previous point 2023-01-21T01:53:59.927738+00:00 → current point 2023-01-21T04:53:59.927738+00:00 (3.0 h silence).
BKB-0104,AIS_GAP,MEDIUM,70,510099999,2023-01-21T07:53:59.927738+00:00,-10.89928,143.20089,DARK VESSEL,Fishing,AIS gap of 3.0 h,"The vessel disappeared from the AIS source feed for longer than the configured threshold. This may indicate intentional disabling, poor coverage, equipment failure, or small-vessel below-threshold operation.","Review track before/after gap; cross-check RF, SAR, patrol and VMS sources. Note whether the gap area coincides with known IUU activity.",Previous point 2023-01-21T04:53:59.927738+00:00 → current point 2023-01-21T07:53:59.927738+00:00 (3.0 h silence).
BKB-0105,AIS_GAP,MEDIUM,70,510099999,2023-01-21T10:53:59.927738+00:00,-10.95678,143.22163,DARK VESSEL,Fishing,AIS gap of 3.0 h,"The vessel disappeared from the AIS source feed for longer than the configured threshold. This may indicate intentional disabling, poor coverage, equipment failure, or small-vessel below-threshold operation.","Review track before/after gap; cross-check RF, SAR, patrol and VMS sources. Note whether the gap area coincides with known IUU activity.",Previous point 2023-01-21T07:53:59.927738+00:00 → current point 2023-01-21T10:53:59.927738+00:00 (3.0 h silence).
BKB-0106,AIS_GAP,MEDIUM,70,510099999,2023-01-21T13:53:59.927738+00:00,-10.89985,143.19981,DARK VESSEL,Fishing,AIS gap of 3.0 h,"The vessel disappeared from the AIS source feed for longer than the configured threshold. This may indicate intentional disabling, poor coverage, equipment failure, or small-vessel below-threshold operation.","Review track before/after gap; cross-check RF, SAR, patrol and VMS sources. Note whether the gap area coincides with known IUU activity.",Previous point 2023-01-21T10:53:59.927738+00:00 → current point 2023-01-21T13:53:59.927738+00:00 (3.0 h silence).
BKB-0107,AIS_GAP,MEDIUM,70,510099999,2023-01-21T16:53:59.927738+00:00,-10.84603,143.22752,DARK VESSEL,Fishing,AIS gap of 3.0 h,"The vessel disappeared from the AIS source feed for longer than the configured threshold. This may indicate intentional disabling, poor coverage, equipment failure, or small-vessel below-threshold operation.","Review track before/after gap; cross-check RF, SAR, patrol and VMS sources. Note whether the gap area coincides with known IUU activity.",Previous point 2023-01-21T13:53:59.927738+00:00 → current point 2023-01-21T16:53:59.927738+00:00 (3.0 h silence).
BKB-0108,AIS_GAP,MEDIUM,70,510099999,2023-01-21T19:53:59.927738+00:00,-10.89966,143.19902,DARK VESSEL,Fishing,AIS gap of 3.0 h,"The vessel disappeared from the AIS source feed for longer than the configured threshold. This may indicate intentional disabling, poor coverage, equipment failure, or small-vessel below-threshold operation.","Review track before/after gap; cross-check RF, SAR, patrol and VMS sources. Note whether the gap area coincides with known IUU activity.",Previous point 2023-01-21T16:53:59.927738+00:00 → current point 2023-01-21T19:53:59.927738+00:00 (3.0 h silence).
BKB-0109,AIS_GAP,MEDIUM,70,510099999,2023-01-21T22:53:59.927738+00:00,-10.92209,143.25506,DARK VESSEL,Fishing,AIS gap of 3.0 h,"The vessel disappeared from the AIS source feed for longer than the configured threshold. This may indicate intentional disabling, poor coverage, equipment failure, or small-vessel below-threshold operation.","Review track before/after gap; cross-check RF, SAR, patrol and VMS sources. Note whether the gap area coincides with known IUU activity.",Previous point 2023-01-21T19:53:59.927738+00:00 → current point 2023-01-21T22:53:59.927738+00:00 (3.0 h silence).
BKB-0110,AIS_GAP,MEDIUM,70,510099999,2023-01-22T01:53:59.927738+00:00,-10.90172,143.19941,DARK VESSEL,Fishing,AIS gap of 3.0 h,"The vessel disappeared from the AIS source feed for longer than the configured threshold. This may indicate intentional disabling, poor coverage, equipment failure, or small-vessel below-threshold operation.","Review track before/after gap; cross-check RF, SAR, patrol and VMS sources. Note whether the gap area coincides with known IUU activity.",Previous point 2023-01-21T22:53:59.927738+00:00 → current point 2023-01-22T01:53:59.927738+00:00 (3.0 h silence).
BKB-0111,AIS_GAP,MEDIUM,70,510099999,2023-01-22T04:53:59.927738+00:00,-10.86046,143.15479,DARK VESSEL,Fishing,AIS gap of 3.0 h,"The vessel disappeared from the AIS source feed for longer than the configured threshold. This may indicate intentional disabling, poor coverage, equipment failure, or small-vessel below-threshold operation.","Review track before/after gap; cross-check RF, SAR, patrol and VMS sources. Note whether the gap area coincides with known IUU activity.",Previous point 2023-01-22T01:53:59.927738+00:00 → current point 2023-01-22T04:53:59.927738+00:00 (3.0 h silence).
BKB-0112,AIS_GAP,MEDIUM,70,510099999,2023-01-22T07:53:59.927738+00:00,-10.89955,143.20189,DARK VESSEL,Fishing,AIS gap of 3.0 h,"The vessel disappeared from the AIS source feed for longer than the configured threshold. This may indicate intentional disabling, poor coverage, equipment failure, or small-vessel below-threshold operation.","Review track before/after gap; cross-check RF, SAR, patrol and VMS sources. Note whether the gap area coincides with known IUU activity.",Previous point 2023-01-22T04:53:59.927738+00:00 → current point 2023-01-22T07:53:59.927738+00:00 (3.0 h silence).
BKB-0113,AIS_GAP,MEDIUM,70,510099999,2023-01-22T10:53:59.927738+00:00,-10.94463,143.23872,DARK VESSEL,Fishing,AIS gap of 3.0 h,"The vessel disappeared from the AIS source feed for longer than the configured threshold. This may indicate intentional disabling, poor coverage, equipment failure, or small-vessel below-threshold operation.","Review track before/after gap; cross-check RF, SAR, patrol and VMS sources. Note whether the gap area coincides with known IUU activity.",Previous point 2023-01-22T07:53:59.927738+00:00 → current point 2023-01-22T10:53:59.927738+00:00 (3.0 h silence).
BKB-0114,AIS_GAP,MEDIUM,70,510099999,2023-01-22T13:53:59.927738+00:00,-10.90061,143.20064,DARK VESSEL,Fishing,AIS gap of 3.0 h,"The vessel disappeared from the AIS source feed for longer than the configured threshold. This may indicate intentional disabling, poor coverage, equipment failure, or small-vessel below-threshold operation.","Review track before/after gap; cross-check RF, SAR, patrol and VMS sources. Note whether the gap area coincides with known IUU activity.",Previous point 2023-01-22T10:53:59.927738+00:00 → current point 2023-01-22T13:53:59.927738+00:00 (3.0 h silence).
BKB-0115,AIS_GAP,MEDIUM,70,510099999,2023-01-22T16:53:59.927738+00:00,-10.84898,143.16876,DARK VESSEL,Fishing,AIS gap of 3.0 h,"The vessel disappeared from the AIS source feed for longer than the configured threshold. This may indicate intentional disabling, poor coverage, equipment failure, or small-vessel below-threshold operation.","Review track before/after gap; cross-check RF, SAR, patrol and VMS sources. Note whether the gap area coincides with known IUU activity.",Previous point 2023-01-22T13:53:59.927738+00:00 → current point 2023-01-22T16:53:59.927738+00:00 (3.0 h silence).
BKB-0116,AIS_GAP,MEDIUM,70,510099999,2023-01-22T19:53:59.927738+00:00,-10.9009,143.1997,DARK VESSEL,Fishing,AIS gap of 3.0 h,"The vessel disappeared from the AIS source feed for longer than the configured threshold. This may indicate intentional disabling, poor coverage, equipment failure, or small-vessel below-threshold operation.","Review track before/after gap; cross-check RF, SAR, patrol and VMS sources. Note whether the gap area coincides with known IUU activity.",Previous point 2023-01-22T16:53:59.927738+00:00 → current point 2023-01-22T19:53:59.927738+00:00 (3.0 h silence).
BKB-0117,AIS_GAP,MEDIUM,70,510099999,2023-01-22T22:53:59.927738+00:00,-10.95682,143.22278,DARK VESSEL,Fishing,AIS gap of 3.0 h,"The vessel disappeared from the AIS source feed for longer than the configured threshold. This may indicate intentional disabling, poor coverage, equipment failure, or small-vessel below-threshold operation.","Review track before/after gap; cross-check RF, SAR, patrol and VMS sources. Note whether the gap area coincides with known IUU activity.",Previous point 2023-01-22T19:53:59.927738+00:00 → current point 2023-01-22T22:53:59.927738+00:00 (3.0 h silence).
BKB-0118,AIS_GAP,MEDIUM,70,510099999,2023-01-23T01:53:59.927738+00:00,-10.90023,143.19917,DARK VESSEL,Fishing,AIS gap of 3.0 h,"The vessel disappeared from the AIS source feed for longer than the configured threshold. This may indicate intentional disabling, poor coverage, equipment failure, or small-vessel below-threshold operation.","Review track before/after gap; cross-check RF, SAR, patrol and VMS sources. Note whether the gap area coincides with known IUU activity.",Previous point 2023-01-22T22:53:59.927738+00:00 → current point 2023-01-23T01:53:59.927738+00:00 (3.0 h silence).
BKB-0119,AIS_GAP,MEDIUM,70,510099999,2023-01-23T04:53:59.927738+00:00,-10.87285,143.14615,DARK VESSEL,Fishing,AIS gap of 3.0 h,"The vessel disappeared from the AIS source feed for longer than the configured threshold. This may indicate intentional disabling, poor coverage, equipment failure, or small-vessel below-threshold operation.","Review track before/after gap; cross-check RF, SAR, patrol and VMS sources. Note whether the gap area coincides with known IUU activity.",Previous point 2023-01-23T01:53:59.927738+00:00 → current point 2023-01-23T04:53:59.927738+00:00 (3.0 h silence).
BKB-0120,AIS_GAP,MEDIUM,70,510099999,2023-01-23T07:53:59.927738+00:00,-10.89985,143.19959,DARK VESSEL,Fishing,AIS gap of 3.0 h,"The vessel disappeared from the AIS source feed for longer than the configured threshold. This may indicate intentional disabling, poor coverage, equipment failure, or small-vessel below-threshold operation.","Review track before/after gap; cross-check RF, SAR, patrol and VMS sources. Note whether the gap area coincides with known IUU activity.",Previous point 2023-01-23T04:53:59.927738+00:00 → current point 2023-01-23T07:53:59.927738+00:00 (3.0 h silence).
BKB-0121,AIS_GAP,MEDIUM,70,510099999,2023-01-23T10:53:59.927738+00:00,-10.95885,143.18551,DARK VESSEL,Fishing,AIS gap of 3.0 h,"The vessel disappeared from the AIS source feed for longer than the configured threshold. This may indicate intentional disabling, poor coverage, equipment failure, or small-vessel below-threshold operation.","Review track before/after gap; cross-check RF, SAR, patrol and VMS sources. Note whether the gap area coincides with known IUU activity.",Previous point 2023-01-23T07:53:59.927738+00:00 → current point 2023-01-23T10:53:59.927738+00:00 (3.0 h silence).
BKB-0122,AIS_GAP,MEDIUM,70,510099999,2023-01-23T13:53:59.927738+00:00,-10.89986,143.20024,DARK VESSEL,Fishing,AIS gap of 3.0 h,"The vessel disappeared from the AIS source feed for longer than the configured threshold. This may indicate intentional disabling, poor coverage, equipment failure, or small-vessel below-threshold operation.","Review track before/after gap; cross-check RF, SAR, patrol and VMS sources. Note whether the gap area coincides with known IUU activity.",Previous point 2023-01-23T10:53:59.927738+00:00 → current point 2023-01-23T13:53:59.927738+00:00 (3.0 h silence).
BKB-0123,AIS_GAP,MEDIUM,70,510099999,2023-01-23T16:53:59.927738+00:00,-10.86571,143.25131,DARK VESSEL,Fishing,AIS gap of 3.0 h,"The vessel disappeared from the AIS source feed for longer than the configured threshold. This may indicate intentional disabling, poor coverage, equipment failure, or small-vessel below-threshold operation.","Review track before/after gap; cross-check RF, SAR, patrol and VMS sources. Note whether the gap area coincides with known IUU activity.",Previous point 2023-01-23T13:53:59.927738+00:00 → current point 2023-01-23T16:53:59.927738+00:00 (3.0 h silence).
BKB-0124,AIS_GAP,MEDIUM,70,510099999,2023-01-23T19:53:59.927738+00:00,-10.89808,143.19919,DARK VESSEL,Fishing,AIS gap of 3.0 h,"The vessel disappeared from the AIS source feed for longer than the configured threshold. This may indicate intentional disabling, poor coverage, equipment failure, or small-vessel below-threshold operation.","Review track before/after gap; cross-check RF, SAR, patrol and VMS sources. Note whether the gap area coincides with known IUU activity.",Previous point 2023-01-23T16:53:59.927738+00:00 → current point 2023-01-23T19:53:59.927738+00:00 (3.0 h silence).
BKB-0125,AIS_GAP,MEDIUM,70,510099999,2023-01-23T22:53:59.927738+00:00,-10.9381,143.15257,DARK VESSEL,Fishing,AIS gap of 3.0 h,"The vessel disappeared from the AIS source feed for longer than the configured threshold. This may indicate intentional disabling, poor coverage, equipment failure, or small-vessel below-threshold operation.","Review track before/after gap; cross-check RF, SAR, patrol and VMS sources. Note whether the gap area coincides with known IUU activity.",Previous point 2023-01-23T19:53:59.927738+00:00 → current point 2023-01-23T22:53:59.927738+00:00 (3.0 h silence).
BKB-0126,AIS_GAP,MEDIUM,70,510099999,2023-01-24T01:53:59.927738+00:00,-10.89932,143.19999,DARK VESSEL,Fishing,AIS gap of 3.0 h,"The vessel disappeared from the AIS source feed for longer than the configured threshold. This may indicate intentional disabling, poor coverage, equipment failure, or small-vessel below-threshold operation.","Review track before/after gap; cross-check RF, SAR, patrol and VMS sources. Note whether the gap area coincides with known IUU activity.",Previous point 2023-01-23T22:53:59.927738+00:00 → current point 2023-01-24T01:53:59.927738+00:00 (3.0 h silence).
BKB-0127,AIS_GAP,MEDIUM,70,510099999,2023-01-24T04:53:59.927738+00:00,-10.89994,143.2605,DARK VESSEL,Fishing,AIS gap of 3.0 h,"The vessel disappeared from the AIS source feed for longer than the configured threshold. This may indicate intentional disabling, poor coverage, equipment failure, or small-vessel below-threshold operation.","Review track before/after gap; cross-check RF, SAR, patrol and VMS sources. Note whether the gap area coincides with known IUU activity.",Previous point 2023-01-24T01:53:59.927738+00:00 → current point 2023-01-24T04:53:59.927738+00:00 (3.0 h silence).
BKB-0128,AIS_GAP,MEDIUM,70,510099999,2023-01-24T07:53:59.927738+00:00,-10.89988,143.20133,DARK VESSEL,Fishing,AIS gap of 3.0 h,"The vessel disappeared from the AIS source feed for longer than the configured threshold. This may indicate intentional disabling, poor coverage, equipment failure, or small-vessel below-threshold operation.","Review track before/after gap; cross-check RF, SAR, patrol and VMS sources. Note whether the gap area coincides with known IUU activity.",Previous point 2023-01-24T04:53:59.927738+00:00 → current point 2023-01-24T07:53:59.927738+00:00 (3.0 h silence).
BKB-0129,AIS_GAP,MEDIUM,70,510099999,2023-01-24T10:53:59.927738+00:00,-10.85438,143.15845,DARK VESSEL,Fishing,AIS gap of 3.0 h,"The vessel disappeared from the AIS source feed for longer than the configured threshold. This may indicate intentional disabling, poor coverage, equipment failure, or small-vessel below-threshold operation.","Review track before/after gap; cross-check RF, SAR, patrol and VMS sources. Note whether the gap area coincides with known IUU activity.",Previous point 2023-01-24T07:53:59.927738+00:00 → current point 2023-01-24T10:53:59.927738+00:00 (3.0 h silence).
BKB-0130,AIS_GAP,MEDIUM,70,510099999,2023-01-24T13:53:59.927738+00:00,-10.90015,143.20181,DARK VESSEL,Fishing,AIS gap of 3.0 h,"The vessel disappeared from the AIS source feed for longer than the configured threshold. This may indicate intentional disabling, poor coverage, equipment failure, or small-vessel below-threshold operation.","Review track before/after gap; cross-check RF, SAR, patrol and VMS sources. Note whether the gap area coincides with known IUU activity.",Previous point 2023-01-24T10:53:59.927738+00:00 → current point 2023-01-24T13:53:59.927738+00:00 (3.0 h silence).
BKB-0131,AIS_GAP,MEDIUM,70,510099999,2023-01-24T16:53:59.927738+00:00,-10.90768,143.26172,DARK VESSEL,Fishing,AIS gap of 3.0 h,"The vessel disappeared from the AIS source feed for longer than the configured threshold. This may indicate intentional disabling, poor coverage, equipment failure, or small-vessel below-threshold operation.","Review track before/after gap; cross-check RF, SAR, patrol and VMS sources. Note whether the gap area coincides with known IUU activity.",Previous point 2023-01-24T13:53:59.927738+00:00 → current point 2023-01-24T16:53:59.927738+00:00 (3.0 h silence).
BKB-0132,AIS_GAP,MEDIUM,70,510099999,2023-01-24T19:53:59.927738+00:00,-10.90025,143.20105,DARK VESSEL,Fishing,AIS gap of 3.0 h,"The vessel disappeared from the AIS source feed for longer than the configured threshold. This may indicate intentional disabling, poor coverage, equipment failure, or small-vessel below-threshold operation.","Review track before/after gap; cross-check RF, SAR, patrol and VMS sources. Note whether the gap area coincides with known IUU activity.",Previous point 2023-01-24T16:53:59.927738+00:00 → current point 2023-01-24T19:53:59.927738+00:00 (3.0 h silence).
BKB-0133,AIS_GAP,MEDIUM,70,510099999,2023-01-24T22:53:59.927738+00:00,-10.91367,143.14078,DARK VESSEL,Fishing,AIS gap of 3.0 h,"The vessel disappeared from the AIS source feed for longer than the configured threshold. This may indicate intentional disabling, poor coverage, equipment failure, or small-vessel below-threshold operation.","Review track before/after gap; cross-check RF, SAR, patrol and VMS sources. Note whether the gap area coincides with known IUU activity.",Previous point 2023-01-24T19:53:59.927738+00:00 → current point 2023-01-24T22:53:59.927738+00:00 (3.0 h silence).
BKB-0134,AIS_GAP,MEDIUM,70,510099999,2023-01-25T01:53:59.927738+00:00,-10.90068,143.19979,DARK VESSEL,Fishing,AIS gap of 3.0 h,"The vessel disappeared from the AIS source feed for longer than the configured threshold. This may indicate intentional disabling, poor coverage, equipment failure, or small-vessel below-threshold operation.","Review track before/after gap; cross-check RF, SAR, patrol and VMS sources. Note whether the gap area coincides with known IUU activity.",Previous point 2023-01-24T22:53:59.927738+00:00 → current point 2023-01-25T01:53:59.927738+00:00 (3.0 h silence).
BKB-0135,AIS_GAP,MEDIUM,70,510099999,2023-01-25T04:53:59.927738+00:00,-10.8939,143.26206,DARK VESSEL,Fishing,AIS gap of 3.0 h,"The vessel disappeared from the AIS source feed for longer than the configured threshold. This may indicate intentional disabling, poor coverage, equipment failure, or small-vessel below-threshold operation.","Review track before/after gap; cross-check RF, SAR, patrol and VMS sources. Note whether the gap area coincides with known IUU activity.",Previous point 2023-01-25T01:53:59.927738+00:00 → current point 2023-01-25T04:53:59.927738+00:00 (3.0 h silence).
BKB-0136,AIS_GAP,MEDIUM,70,510099999,2023-01-25T07:53:59.927738+00:00,-10.89841,143.20005,DARK VESSEL,Fishing,AIS gap of 3.0 h,"The vessel disappeared from the AIS source feed for longer than the configured threshold. This may indicate intentional disabling, poor coverage, equipment failure, or small-vessel below-threshold operation.","Review track before/after gap; cross-check RF, SAR, patrol and VMS sources. Note whether the gap area coincides with known IUU activity.",Previous point 2023-01-25T04:53:59.927738+00:00 → current point 2023-01-25T07:53:59.927738+00:00 (3.0 h silence).
BKB-0137,AIS_GAP,MEDIUM,70,510099999,2023-01-25T10:53:59.927738+00:00,-10.88105,143.14495,DARK VESSEL,Fishing,AIS gap of 3.0 h,"The vessel disappeared from the AIS source feed for longer than the configured threshold. This may indicate intentional disabling, poor coverage, equipment failure, or small-vessel below-threshold operation.","Review track before/after gap; cross-check RF, SAR, patrol and VMS sources. Note whether the gap area coincides with known IUU activity.",Previous point 2023-01-25T07:53:59.927738+00:00 → current point 2023-01-25T10:53:59.927738+00:00 (3.0 h silence).
BKB-0138,AIS_GAP,MEDIUM,70,510099999,2023-01-25T13:53:59.927738+00:00,-10.89837,143.20158,DARK VESSEL,Fishing,AIS gap of 3.0 h,"The vessel disappeared from the AIS source feed for longer than the configured threshold. This may indicate intentional disabling, poor coverage, equipment failure, or small-vessel below-threshold operation.","Review track before/after gap; cross-check RF, SAR, patrol and VMS sources. Note whether the gap area coincides with known IUU activity.",Previous point 2023-01-25T10:53:59.927738+00:00 → current point 2023-01-25T13:53:59.927738+00:00 (3.0 h silence).
BKB-0139,AIS_GAP,MEDIUM,70,510099999,2023-01-25T16:53:59.927738+00:00,-10.95376,143.17227,DARK VESSEL,Fishing,AIS gap of 3.0 h,"The vessel disappeared from the AIS source feed for longer than the configured threshold. This may indicate intentional disabling, poor coverage, equipment failure, or small-vessel below-threshold operation.","Review track before/after gap; cross-check RF, SAR, patrol and VMS sources. Note whether the gap area coincides with known IUU activity.",Previous point 2023-01-25T13:53:59.927738+00:00 → current point 2023-01-25T16:53:59.927738+00:00 (3.0 h silence).
BKB-0140,AIS_GAP,MEDIUM,70,510099999,2023-01-25T19:53:59.927738+00:00,-10.89855,143.19811,DARK VESSEL,Fishing,AIS gap of 3.0 h,"The vessel disappeared from the AIS source feed for longer than the configured threshold. This may indicate intentional disabling, poor coverage, equipment failure, or small-vessel below-threshold operation.","Review track before/after gap; cross-check RF, SAR, patrol and VMS sources. Note whether the gap area coincides with known IUU activity.",Previous point 2023-01-25T16:53:59.927738+00:00 → current point 2023-01-25T19:53:59.927738+00:00 (3.0 h silence).
BKB-0141,AIS_GAP,MEDIUM,70,510099999,2023-01-25T22:53:59.927738+00:00,-10.85622,143.15767,DARK VESSEL,Fishing,AIS gap of 3.0 h,"The vessel disappeared from the AIS source feed for longer than the configured threshold. This may indicate intentional disabling, poor coverage, equipment failure, or small-vessel below-threshold operation.","Review track before/after gap; cross-check RF, SAR, patrol and VMS sources. Note whether the gap area coincides with known IUU activity.",Previous point 2023-01-25T19:53:59.927738+00:00 → current point 2023-01-25T22:53:59.927738+00:00 (3.0 h silence).
BKB-0142,AIS_GAP,MEDIUM,70,510099999,2023-01-26T01:53:59.927738+00:00,-10.90006,143.19902,DARK VESSEL,Fishing,AIS gap of 3.0 h,"The vessel disappeared from the AIS source feed for longer than the configured threshold. This may indicate intentional disabling, poor coverage, equipment failure, or small-vessel below-threshold operation.","Review track before/after gap; cross-check RF, SAR, patrol and VMS sources. Note whether the gap area coincides with known IUU activity.",Previous point 2023-01-25T22:53:59.927738+00:00 → current point 2023-01-26T01:53:59.927738+00:00 (3.0 h silence).
BKB-0143,AIS_GAP,MEDIUM,70,510099999,2023-01-26T04:53:59.927738+00:00,-10.91236,143.26011,DARK VESSEL,Fishing,AIS gap of 3.0 h,"The vessel disappeared from the AIS source feed for longer than the configured threshold. This may indicate intentional disabling, poor coverage, equipment failure, or small-vessel below-threshold operation.","Review track before/after gap; cross-check RF, SAR, patrol and VMS sources. Note whether the gap area coincides with known IUU activity.",Previous point 2023-01-26T01:53:59.927738+00:00 → current point 2023-01-26T04:53:59.927738+00:00 (3.0 h silence).
BKB-0144,AIS_GAP,MEDIUM,70,510099999,2023-01-26T07:53:59.927738+00:00,-10.89967,143.20108,DARK VESSEL,Fishing,AIS gap of 3.0 h,"The vessel disappeared from the AIS source feed for longer than the configured threshold. This may indicate intentional disabling, poor coverage, equipment failure, or small-vessel below-threshold operation.","Review track before/after gap; cross-check RF, SAR, patrol and VMS sources. Note whether the gap area coincides with known IUU activity.",Previous point 2023-01-26T04:53:59.927738+00:00 → current point 2023-01-26T07:53:59.927738+00:00 (3.0 h silence).
BKB-0145,AIS_GAP,MEDIUM,70,510099999,2023-01-26T10:53:59.927738+00:00,-10.9133,143.14232,DARK VESSEL,Fishing,AIS gap of 3.0 h,"The vessel disappeared from the AIS source feed for longer than the configured threshold. This may indicate intentional disabling, poor coverage, equipment failure, or small-vessel below-threshold operation.","Review track before/after gap; cross-check RF, SAR, patrol and VMS sources. Note whether the gap area coincides with known IUU activity.",Previous point 2023-01-26T07:53:59.927738+00:00 → current point 2023-01-26T10:53:59.927738+00:00 (3.0 h silence).
BKB-0146,AIS_GAP,MEDIUM,70,510099999,2023-01-26T13:53:59.927738+00:00,-10.89912,143.20293,DARK VESSEL,Fishing,AIS gap of 3.0 h,"The vessel disappeared from the AIS source feed for longer than the configured threshold. This may indicate intentional disabling, poor coverage, equipment failure, or small-vessel below-threshold operation.","Review track before/after gap; cross-check RF, SAR, patrol and VMS sources. Note whether the gap area coincides with known IUU activity.",Previous point 2023-01-26T10:53:59.927738+00:00 → current point 2023-01-26T13:53:59.927738+00:00 (3.0 h silence).
BKB-0147,AIS_GAP,MEDIUM,70,510099999,2023-01-26T16:53:59.927738+00:00,-10.88959,143.25854,DARK VESSEL,Fishing,AIS gap of 3.0 h,"The vessel disappeared from the AIS source feed for longer than the configured threshold. This may indicate intentional disabling, poor coverage, equipment failure, or small-vessel below-threshold operation.","Review track before/after gap; cross-check RF, SAR, patrol and VMS sources. Note whether the gap area coincides with known IUU activity.",Previous point 2023-01-26T13:53:59.927738+00:00 → current point 2023-01-26T16:53:59.927738+00:00 (3.0 h silence).
BKB-0148,AIS_GAP,MEDIUM,70,510099999,2023-01-26T19:53:59.927738+00:00,-10.89967,143.19995,DARK VESSEL,Fishing,AIS gap of 3.0 h,"The vessel disappeared from the AIS source feed for longer than the configured threshold. This may indicate intentional disabling, poor coverage, equipment failure, or small-vessel below-threshold operation.","Review track before/after gap; cross-check RF, SAR, patrol and VMS sources. Note whether the gap area coincides with known IUU activity.",Previous point 2023-01-26T16:53:59.927738+00:00 → current point 2023-01-26T19:53:59.927738+00:00 (3.0 h silence).
BKB-0149,AIS_GAP,MEDIUM,70,510099999,2023-01-26T22:53:59.927738+00:00,-10.84379,143.17874,DARK VESSEL,Fishing,AIS gap of 3.0 h,"The vessel disappeared from the AIS source feed for longer than the configured threshold. This may indicate intentional disabling, poor coverage, equipment failure, or small-vessel below-threshold operation.","Review track before/after gap; cross-check RF, SAR, patrol and VMS sources. Note whether the gap area coincides with known IUU activity.",Previous point 2023-01-26T19:53:59.927738+00:00 → current point 2023-01-26T22:53:59.927738+00:00 (3.0 h silence).
BKB-0150,AIS_GAP,MEDIUM,70,510099999,2023-01-27T01:53:59.927738+00:00,-10.89934,143.20147,DARK VESSEL,Fishing,AIS gap of 3.0 h,"The vessel disappeared from the AIS source feed for longer than the configured threshold. This may indicate intentional disabling, poor coverage, equipment failure, or small-vessel below-threshold operation.","Review track before/after gap; cross-check RF, SAR, patrol and VMS sources. Note whether the gap area coincides with known IUU activity.",Previous point 2023-01-26T22:53:59.927738+00:00 → current point 2023-01-27T01:53:59.927738+00:00 (3.0 h silence).
BKB-0151,AIS_GAP,MEDIUM,70,510099999,2023-01-27T04:53:59.927738+00:00,-10.95905,143.19588,DARK VESSEL,Fishing,AIS gap of 3.0 h,"The vessel disappeared from the AIS source feed for longer than the configured threshold. This may indicate intentional disabling, poor coverage, equipment failure, or small-vessel below-threshold operation.","Review track before/after gap; cross-check RF, SAR, patrol and VMS sources. Note whether the gap area coincides with known IUU activity.",Previous point 2023-01-27T01:53:59.927738+00:00 → current point 2023-01-27T04:53:59.927738+00:00 (3.0 h silence).
BKB-0152,AIS_GAP,MEDIUM,70,510099999,2023-01-27T07:53:59.927738+00:00,-10.90008,143.19952,DARK VESSEL,Fishing,AIS gap of 3.0 h,"The vessel disappeared from the AIS source feed for longer than the configured threshold. This may indicate intentional disabling, poor coverage, equipment failure, or small-vessel below-threshold operation.","Review track before/after gap; cross-check RF, SAR, patrol and VMS sources. Note whether the gap area coincides with known IUU activity.",Previous point 2023-01-27T04:53:59.927738+00:00 → current point 2023-01-27T07:53:59.927738+00:00 (3.0 h silence).
BKB-0153,AIS_GAP,MEDIUM,70,510099999,2023-01-27T10:53:59.927738+00:00,-10.83868,143.19947,DARK VESSEL,Fishing,AIS gap of 3.0 h,"The vessel disappeared from the AIS source feed for longer than the configured threshold. This may indicate intentional disabling, poor coverage, equipment failure, or small-vessel below-threshold operation.","Review track before/after gap; cross-check RF, SAR, patrol and VMS sources. Note whether the gap area coincides with known IUU activity.",Previous point 2023-01-27T07:53:59.927738+00:00 → current point 2023-01-27T10:53:59.927738+00:00 (3.0 h silence).
BKB-0154,AIS_GAP,MEDIUM,70,510099999,2023-01-27T13:53:59.927738+00:00,-10.89948,143.19839,DARK VESSEL,Fishing,AIS gap of 3.0 h,"The vessel disappeared from the AIS source feed for longer than the configured threshold. This may indicate intentional disabling, poor coverage, equipment failure, or small-vessel below-threshold operation.","Review track before/after gap; cross-check RF, SAR, patrol and VMS sources. Note whether the gap area coincides with known IUU activity.",Previous point 2023-01-27T10:53:59.927738+00:00 → current point 2023-01-27T13:53:59.927738+00:00 (3.0 h silence).
BKB-0155,AIS_GAP,MEDIUM,70,510099999,2023-01-27T16:53:59.927738+00:00,-10.95054,143.23297,DARK VESSEL,Fishing,AIS gap of 3.0 h,"The vessel disappeared from the AIS source feed for longer than the configured threshold. This may indicate intentional disabling, poor coverage, equipment failure, or small-vessel below-threshold operation.","Review track before/after gap; cross-check RF, SAR, patrol and VMS sources. Note whether the gap area coincides with known IUU activity.",Previous point 2023-01-27T13:53:59.927738+00:00 → current point 2023-01-27T16:53:59.927738+00:00 (3.0 h silence).
BKB-0156,AIS_GAP,MEDIUM,70,510099999,2023-01-27T19:53:59.927738+00:00,-10.90109,143.19752,DARK VESSEL,Fishing,AIS gap of 3.0 h,"The vessel disappeared from the AIS source feed for longer than the configured threshold. This may indicate intentional disabling, poor coverage, equipment failure, or small-vessel below-threshold operation.","Review track before/after gap; cross-check RF, SAR, patrol and VMS sources. Note whether the gap area coincides with known IUU activity.",Previous point 2023-01-27T16:53:59.927738+00:00 → current point 2023-01-27T19:53:59.927738+00:00 (3.0 h silence).
BKB-0157,AIS_GAP,MEDIUM,70,510099999,2023-01-27T22:53:59.927738+00:00,-10.87153,143.14415,DARK VESSEL,Fishing,AIS gap of 3.0 h,"The vessel disappeared from the AIS source feed for longer than the configured threshold. This may indicate intentional disabling, poor coverage, equipment failure, or small-vessel below-threshold operation.","Review track before/after gap; cross-check RF, SAR, patrol and VMS sources. Note whether the gap area coincides with known IUU activity.",Previous point 2023-01-27T19:53:59.927738+00:00 → current point 2023-01-27T22:53:59.927738+00:00 (3.0 h silence).
BKB-0158,AIS_GAP,MEDIUM,70,510099999,2023-01-28T01:53:59.927738+00:00,-10.8998,143.20025,DARK VESSEL,Fishing,AIS gap of 3.0 h,"The vessel disappeared from the AIS source feed for longer than the configured threshold. This may indicate intentional disabling, poor coverage, equipment failure, or small-vessel below-threshold operation.","Review track before/after gap; cross-check RF, SAR, patrol and VMS sources. Note whether the gap area coincides with known IUU activity.",Previous point 2023-01-27T22:53:59.927738+00:00 → current point 2023-01-28T01:53:59.927738+00:00 (3.0 h silence).
BKB-0159,AIS_GAP,MEDIUM,70,510099999,2023-01-28T04:53:59.927738+00:00,-10.87478,143.25406,DARK VESSEL,Fishing,AIS gap of 3.0 h,"The vessel disappeared from the AIS source feed for longer than the configured threshold. This may indicate intentional disabling, poor coverage, equipment failure, or small-vessel below-threshold operation.","Review track before/after gap; cross-check RF, SAR, patrol and VMS sources. Note whether the gap area coincides with known IUU activity.",Previous point 2023-01-28T01:53:59.927738+00:00 → current point 2023-01-28T04:53:59.927738+00:00 (3.0 h silence).
BKB-0160,AIS_GAP,MEDIUM,70,510099999,2023-01-28T07:53:59.927738+00:00,-10.90012,143.20091,DARK VESSEL,Fishing,AIS gap of 3.0 h,"The vessel disappeared from the AIS source feed for longer than the configured threshold. This may indicate intentional disabling, poor coverage, equipment failure, or small-vessel below-threshold operation.","Review track before/after gap; cross-check RF, SAR, patrol and VMS sources. Note whether the gap area coincides with known IUU activity.",Previous point 2023-01-28T04:53:59.927738+00:00 → current point 2023-01-28T07:53:59.927738+00:00 (3.0 h silence).
BKB-0161,AIS_GAP,MEDIUM,70,510099999,2023-01-28T10:53:59.927738+00:00,-10.95902,143.20123,DARK VESSEL,Fishing,AIS gap of 3.0 h,"The vessel disappeared from the AIS source feed for longer than the configured threshold. This may indicate intentional disabling, poor coverage, equipment failure, or small-vessel below-threshold operation.","Review track before/after gap; cross-check RF, SAR, patrol and VMS sources. Note whether the gap area coincides with known IUU activity.",Previous point 2023-01-28T07:53:59.927738+00:00 → current point 2023-01-28T10:53:59.927738+00:00 (3.0 h silence).
BKB-0162,AIS_GAP,MEDIUM,70,510099999,2023-01-28T13:53:59.927738+00:00,-10.90033,143.20039,DARK VESSEL,Fishing,AIS gap of 3.0 h,"The vessel disappeared from the AIS source feed for longer than the configured threshold. This may indicate intentional disabling, poor coverage, equipment failure, or small-vessel below-threshold operation.","Review track before/after gap; cross-check RF, SAR, patrol and VMS sources. Note whether the gap area coincides with known IUU activity.",Previous point 2023-01-28T10:53:59.927738+00:00 → current point 2023-01-28T13:53:59.927738+00:00 (3.0 h silence).
BKB-0163,AIS_GAP,MEDIUM,70,510099999,2023-01-28T16:53:59.927738+00:00,-10.88964,143.13918,DARK VESSEL,Fishing,AIS gap of 3.0 h,"The vessel disappeared from the AIS source feed for longer than the configured threshold. This may indicate intentional disabling, poor coverage, equipment failure, or small-vessel below-threshold operation.","Review track before/after gap; cross-check RF, SAR, patrol and VMS sources. Note whether the gap area coincides with known IUU activity.",Previous point 2023-01-28T13:53:59.927738+00:00 → current point 2023-01-28T16:53:59.927738+00:00 (3.0 h silence).
BKB-0164,AIS_GAP,MEDIUM,70,510099999,2023-01-28T19:53:59.927738+00:00,-10.89969,143.1999,DARK VESSEL,Fishing,AIS gap of 3.0 h,"The vessel disappeared from the AIS source feed for longer than the configured threshold. This may indicate intentional disabling, poor coverage, equipment failure, or small-vessel below-threshold operation.","Review track before/after gap; cross-check RF, SAR, patrol and VMS sources. Note whether the gap area coincides with known IUU activity.",Previous point 2023-01-28T16:53:59.927738+00:00 → current point 2023-01-28T19:53:59.927738+00:00 (3.0 h silence).
BKB-0165,AIS_GAP,MEDIUM,70,510099999,2023-01-28T22:53:59.927738+00:00,-10.89761,143.25997,DARK VESSEL,Fishing,AIS gap of 3.0 h,"The vessel disappeared from the AIS source feed for longer than the configured threshold. This may indicate intentional disabling, poor coverage, equipment failure, or small-vessel below-threshold operation.","Review track before/after gap; cross-check RF, SAR, patrol and VMS sources. Note whether the gap area coincides with known IUU activity.",Previous point 2023-01-28T19:53:59.927738+00:00 → current point 2023-01-28T22:53:59.927738+00:00 (3.0 h silence).
BKB-0001,SENSITIVE_ZONE,LOW,52,51001004,2023-01-28T23:42:23.938225+00:00,-10.47623,141.94448,IDN FISHER 04,Fishing,Presence inside Torres Strait illustrative fisheries focus area,"The vessel is inside an illustrative monitoring zone. This is contextual enrichment, not an allegation of wrongdoing.",Use as a contextual feature alongside gap/loitering/rendezvous alerts rather than as a standalone escalation trigger.,Distance to zone centre 28.1 km; zone radius 80.0 km.
BKB-0002,SENSITIVE_ZONE,LOW,52,51001007,2023-01-28T23:47:57.853117+00:00,-10.27355,141.50687,IDN FISHER 07,Fishing,Presence inside Torres Strait illustrative fisheries focus area,"The vessel is inside an illustrative monitoring zone. This is contextual enrichment, not an allegation of wrongdoing.",Use as a contextual feature alongside gap/loitering/rendezvous alerts rather than as a standalone escalation trigger.,Distance to zone centre 79.9 km; zone radius 80.0 km.
